competition,season,country,team,matchday,snapshot_date,position,played,won,drawn,lost,goals_for,goals_against,goal_difference,points
LaLiga,2023/2024,Spain,Alaves,1,2023-08-11T19:59:00+00:00,1,0,0,0,0,0,0,0,0
LaLiga,2023/2024,Spain,Almeria,1,2023-08-11T19:59:00+00:00,2,0,0,0,0,0,0,0,0
LaLiga,2023/2024,Spain,Ath Bilbao,1,2023-08-11T19:59:00+00:00,3,0,0,0,0,0,0,0,0
LaLiga,2023/2024,Spain,Ath Madrid,1,2023-08-11T19:59:00+00:00,4,0,0,0,0,0,0,0,0
LaLiga,2023/2024,Spain,Barcelona,1,2023-08-11T19:59:00+00:00,5,0,0,0,0,0,0,0,0
LaLiga,2023/2024,Spain,Betis,1,2023-08-11T19:59:00+00:00,6,0,0,0,0,0,0,0,0
LaLiga,2023/2024,Spain,Cadiz,1,2023-08-11T19:59:00+00:00,7,0,0,0,0,0,0,0,0
LaLiga,2023/2024,Spain,Celta,1,2023-08-11T19:59:00+00:00,8,0,0,0,0,0,0,0,0
LaLiga,2023/2024,Spain,Getafe,1,2023-08-11T19:59:00+00:00,9,0,0,0,0,0,0,0,0
LaLiga,2023/2024,Spain,Girona,1,2023-08-11T19:59:00+00:00,10,0,0,0,0,0,0,0,0
LaLiga,2023/2024,Spain,Granada,1,2023-08-11T19:59:00+00:00,11,0,0,0,0,0,0,0,0
LaLiga,2023/2024,Spain,Las Palmas,1,2023-08-11T19:59:00+00:00,12,0,0,0,0,0,0,0,0
LaLiga,2023/2024,Spain,Mallorca,1,2023-08-11T19:59:00+00:00,13,0,0,0,0,0,0,0,0
LaLiga,2023/2024,Spain,Osasuna,1,2023-08-11T19:59:00+00:00,14,0,0,0,0,0,0,0,0
LaLiga,2023/2024,Spain,Real Madrid,1,2023-08-11T19:59:00+00:00,15,0,0,0,0,0,0,0,0
LaLiga,2023/2024,Spain,Sevilla,1,2023-08-11T19:59:00+00:00,16,0,0,0,0,0,0,0,0
LaLiga,2023/2024,Spain,Sociedad,1,2023-08-11T19:59:00+00:00,17,0,0,0,0,0,0,0,0
LaLiga,2023/2024,Spain,Valencia,1,2023-08-11T19:59:00+00:00,18,0,0,0,0,0,0,0,0
LaLiga,2023/2024,Spain,Vallecano,1,2023-08-11T19:59:00+00:00,19,0,0,0,0,0,0,0,0
LaLiga,2023/2024,Spain,Villarreal,1,2023-08-11T19:59:00+00:00,20,0,0,0,0,0,0,0,0
LaLiga,2023/2024,Spain,Ath Madrid,2,2023-08-18T19:59:00+00:00,1,1,1,0,0,3,1,2,3
LaLiga,2023/2024,Spain,Osasuna,2,2023-08-18T19:59:00+00:00,2,1,1,0,0,2,0,2,3
LaLiga,2023/2024,Spain,Real Madrid,2,2023-08-18T19:59:00+00:00,3,1,1,0,0,2,0,2,3
LaLiga,2023/2024,Spain,Vallecano,2,2023-08-18T19:59:00+00:00,4,1,1,0,0,2,0,2,3
LaLiga,2023/2024,Spain,Betis,2,2023-08-18T19:59:00+00:00,5,1,1,0,0,2,1,1,3
LaLiga,2023/2024,Spain,Valencia,2,2023-08-18T19:59:00+00:00,6,1,1,0,0,2,1,1,3
LaLiga,2023/2024,Spain,Cadiz,2,2023-08-18T19:59:00+00:00,7,1,1,0,0,1,0,1,3
LaLiga,2023/2024,Spain,Girona,2,2023-08-18T19:59:00+00:00,8,1,0,1,0,1,1,0,1
LaLiga,2023/2024,Spain,Las Palmas,2,2023-08-18T19:59:00+00:00,9,1,0,1,0,1,1,0,1
LaLiga,2023/2024,Spain,Mallorca,2,2023-08-18T19:59:00+00:00,10,1,0,1,0,1,1,0,1
LaLiga,2023/2024,Spain,Sociedad,2,2023-08-18T19:59:00+00:00,11,1,0,1,0,1,1,0,1
LaLiga,2023/2024,Spain,Barcelona,2,2023-08-18T19:59:00+00:00,12,1,0,1,0,0,0,0,1
LaLiga,2023/2024,Spain,Getafe,2,2023-08-18T19:59:00+00:00,13,1,0,1,0,0,0,0,1
LaLiga,2023/2024,Spain,Sevilla,2,2023-08-18T19:59:00+00:00,14,1,0,0,1,1,2,-1,0
LaLiga,2023/2024,Spain,Villarreal,2,2023-08-18T19:59:00+00:00,15,1,0,0,1,1,2,-1,0
LaLiga,2023/2024,Spain,Alaves,2,2023-08-18T19:59:00+00:00,16,1,0,0,1,0,1,-1,0
LaLiga,2023/2024,Spain,Granada,2,2023-08-18T19:59:00+00:00,17,1,0,0,1,1,3,-2,0
LaLiga,2023/2024,Spain,Almeria,2,2023-08-18T19:59:00+00:00,18,1,0,0,1,0,2,-2,0
LaLiga,2023/2024,Spain,Ath Bilbao,2,2023-08-18T19:59:00+00:00,19,1,0,0,1,0,2,-2,0
LaLiga,2023/2024,Spain,Celta,2,2023-08-18T19:59:00+00:00,20,1,0,0,1,0,2,-2,0
LaLiga,2023/2024,Spain,Real Madrid,3,2023-08-25T19:59:00+00:00,1,2,2,0,0,5,1,4,6
LaLiga,2023/2024,Spain,Vallecano,3,2023-08-25T19:59:00+00:00,2,2,2,0,0,4,0,4,6
LaLiga,2023/2024,Spain,Valencia,3,2023-08-25T19:59:00+00:00,3,2,2,0,0,3,1,2,6
LaLiga,2023/2024,Spain,Girona,3,2023-08-25T19:59:00+00:00,4,2,1,1,0,4,1,3,4
LaLiga,2023/2024,Spain,Ath Madrid,3,2023-08-25T19:59:00+00:00,5,2,1,1,0,3,1,2,4
LaLiga,2023/2024,Spain,Barcelona,3,2023-08-25T19:59:00+00:00,6,2,1,1,0,2,0,2,4
LaLiga,2023/2024,Spain,Betis,3,2023-08-25T19:59:00+00:00,7,2,1,1,0,2,1,1,4
LaLiga,2023/2024,Spain,Alaves,3,2023-08-25T19:59:00+00:00,8,2,1,0,1,4,4,0,3
LaLiga,2023/2024,Spain,Ath Bilbao,3,2023-08-25T19:59:00+00:00,9,2,1,0,1,2,2,0,3
LaLiga,2023/2024,Spain,Osasuna,3,2023-08-25T19:59:00+00:00,10,2,1,0,1,2,2,0,3
LaLiga,2023/2024,Spain,Villarreal,3,2023-08-25T19:59:00+00:00,11,2,1,0,1,2,2,0,3
LaLiga,2023/2024,Spain,Cadiz,3,2023-08-25T19:59:00+00:00,12,2,1,0,1,1,2,-1,3
LaLiga,2023/2024,Spain,Sociedad,3,2023-08-25T19:59:00+00:00,13,2,0,2,0,2,2,0,2
LaLiga,2023/2024,Spain,Las Palmas,3,2023-08-25T19:59:00+00:00,14,2,0,1,1,1,2,-1,1
LaLiga,2023/2024,Spain,Mallorca,3,2023-08-25T19:59:00+00:00,15,2,0,1,1,1,2,-1,1
LaLiga,2023/2024,Spain,Celta,3,2023-08-25T19:59:00+00:00,16,2,0,1,1,1,3,-2,1
LaLiga,2023/2024,Spain,Getafe,3,2023-08-25T19:59:00+00:00,17,2,0,1,1,0,3,-3,1
LaLiga,2023/2024,Spain,Sevilla,3,2023-08-25T19:59:00+00:00,18,2,0,0,2,4,6,-2,0
LaLiga,2023/2024,Spain,Almeria,3,2023-08-25T19:59:00+00:00,19,2,0,0,2,1,5,-4,0
LaLiga,2023/2024,Spain,Granada,3,2023-08-25T19:59:00+00:00,20,2,0,0,2,1,5,-4,0
LaLiga,2023/2024,Spain,Real Madrid,4,2023-09-01T19:59:00+00:00,1,3,3,0,0,6,1,5,9
LaLiga,2023/2024,Spain,Ath Madrid,4,2023-09-01T19:59:00+00:00,2,3,2,1,0,10,1,9,7
LaLiga,2023/2024,Spain,Girona,4,2023-09-01T19:59:00+00:00,3,3,2,1,0,6,2,4,7
LaLiga,2023/2024,Spain,Barcelona,4,2023-09-01T19:59:00+00:00,4,3,2,1,0,6,3,3,7
LaLiga,2023/2024,Spain,Ath Bilbao,4,2023-09-01T19:59:00+00:00,5,3,2,0,1,6,4,2,6
LaLiga,2023/2024,Spain,Osasuna,4,2023-09-01T19:59:00+00:00,6,3,2,0,1,4,3,1,6
LaLiga,2023/2024,Spain,Valencia,4,2023-09-01T19:59:00+00:00,7,3,2,0,1,4,3,1,6
LaLiga,2023/2024,Spain,Vallecano,4,2023-09-01T19:59:00+00:00,8,3,2,0,1,4,7,-3,6
LaLiga,2023/2024,Spain,Betis,4,2023-09-01T19:59:00+00:00,9,3,1,1,1,4,5,-1,4
LaLiga,2023/2024,Spain,Cadiz,4,2023-09-01T19:59:00+00:00,10,3,1,1,1,2,3,-1,4
LaLiga,2023/2024,Spain,Getafe,4,2023-09-01T19:59:00+00:00,11,3,1,1,1,1,3,-2,4
LaLiga,2023/2024,Spain,Sociedad,4,2023-09-01T19:59:00+00:00,12,3,0,3,0,2,2,0,3
LaLiga,2023/2024,Spain,Villarreal,4,2023-09-01T19:59:00+00:00,13,3,1,0,2,5,6,-1,3
LaLiga,2023/2024,Spain,Alaves,4,2023-09-01T19:59:00+00:00,14,3,1,0,2,4,5,-1,3
LaLiga,2023/2024,Spain,Granada,4,2023-09-01T19:59:00+00:00,15,3,1,0,2,4,7,-3,3
LaLiga,2023/2024,Spain,Las Palmas,4,2023-09-01T19:59:00+00:00,16,3,0,2,1,1,2,-1,2
LaLiga,2023/2024,Spain,Mallorca,4,2023-09-01T19:59:00+00:00,17,3,0,1,2,3,5,-2,1
LaLiga,2023/2024,Spain,Celta,4,2023-09-01T19:59:00+00:00,18,3,0,1,2,1,4,-3,1
LaLiga,2023/2024,Spain,Almeria,4,2023-09-01T19:59:00+00:00,19,3,0,1,2,2,6,-4,1
LaLiga,2023/2024,Spain,Sevilla,4,2023-09-01T19:59:00+00:00,20,3,0,0,3,5,8,-3,0
LaLiga,2023/2024,Spain,Real Madrid,5,2023-09-16T19:59:00+00:00,1,4,4,0,0,8,2,6,12
LaLiga,2023/2024,Spain,Girona,5,2023-09-16T19:59:00+00:00,2,4,3,1,0,7,2,5,10
LaLiga,2023/2024,Spain,Barcelona,5,2023-09-16T19:59:00+00:00,3,4,3,1,0,8,4,4,10
LaLiga,2023/2024,Spain,Vallecano,5,2023-09-16T19:59:00+00:00,4,5,3,0,2,6,8,-2,9
LaLiga,2023/2024,Spain,Ath Madrid,5,2023-09-16T19:59:00+00:00,5,3,2,1,0,10,1,9,7
LaLiga,2023/2024,Spain,Ath Bilbao,5,2023-09-16T19:59:00+00:00,6,4,2,1,1,6,4,2,7
LaLiga,2023/2024,Spain,Cadiz,5,2023-09-16T19:59:00+00:00,7,4,2,1,1,5,4,1,7
LaLiga,2023/2024,Spain,Betis,5,2023-09-16T19:59:00+00:00,8,4,2,1,1,5,5,0,7
LaLiga,2023/2024,Spain,Sociedad,5,2023-09-16T19:59:00+00:00,9,4,1,3,0,7,5,2,6
LaLiga,2023/2024,Spain,Osasuna,5,2023-09-16T19:59:00+00:00,10,4,2,0,2,5,5,0,6
LaLiga,2023/2024,Spain,Valencia,5,2023-09-16T19:59:00+00:00,11,4,2,0,2,4,4,0,6
LaLiga,2023/2024,Spain,Alaves,5,2023-09-16T19:59:00+00:00,12,5,2,0,3,5,7,-2,6
LaLiga,2023/2024,Spain,Celta,5,2023-09-16T19:59:00+00:00,13,4,1,1,2,4,6,-2,4
LaLiga,2023/2024,Spain,Getafe,5,2023-09-16T19:59:00+00:00,14,4,1,1,2,2,5,-3,4
LaLiga,2023/2024,Spain,Villarreal,5,2023-09-16T19:59:00+00:00,15,4,1,0,3,6,9,-3,3
LaLiga,2023/2024,Spain,Granada,5,2023-09-16T19:59:00+00:00,16,4,1,0,3,7,12,-5,3
LaLiga,2023/2024,Spain,Mallorca,5,2023-09-16T19:59:00+00:00,17,4,0,2,2,3,5,-2,2
LaLiga,2023/2024,Spain,Las Palmas,5,2023-09-16T19:59:00+00:00,18,4,0,2,2,1,3,-2,2
LaLiga,2023/2024,Spain,Almeria,5,2023-09-16T19:59:00+00:00,19,4,0,1,3,4,9,-5,1
LaLiga,2023/2024,Spain,Sevilla,5,2023-09-16T19:59:00+00:00,20,3,0,0,3,5,8,-3,0
LaLiga,2023/2024,Spain,Real Madrid,6,2023-09-23T19:59:00+00:00,1,5,5,0,0,10,3,7,15
LaLiga,2023/2024,Spain,Barcelona,6,2023-09-23T19:59:00+00:00,2,5,4,1,0,13,4,9,13
LaLiga,2023/2024,Spain,Ath Bilbao,6,2023-09-23T19:59:00+00:00,3,6,4,1,1,11,4,7,13
LaLiga,2023/2024,Spain,Girona,6,2023-09-23T19:59:00+00:00,4,5,4,1,0,11,4,7,13
LaLiga,2023/2024,Spain,Valencia,6,2023-09-23T19:59:00+00:00,5,5,3,0,2,7,4,3,9
LaLiga,2023/2024,Spain,Vallecano,6,2023-09-23T19:59:00+00:00,6,5,3,0,2,6,8,-2,9
LaLiga,2023/2024,Spain,Ath Madrid,6,2023-09-23T19:59:00+00:00,7,4,2,1,1,10,4,6,7
LaLiga,2023/2024,Spain,Cadiz,6,2023-09-23T19:59:00+00:00,8,5,2,1,2,5,7,-2,7
LaLiga,2023/2024,Spain,Getafe,6,2023-09-23T19:59:00+00:00,9,5,2,1,2,5,7,-2,7
LaLiga,2023/2024,Spain,Betis,6,2023-09-23T19:59:00+00:00,10,5,2,1,2,5,10,-5,7
LaLiga,2023/2024,Spain,Sociedad,6,2023-09-23T19:59:00+00:00,11,5,1,3,1,8,7,1,6
LaLiga,2023/2024,Spain,Osasuna,6,2023-09-23T19:59:00+00:00,12,5,2,0,3,7,8,-1,6
LaLiga,2023/2024,Spain,Villarreal,6,2023-09-23T19:59:00+00:00,13,5,2,0,3,8,10,-2,6
LaLiga,2023/2024,Spain,Alaves,6,2023-09-23T19:59:00+00:00,14,6,2,0,4,5,9,-4,6
LaLiga,2023/2024,Spain,Mallorca,6,2023-09-23T19:59:00+00:00,15,5,1,2,2,4,5,-1,5
LaLiga,2023/2024,Spain,Celta,6,2023-09-23T19:59:00+00:00,16,5,1,1,3,4,7,-3,4
LaLiga,2023/2024,Spain,Sevilla,6,2023-09-23T19:59:00+00:00,17,4,1,0,3,6,8,-2,3
LaLiga,2023/2024,Spain,Granada,6,2023-09-23T19:59:00+00:00,18,5,1,0,4,9,16,-7,3
LaLiga,2023/2024,Spain,Las Palmas,6,2023-09-23T19:59:00+00:00,19,5,0,2,3,1,4,-3,2
LaLiga,2023/2024,Spain,Almeria,6,2023-09-23T19:59:00+00:00,20,5,0,1,4,5,11,-6,1
LaLiga,2023/2024,Spain,Barcelona,7,2023-09-26T19:59:00+00:00,1,7,5,2,0,18,8,10,17
LaLiga,2023/2024,Spain,Girona,7,2023-09-26T19:59:00+00:00,2,6,5,1,0,16,7,9,16
LaLiga,2023/2024,Spain,Real Madrid,7,2023-09-26T19:59:00+00:00,3,6,5,0,1,11,6,5,15
LaLiga,2023/2024,Spain,Ath Bilbao,7,2023-09-26T19:59:00+00:00,4,6,4,1,1,11,4,7,13
LaLiga,2023/2024,Spain,Ath Madrid,7,2023-09-26T19:59:00+00:00,5,5,3,1,1,13,5,8,10
LaLiga,2023/2024,Spain,Valencia,7,2023-09-26T19:59:00+00:00,6,6,3,1,2,9,6,3,10
LaLiga,2023/2024,Spain,Vallecano,7,2023-09-26T19:59:00+00:00,7,6,3,1,2,7,9,-2,10
LaLiga,2023/2024,Spain,Sociedad,7,2023-09-26T19:59:00+00:00,8,6,2,3,1,12,10,2,9
LaLiga,2023/2024,Spain,Cadiz,7,2023-09-26T19:59:00+00:00,9,6,2,2,2,6,8,-2,8
LaLiga,2023/2024,Spain,Betis,7,2023-09-26T19:59:00+00:00,10,6,2,2,2,6,11,-5,8
LaLiga,2023/2024,Spain,Osasuna,7,2023-09-26T19:59:00+00:00,11,6,2,1,3,7,8,-1,7
LaLiga,2023/2024,Spain,Villarreal,7,2023-09-26T19:59:00+00:00,12,6,2,1,3,9,11,-2,7
LaLiga,2023/2024,Spain,Getafe,7,2023-09-26T19:59:00+00:00,13,6,2,1,3,8,11,-3,7
LaLiga,2023/2024,Spain,Mallorca,7,2023-09-26T19:59:00+00:00,14,7,1,3,3,9,12,-3,6
LaLiga,2023/2024,Spain,Alaves,7,2023-09-26T19:59:00+00:00,15,6,2,0,4,5,9,-4,6
LaLiga,2023/2024,Spain,Las Palmas,7,2023-09-26T19:59:00+00:00,16,6,1,2,3,2,4,-2,5
LaLiga,2023/2024,Spain,Sevilla,7,2023-09-26T19:59:00+00:00,17,5,1,1,3,6,8,-2,4
LaLiga,2023/2024,Spain,Celta,7,2023-09-26T19:59:00+00:00,18,6,1,1,4,6,10,-4,4
LaLiga,2023/2024,Spain,Granada,7,2023-09-26T19:59:00+00:00,19,6,1,0,5,9,17,-8,3
LaLiga,2023/2024,Spain,Almeria,7,2023-09-26T19:59:00+00:00,20,6,0,2,4,7,13,-6,2
LaLiga,2023/2024,Spain,Barcelona,8,2023-09-30T19:59:00+00:00,1,8,6,2,0,19,8,11,20
LaLiga,2023/2024,Spain,Girona,8,2023-09-30T19:59:00+00:00,2,7,6,1,0,18,8,10,19
LaLiga,2023/2024,Spain,Real Madrid,8,2023-09-30T19:59:00+00:00,3,7,6,0,1,13,6,7,18
LaLiga,2023/2024,Spain,Ath Bilbao,8,2023-09-30T19:59:00+00:00,4,7,4,2,1,13,6,7,14
LaLiga,2023/2024,Spain,Ath Madrid,8,2023-09-30T19:59:00+00:00,5,6,4,1,1,15,5,10,13
LaLiga,2023/2024,Spain,Sociedad,8,2023-09-30T19:59:00+00:00,6,7,3,3,1,13,10,3,12
LaLiga,2023/2024,Spain,Vallecano,8,2023-09-30T19:59:00+00:00,7,7,3,2,2,7,9,-2,11
LaLiga,2023/2024,Spain,Valencia,8,2023-09-30T19:59:00+00:00,8,7,3,1,3,9,7,2,10
LaLiga,2023/2024,Spain,Cadiz,8,2023-09-30T19:59:00+00:00,9,7,2,3,2,6,8,-2,9
LaLiga,2023/2024,Spain,Betis,8,2023-09-30T19:59:00+00:00,10,7,2,3,2,7,12,-5,9
LaLiga,2023/2024,Spain,Getafe,8,2023-09-30T19:59:00+00:00,11,7,2,2,3,10,13,-3,8
LaLiga,2023/2024,Spain,Sevilla,8,2023-09-30T19:59:00+00:00,12,7,2,1,4,11,10,1,7
LaLiga,2023/2024,Spain,Villarreal,8,2023-09-30T19:59:00+00:00,13,7,2,1,4,10,13,-3,7
LaLiga,2023/2024,Spain,Osasuna,8,2023-09-30T19:59:00+00:00,14,7,2,1,4,7,10,-3,7
LaLiga,2023/2024,Spain,Alaves,8,2023-09-30T19:59:00+00:00,15,7,2,1,4,6,10,-4,7
LaLiga,2023/2024,Spain,Mallorca,8,2023-09-30T19:59:00+00:00,16,7,1,3,3,9,12,-3,6
LaLiga,2023/2024,Spain,Celta,8,2023-09-30T19:59:00+00:00,17,7,1,2,4,7,11,-4,5
LaLiga,2023/2024,Spain,Las Palmas,8,2023-09-30T19:59:00+00:00,18,7,1,2,4,2,6,-4,5
LaLiga,2023/2024,Spain,Granada,8,2023-09-30T19:59:00+00:00,19,7,1,1,5,10,18,-8,4
LaLiga,2023/2024,Spain,Almeria,8,2023-09-30T19:59:00+00:00,20,7,0,2,5,8,18,-10,2
LaLiga,2023/2024,Spain,Real Madrid,9,2023-10-07T19:59:00+00:00,1,8,7,0,1,16,6,10,21
LaLiga,2023/2024,Spain,Barcelona,9,2023-10-07T19:59:00+00:00,2,8,6,2,0,19,8,11,20
LaLiga,2023/2024,Spain,Girona,9,2023-10-07T19:59:00+00:00,3,8,6,1,1,18,11,7,19
LaLiga,2023/2024,Spain,Ath Bilbao,9,2023-10-07T19:59:00+00:00,4,9,5,2,2,16,9,7,17
LaLiga,2023/2024,Spain,Ath Madrid,9,2023-10-07T19:59:00+00:00,5,7,5,1,1,18,7,11,16
LaLiga,2023/2024,Spain,Sociedad,9,2023-10-07T19:59:00+00:00,6,8,4,3,1,16,10,6,15
LaLiga,2023/2024,Spain,Betis,9,2023-10-07T19:59:00+00:00,7,8,3,3,2,10,12,-2,12
LaLiga,2023/2024,Spain,Vallecano,9,2023-10-07T19:59:00+00:00,8,8,3,3,2,9,11,-2,12
LaLiga,2023/2024,Spain,Osasuna,9,2023-10-07T19:59:00+00:00,9,8,3,1,4,9,10,-1,10
LaLiga,2023/2024,Spain,Valencia,9,2023-10-07T19:59:00+00:00,10,8,3,1,4,9,10,-1,10
LaLiga,2023/2024,Spain,Getafe,9,2023-10-07T19:59:00+00:00,11,8,2,3,3,10,13,-3,9
LaLiga,2023/2024,Spain,Cadiz,9,2023-10-07T19:59:00+00:00,12,8,2,3,3,8,11,-3,9
LaLiga,2023/2024,Spain,Villarreal,9,2023-10-07T19:59:00+00:00,13,8,2,2,4,10,13,-3,8
LaLiga,2023/2024,Spain,Las Palmas,9,2023-10-07T19:59:00+00:00,14,8,2,2,4,4,7,-3,8
LaLiga,2023/2024,Spain,Sevilla,9,2023-10-07T19:59:00+00:00,15,7,2,1,4,11,10,1,7
LaLiga,2023/2024,Spain,Mallorca,9,2023-10-07T19:59:00+00:00,16,8,1,4,3,11,14,-3,7
LaLiga,2023/2024,Spain,Alaves,9,2023-10-07T19:59:00+00:00,17,8,2,1,5,6,12,-6,7
LaLiga,2023/2024,Spain,Celta,9,2023-10-07T19:59:00+00:00,18,8,1,2,5,8,13,-5,5
LaLiga,2023/2024,Spain,Granada,9,2023-10-07T19:59:00+00:00,19,8,1,2,5,13,21,-8,5
LaLiga,2023/2024,Spain,Almeria,9,2023-10-07T19:59:00+00:00,20,9,0,3,6,11,24,-13,3
LaLiga,2023/2024,Spain,Real Madrid,10,2023-10-21T19:59:00+00:00,1,9,8,0,1,20,6,14,24
LaLiga,2023/2024,Spain,Girona,10,2023-10-21T19:59:00+00:00,2,9,7,1,1,19,11,8,22
LaLiga,2023/2024,Spain,Barcelona,10,2023-10-21T19:59:00+00:00,3,9,6,3,0,21,10,11,21
LaLiga,2023/2024,Spain,Ath Madrid,10,2023-10-21T19:59:00+00:00,4,8,6,1,1,20,8,12,19
LaLiga,2023/2024,Spain,Ath Bilbao,10,2023-10-21T19:59:00+00:00,5,9,5,2,2,16,9,7,17
LaLiga,2023/2024,Spain,Sociedad,10,2023-10-21T19:59:00+00:00,6,9,4,3,2,17,12,5,15
LaLiga,2023/2024,Spain,Betis,10,2023-10-21T19:59:00+00:00,7,9,3,4,2,11,13,-2,13
LaLiga,2023/2024,Spain,Vallecano,10,2023-10-21T19:59:00+00:00,8,9,3,4,2,11,13,-2,13
LaLiga,2023/2024,Spain,Osasuna,10,2023-10-21T19:59:00+00:00,9,10,4,1,5,11,14,-3,13
LaLiga,2023/2024,Spain,Valencia,10,2023-10-21T19:59:00+00:00,10,9,3,2,4,10,11,-1,11
LaLiga,2023/2024,Spain,Las Palmas,10,2023-10-21T19:59:00+00:00,11,9,3,2,4,6,8,-2,11
LaLiga,2023/2024,Spain,Getafe,10,2023-10-21T19:59:00+00:00,12,9,2,4,3,12,15,-3,10
LaLiga,2023/2024,Spain,Cadiz,10,2023-10-21T19:59:00+00:00,13,9,2,3,4,8,12,-4,9
LaLiga,2023/2024,Spain,Sevilla,10,2023-10-21T19:59:00+00:00,14,8,2,2,4,13,12,1,8
LaLiga,2023/2024,Spain,Mallorca,10,2023-10-21T19:59:00+00:00,15,9,1,5,3,12,15,-3,8
LaLiga,2023/2024,Spain,Villarreal,10,2023-10-21T19:59:00+00:00,16,9,2,2,5,11,15,-4,8
LaLiga,2023/2024,Spain,Alaves,10,2023-10-21T19:59:00+00:00,17,9,2,2,5,7,13,-6,8
LaLiga,2023/2024,Spain,Celta,10,2023-10-21T19:59:00+00:00,18,9,1,3,5,10,15,-5,6
LaLiga,2023/2024,Spain,Granada,10,2023-10-21T19:59:00+00:00,19,10,1,3,6,15,25,-10,6
LaLiga,2023/2024,Spain,Almeria,10,2023-10-21T19:59:00+00:00,20,9,0,3,6,11,24,-13,3
LaLiga,2023/2024,Spain,Girona,11,2023-10-28T19:59:00+00:00,1,11,9,1,1,25,13,12,28
LaLiga,2023/2024,Spain,Real Madrid,11,2023-10-28T19:59:00+00:00,2,10,8,1,1,21,7,14,25
LaLiga,2023/2024,Spain,Barcelona,11,2023-10-28T19:59:00+00:00,3,10,7,3,0,22,10,12,24
LaLiga,2023/2024,Spain,Ath Madrid,11,2023-10-28T19:59:00+00:00,4,9,7,1,1,23,8,15,22
LaLiga,2023/2024,Spain,Sociedad,11,2023-10-28T19:59:00+00:00,5,10,5,3,2,18,12,6,18
LaLiga,2023/2024,Spain,Ath Bilbao,11,2023-10-28T19:59:00+00:00,6,10,5,2,3,16,10,6,17
LaLiga,2023/2024,Spain,Vallecano,11,2023-10-28T19:59:00+00:00,7,10,4,4,2,12,13,-1,16
LaLiga,2023/2024,Spain,Valencia,11,2023-10-28T19:59:00+00:00,8,10,4,2,4,12,11,1,14
LaLiga,2023/2024,Spain,Betis,11,2023-10-28T19:59:00+00:00,9,10,3,5,2,12,14,-2,14
LaLiga,2023/2024,Spain,Osasuna,11,2023-10-28T19:59:00+00:00,10,10,4,1,5,11,14,-3,13
LaLiga,2023/2024,Spain,Getafe,11,2023-10-28T19:59:00+00:00,11,10,2,5,3,13,16,-3,11
LaLiga,2023/2024,Spain,Las Palmas,11,2023-10-28T19:59:00+00:00,12,10,3,2,5,6,9,-3,11
LaLiga,2023/2024,Spain,Sevilla,11,2023-10-28T19:59:00+00:00,13,9,2,3,4,14,13,1,9
LaLiga,2023/2024,Spain,Villarreal,11,2023-10-28T19:59:00+00:00,14,10,2,3,5,12,16,-4,9
LaLiga,2023/2024,Spain,Alaves,11,2023-10-28T19:59:00+00:00,15,10,2,3,5,8,14,-6,9
LaLiga,2023/2024,Spain,Cadiz,11,2023-10-28T19:59:00+00:00,16,10,2,3,5,8,14,-6,9
LaLiga,2023/2024,Spain,Mallorca,11,2023-10-28T19:59:00+00:00,17,10,1,5,4,12,16,-4,8
LaLiga,2023/2024,Spain,Celta,11,2023-10-28T19:59:00+00:00,18,11,1,3,7,10,19,-9,6
LaLiga,2023/2024,Spain,Granada,11,2023-10-28T19:59:00+00:00,19,10,1,3,6,15,25,-10,6
LaLiga,2023/2024,Spain,Almeria,11,2023-10-28T19:59:00+00:00,20,10,0,3,7,13,29,-16,3
LaLiga,2023/2024,Spain,Real Madrid,12,2023-11-04T19:59:00+00:00,1,11,9,1,1,23,8,15,28
LaLiga,2023/2024,Spain,Girona,12,2023-11-04T19:59:00+00:00,2,11,9,1,1,25,13,12,28
LaLiga,2023/2024,Spain,Ath Madrid,12,2023-11-04T19:59:00+00:00,3,11,8,1,2,26,11,15,25
LaLiga,2023/2024,Spain,Barcelona,12,2023-11-04T19:59:00+00:00,4,11,7,3,1,23,12,11,24
LaLiga,2023/2024,Spain,Sociedad,12,2023-11-04T19:59:00+00:00,5,11,5,4,2,20,14,6,19
LaLiga,2023/2024,Spain,Ath Bilbao,12,2023-11-04T19:59:00+00:00,6,11,5,3,3,18,12,6,18
LaLiga,2023/2024,Spain,Betis,12,2023-11-04T19:59:00+00:00,7,11,4,5,2,14,15,-1,17
LaLiga,2023/2024,Spain,Vallecano,12,2023-11-04T19:59:00+00:00,8,11,4,5,2,14,15,-1,17
LaLiga,2023/2024,Spain,Las Palmas,12,2023-11-04T19:59:00+00:00,9,12,5,2,5,10,11,-1,17
LaLiga,2023/2024,Spain,Valencia,12,2023-11-04T19:59:00+00:00,10,11,4,3,4,14,13,1,15
LaLiga,2023/2024,Spain,Osasuna,12,2023-11-04T19:59:00+00:00,11,11,4,1,6,12,16,-4,13
LaLiga,2023/2024,Spain,Villarreal,12,2023-11-04T19:59:00+00:00,12,11,3,3,5,15,18,-3,12
LaLiga,2023/2024,Spain,Getafe,12,2023-11-04T19:59:00+00:00,13,11,2,6,3,13,16,-3,12
LaLiga,2023/2024,Spain,Sevilla,12,2023-11-04T19:59:00+00:00,14,10,2,4,4,16,15,1,10
LaLiga,2023/2024,Spain,Cadiz,12,2023-11-04T19:59:00+00:00,15,11,2,4,5,10,16,-6,10
LaLiga,2023/2024,Spain,Mallorca,12,2023-11-04T19:59:00+00:00,16,11,1,6,4,12,16,-4,9
LaLiga,2023/2024,Spain,Alaves,12,2023-11-04T19:59:00+00:00,17,11,2,3,6,9,16,-7,9
LaLiga,2023/2024,Spain,Celta,12,2023-11-04T19:59:00+00:00,18,11,1,3,7,10,19,-9,6
LaLiga,2023/2024,Spain,Granada,12,2023-11-04T19:59:00+00:00,19,11,1,3,7,17,28,-11,6
LaLiga,2023/2024,Spain,Almeria,12,2023-11-04T19:59:00+00:00,20,11,0,3,8,14,31,-17,3
LaLiga,2023/2024,Spain,Girona,13,2023-11-11T19:59:00+00:00,1,12,10,1,1,29,15,14,31
LaLiga,2023/2024,Spain,Real Madrid,13,2023-11-11T19:59:00+00:00,2,12,9,2,1,23,8,15,29
LaLiga,2023/2024,Spain,Barcelona,13,2023-11-11T19:59:00+00:00,3,12,8,3,1,24,12,12,27
LaLiga,2023/2024,Spain,Ath Madrid,13,2023-11-11T19:59:00+00:00,4,11,8,1,2,26,11,15,25
LaLiga,2023/2024,Spain,Ath Bilbao,13,2023-11-11T19:59:00+00:00,5,13,7,3,3,25,17,8,24
LaLiga,2023/2024,Spain,Betis,13,2023-11-11T19:59:00+00:00,6,12,5,5,2,16,15,1,20
LaLiga,2023/2024,Spain,Sociedad,13,2023-11-11T19:59:00+00:00,7,12,5,4,3,20,15,5,19
LaLiga,2023/2024,Spain,Valencia,13,2023-11-11T19:59:00+00:00,8,12,5,3,4,15,13,2,18
LaLiga,2023/2024,Spain,Vallecano,13,2023-11-11T19:59:00+00:00,9,12,4,6,2,14,15,-1,18
LaLiga,2023/2024,Spain,Las Palmas,13,2023-11-11T19:59:00+00:00,10,12,5,2,5,10,11,-1,17
LaLiga,2023/2024,Spain,Getafe,13,2023-11-11T19:59:00+00:00,11,12,3,6,3,14,16,-2,15
LaLiga,2023/2024,Spain,Osasuna,13,2023-11-11T19:59:00+00:00,12,12,4,1,7,14,20,-6,13
LaLiga,2023/2024,Spain,Villarreal,13,2023-11-11T19:59:00+00:00,13,12,3,3,6,17,21,-4,12
LaLiga,2023/2024,Spain,Alaves,13,2023-11-11T19:59:00+00:00,14,12,3,3,6,10,16,-6,12
LaLiga,2023/2024,Spain,Sevilla,13,2023-11-11T19:59:00+00:00,15,11,2,5,4,17,16,1,11
LaLiga,2023/2024,Spain,Cadiz,13,2023-11-11T19:59:00+00:00,16,12,2,4,6,10,17,-7,10
LaLiga,2023/2024,Spain,Mallorca,13,2023-11-11T19:59:00+00:00,17,12,1,6,5,12,18,-6,9
LaLiga,2023/2024,Spain,Celta,13,2023-11-11T19:59:00+00:00,18,13,1,4,8,14,24,-10,7
LaLiga,2023/2024,Spain,Granada,13,2023-11-11T19:59:00+00:00,19,12,1,3,8,17,29,-12,6
LaLiga,2023/2024,Spain,Almeria,13,2023-11-11T19:59:00+00:00,20,12,0,3,9,14,32,-18,3
LaLiga,2023/2024,Spain,Girona,14,2023-11-25T19:59:00+00:00,1,13,11,1,1,31,16,15,34
LaLiga,2023/2024,Spain,Real Madrid,14,2023-11-25T19:59:00+00:00,2,13,10,2,1,28,9,19,32
LaLiga,2023/2024,Spain,Ath Madrid,14,2023-11-25T19:59:00+00:00,3,13,10,1,2,30,12,18,31
LaLiga,2023/2024,Spain,Barcelona,14,2023-11-25T19:59:00+00:00,4,13,9,3,1,26,13,13,30
LaLiga,2023/2024,Spain,Ath Bilbao,14,2023-11-25T19:59:00+00:00,5,13,7,3,3,25,17,8,24
LaLiga,2023/2024,Spain,Sociedad,14,2023-11-25T19:59:00+00:00,6,13,6,4,3,23,16,7,22
LaLiga,2023/2024,Spain,Betis,14,2023-11-25T19:59:00+00:00,7,13,5,6,2,17,16,1,21
LaLiga,2023/2024,Spain,Las Palmas,14,2023-11-25T19:59:00+00:00,8,13,5,3,5,11,12,-1,18
LaLiga,2023/2024,Spain,Valencia,14,2023-11-25T19:59:00+00:00,9,13,5,3,5,16,18,-2,18
LaLiga,2023/2024,Spain,Vallecano,14,2023-11-25T19:59:00+00:00,10,13,4,6,3,15,17,-2,18
LaLiga,2023/2024,Spain,Getafe,14,2023-11-25T19:59:00+00:00,11,13,3,7,3,15,17,-2,16
LaLiga,2023/2024,Spain,Alaves,14,2023-11-25T19:59:00+00:00,12,14,4,3,7,14,19,-5,15
LaLiga,2023/2024,Spain,Osasuna,14,2023-11-25T19:59:00+00:00,13,13,4,2,7,15,21,-6,14
LaLiga,2023/2024,Spain,Sevilla,14,2023-11-25T19:59:00+00:00,14,12,2,6,4,18,17,1,12
LaLiga,2023/2024,Spain,Villarreal,14,2023-11-25T19:59:00+00:00,15,13,3,3,7,18,24,-6,12
LaLiga,2023/2024,Spain,Cadiz,14,2023-11-25T19:59:00+00:00,16,12,2,4,6,10,17,-7,10
LaLiga,2023/2024,Spain,Mallorca,14,2023-11-25T19:59:00+00:00,17,13,1,6,6,12,19,-7,9
LaLiga,2023/2024,Spain,Celta,14,2023-11-25T19:59:00+00:00,18,13,1,4,8,14,24,-10,7
LaLiga,2023/2024,Spain,Granada,14,2023-11-25T19:59:00+00:00,19,14,1,4,9,19,33,-14,7
LaLiga,2023/2024,Spain,Almeria,14,2023-11-25T19:59:00+00:00,20,13,0,3,10,15,35,-20,3
LaLiga,2023/2024,Spain,Real Madrid,15,2023-12-02T19:59:00+00:00,1,14,11,2,1,31,9,22,35
LaLiga,2023/2024,Spain,Girona,15,2023-12-02T19:59:00+00:00,2,14,11,2,1,32,17,15,35
LaLiga,2023/2024,Spain,Ath Madrid,15,2023-12-02T19:59:00+00:00,3,13,10,1,2,30,12,18,31
LaLiga,2023/2024,Spain,Barcelona,15,2023-12-02T19:59:00+00:00,4,14,9,4,1,27,14,13,31
LaLiga,2023/2024,Spain,Ath Bilbao,15,2023-12-02T19:59:00+00:00,5,14,7,4,3,26,18,8,25
LaLiga,2023/2024,Spain,Sociedad,15,2023-12-02T19:59:00+00:00,6,14,7,4,3,25,17,8,25
LaLiga,2023/2024,Spain,Betis,15,2023-12-02T19:59:00+00:00,7,14,6,6,2,18,16,2,24
LaLiga,2023/2024,Spain,Las Palmas,15,2023-12-02T19:59:00+00:00,8,15,6,3,6,13,13,0,21
LaLiga,2023/2024,Spain,Valencia,15,2023-12-02T19:59:00+00:00,9,14,5,4,5,16,18,-2,19
LaLiga,2023/2024,Spain,Vallecano,15,2023-12-02T19:59:00+00:00,10,14,4,7,3,16,18,-2,19
LaLiga,2023/2024,Spain,Getafe,15,2023-12-02T19:59:00+00:00,11,15,4,7,4,17,20,-3,19
LaLiga,2023/2024,Spain,Villarreal,15,2023-12-02T19:59:00+00:00,12,14,4,3,7,21,25,-4,15
LaLiga,2023/2024,Spain,Alaves,15,2023-12-02T19:59:00+00:00,13,14,4,3,7,14,19,-5,15
LaLiga,2023/2024,Spain,Osasuna,15,2023-12-02T19:59:00+00:00,14,14,4,2,8,16,24,-8,14
LaLiga,2023/2024,Spain,Sevilla,15,2023-12-02T19:59:00+00:00,15,13,2,6,5,19,19,0,12
LaLiga,2023/2024,Spain,Cadiz,15,2023-12-02T19:59:00+00:00,16,14,2,5,7,11,21,-10,11
LaLiga,2023/2024,Spain,Mallorca,15,2023-12-02T19:59:00+00:00,17,14,1,7,6,13,20,-7,10
LaLiga,2023/2024,Spain,Celta,15,2023-12-02T19:59:00+00:00,18,14,1,5,8,14,24,-10,8
LaLiga,2023/2024,Spain,Granada,15,2023-12-02T19:59:00+00:00,19,14,1,4,9,19,33,-14,7
LaLiga,2023/2024,Spain,Almeria,15,2023-12-02T19:59:00+00:00,20,14,0,3,11,16,37,-21,3
LaLiga,2023/2024,Spain,Real Madrid,16,2023-12-09T19:59:00+00:00,1,15,12,2,1,33,9,24,38
LaLiga,2023/2024,Spain,Girona,16,2023-12-09T19:59:00+00:00,2,15,12,2,1,34,18,16,38
LaLiga,2023/2024,Spain,Barcelona,16,2023-12-09T19:59:00+00:00,3,15,10,4,1,28,14,14,34
LaLiga,2023/2024,Spain,Ath Madrid,16,2023-12-09T19:59:00+00:00,4,14,10,1,3,30,13,17,31
LaLiga,2023/2024,Spain,Ath Bilbao,16,2023-12-09T19:59:00+00:00,5,15,8,4,3,30,18,12,28
LaLiga,2023/2024,Spain,Sociedad,16,2023-12-09T19:59:00+00:00,6,15,7,5,3,26,18,8,26
LaLiga,2023/2024,Spain,Betis,16,2023-12-09T19:59:00+00:00,7,15,6,7,2,18,16,2,25
LaLiga,2023/2024,Spain,Getafe,16,2023-12-09T19:59:00+00:00,8,16,5,7,4,18,20,-2,22
LaLiga,2023/2024,Spain,Las Palmas,16,2023-12-09T19:59:00+00:00,9,15,6,3,6,13,13,0,21
LaLiga,2023/2024,Spain,Valencia,16,2023-12-09T19:59:00+00:00,10,16,5,4,7,17,21,-4,19
LaLiga,2023/2024,Spain,Vallecano,16,2023-12-09T19:59:00+00:00,11,15,4,7,4,16,22,-6,19
LaLiga,2023/2024,Spain,Villarreal,16,2023-12-09T19:59:00+00:00,12,15,4,4,7,22,26,-4,16
LaLiga,2023/2024,Spain,Alaves,16,2023-12-09T19:59:00+00:00,13,15,4,4,7,14,19,-5,16
LaLiga,2023/2024,Spain,Osasuna,16,2023-12-09T19:59:00+00:00,14,15,4,3,8,17,25,-8,15
LaLiga,2023/2024,Spain,Sevilla,16,2023-12-09T19:59:00+00:00,15,14,2,7,5,20,20,0,13
LaLiga,2023/2024,Spain,Cadiz,16,2023-12-09T19:59:00+00:00,16,15,2,6,7,12,22,-10,12
LaLiga,2023/2024,Spain,Mallorca,16,2023-12-09T19:59:00+00:00,17,15,1,8,6,13,20,-7,11
LaLiga,2023/2024,Spain,Celta,16,2023-12-09T19:59:00+00:00,18,15,1,6,8,15,25,-10,9
LaLiga,2023/2024,Spain,Granada,16,2023-12-09T19:59:00+00:00,19,15,1,4,10,19,35,-16,7
LaLiga,2023/2024,Spain,Almeria,16,2023-12-09T19:59:00+00:00,20,15,0,4,11,16,37,-21,4
LaLiga,2023/2024,Spain,Girona,17,2023-12-16T19:59:00+00:00,1,16,13,2,1,38,20,18,41
LaLiga,2023/2024,Spain,Real Madrid,17,2023-12-16T19:59:00+00:00,2,16,12,3,1,34,10,24,39
LaLiga,2023/2024,Spain,Ath Madrid,17,2023-12-16T19:59:00+00:00,3,15,11,1,3,32,14,18,34
LaLiga,2023/2024,Spain,Barcelona,17,2023-12-16T19:59:00+00:00,4,16,10,4,2,30,18,12,34
LaLiga,2023/2024,Spain,Ath Bilbao,17,2023-12-16T19:59:00+00:00,5,16,8,5,3,31,19,12,29
LaLiga,2023/2024,Spain,Sociedad,17,2023-12-16T19:59:00+00:00,6,16,8,5,3,29,18,11,29
LaLiga,2023/2024,Spain,Betis,17,2023-12-16T19:59:00+00:00,7,16,6,8,2,19,17,2,26
LaLiga,2023/2024,Spain,Las Palmas,17,2023-12-16T19:59:00+00:00,8,16,7,3,6,14,13,1,24
LaLiga,2023/2024,Spain,Getafe,17,2023-12-16T19:59:00+00:00,9,16,5,7,4,18,20,-2,22
LaLiga,2023/2024,Spain,Vallecano,17,2023-12-16T19:59:00+00:00,10,17,4,8,5,16,23,-7,20
LaLiga,2023/2024,Spain,Valencia,17,2023-12-16T19:59:00+00:00,11,16,5,4,7,17,21,-4,19
LaLiga,2023/2024,Spain,Osasuna,17,2023-12-16T19:59:00+00:00,12,17,5,4,8,19,26,-7,19
LaLiga,2023/2024,Spain,Alaves,17,2023-12-16T19:59:00+00:00,13,16,4,4,8,14,20,-6,16
LaLiga,2023/2024,Spain,Villarreal,17,2023-12-16T19:59:00+00:00,14,16,4,4,8,22,29,-7,16
LaLiga,2023/2024,Spain,Mallorca,17,2023-12-16T19:59:00+00:00,15,16,2,8,6,14,20,-6,14
LaLiga,2023/2024,Spain,Sevilla,17,2023-12-16T19:59:00+00:00,16,15,2,7,6,20,21,-1,13
LaLiga,2023/2024,Spain,Cadiz,17,2023-12-16T19:59:00+00:00,17,16,2,7,7,13,23,-10,13
LaLiga,2023/2024,Spain,Celta,17,2023-12-16T19:59:00+00:00,18,16,1,7,8,15,25,-10,10
LaLiga,2023/2024,Spain,Granada,17,2023-12-16T19:59:00+00:00,19,16,1,5,10,20,36,-16,8
LaLiga,2023/2024,Spain,Almeria,17,2023-12-16T19:59:00+00:00,20,16,0,4,12,17,39,-22,4
LaLiga,2023/2024,Spain,Girona,18,2023-12-19T19:59:00+00:00,1,17,14,2,1,41,20,21,44
LaLiga,2023/2024,Spain,Real Madrid,18,2023-12-19T19:59:00+00:00,2,17,13,3,1,38,11,27,42
LaLiga,2023/2024,Spain,Ath Madrid,18,2023-12-19T19:59:00+00:00,3,17,11,2,4,35,19,16,35
LaLiga,2023/2024,Spain,Barcelona,18,2023-12-19T19:59:00+00:00,4,17,10,5,2,31,19,12,35
LaLiga,2023/2024,Spain,Ath Bilbao,18,2023-12-19T19:59:00+00:00,5,17,9,5,3,33,19,14,32
LaLiga,2023/2024,Spain,Sociedad,18,2023-12-19T19:59:00+00:00,6,17,8,6,3,29,18,11,30
LaLiga,2023/2024,Spain,Betis,18,2023-12-19T19:59:00+00:00,7,17,6,9,2,19,17,2,27
LaLiga,2023/2024,Spain,Getafe,18,2023-12-19T19:59:00+00:00,8,18,6,8,4,24,23,1,26
LaLiga,2023/2024,Spain,Las Palmas,18,2023-12-19T19:59:00+00:00,9,17,7,4,6,15,14,1,25
LaLiga,2023/2024,Spain,Valencia,18,2023-12-19T19:59:00+00:00,10,17,5,5,7,18,22,-4,20
LaLiga,2023/2024,Spain,Vallecano,18,2023-12-19T19:59:00+00:00,11,17,4,8,5,16,23,-7,20
LaLiga,2023/2024,Spain,Osasuna,18,2023-12-19T19:59:00+00:00,12,17,5,4,8,19,26,-7,19
LaLiga,2023/2024,Spain,Alaves,18,2023-12-19T19:59:00+00:00,13,17,4,4,9,14,23,-9,16
LaLiga,2023/2024,Spain,Villarreal,18,2023-12-19T19:59:00+00:00,14,17,4,4,9,23,33,-10,16
LaLiga,2023/2024,Spain,Mallorca,18,2023-12-19T19:59:00+00:00,15,17,2,9,6,14,20,-6,15
LaLiga,2023/2024,Spain,Cadiz,18,2023-12-19T19:59:00+00:00,16,17,2,8,7,14,24,-10,14
LaLiga,2023/2024,Spain,Sevilla,18,2023-12-19T19:59:00+00:00,17,16,2,7,7,20,24,-4,13
LaLiga,2023/2024,Spain,Celta,18,2023-12-19T19:59:00+00:00,18,17,2,7,8,16,25,-9,13
LaLiga,2023/2024,Spain,Granada,18,2023-12-19T19:59:00+00:00,19,17,1,5,11,20,37,-17,8
LaLiga,2023/2024,Spain,Almeria,18,2023-12-19T19:59:00+00:00,20,17,0,5,12,17,39,-22,5
LaLiga,2023/2024,Spain,Real Madrid,19,2024-01-02T19:59:00+00:00,1,18,14,3,1,39,11,28,45
LaLiga,2023/2024,Spain,Girona,19,2024-01-02T19:59:00+00:00,2,18,14,3,1,42,21,21,45
LaLiga,2023/2024,Spain,Ath Madrid,19,2024-01-02T19:59:00+00:00,3,18,12,2,4,36,19,17,38
LaLiga,2023/2024,Spain,Barcelona,19,2024-01-02T19:59:00+00:00,4,18,11,5,2,34,21,13,38
LaLiga,2023/2024,Spain,Ath Bilbao,19,2024-01-02T19:59:00+00:00,5,18,10,5,3,34,19,15,35
LaLiga,2023/2024,Spain,Sociedad,19,2024-01-02T19:59:00+00:00,6,18,8,7,3,29,18,11,31
LaLiga,2023/2024,Spain,Betis,19,2024-01-02T19:59:00+00:00,7,18,6,10,2,20,18,2,28
LaLiga,2023/2024,Spain,Getafe,19,2024-01-02T19:59:00+00:00,8,18,6,8,4,24,23,1,26
LaLiga,2023/2024,Spain,Las Palmas,19,2024-01-02T19:59:00+00:00,9,18,7,4,7,15,15,0,25
LaLiga,2023/2024,Spain,Valencia,19,2024-01-02T19:59:00+00:00,10,18,6,5,7,19,22,-3,23
LaLiga,2023/2024,Spain,Vallecano,19,2024-01-02T19:59:00+00:00,11,18,4,8,6,16,24,-8,20
LaLiga,2023/2024,Spain,Osasuna,19,2024-01-02T19:59:00+00:00,12,18,5,4,9,21,29,-8,19
LaLiga,2023/2024,Spain,Villarreal,19,2024-01-02T19:59:00+00:00,13,18,5,4,9,26,35,-9,19
LaLiga,2023/2024,Spain,Mallorca,19,2024-01-02T19:59:00+00:00,14,18,3,9,6,17,22,-5,18
LaLiga,2023/2024,Spain,Sevilla,19,2024-01-02T19:59:00+00:00,15,18,3,7,8,23,25,-2,16
LaLiga,2023/2024,Spain,Alaves,19,2024-01-02T19:59:00+00:00,16,18,4,4,10,14,24,-10,16
LaLiga,2023/2024,Spain,Cadiz,19,2024-01-02T19:59:00+00:00,17,18,2,9,7,14,24,-10,15
LaLiga,2023/2024,Spain,Celta,19,2024-01-02T19:59:00+00:00,18,18,2,7,9,18,28,-10,13
LaLiga,2023/2024,Spain,Granada,19,2024-01-02T19:59:00+00:00,19,18,1,5,12,20,40,-20,8
LaLiga,2023/2024,Spain,Almeria,19,2024-01-02T19:59:00+00:00,20,18,0,5,13,19,42,-23,5
LaLiga,2023/2024,Spain,Real Madrid,20,2024-01-12T19:59:00+00:00,1,19,15,3,1,40,11,29,48
LaLiga,2023/2024,Spain,Girona,20,2024-01-12T19:59:00+00:00,2,19,15,3,1,46,24,22,48
LaLiga,2023/2024,Spain,Barcelona,20,2024-01-12T19:59:00+00:00,3,19,12,5,2,36,22,14,41
LaLiga,2023/2024,Spain,Ath Bilbao,20,2024-01-12T19:59:00+00:00,4,19,11,5,3,36,19,17,38
LaLiga,2023/2024,Spain,Ath Madrid,20,2024-01-12T19:59:00+00:00,5,19,12,2,5,39,23,16,38
LaLiga,2023/2024,Spain,Sociedad,20,2024-01-12T19:59:00+00:00,6,19,8,8,3,30,19,11,32
LaLiga,2023/2024,Spain,Betis,20,2024-01-12T19:59:00+00:00,7,19,6,10,3,21,20,1,28
LaLiga,2023/2024,Spain,Getafe,20,2024-01-12T19:59:00+00:00,8,19,6,8,5,24,25,-1,26
LaLiga,2023/2024,Spain,Valencia,20,2024-01-12T19:59:00+00:00,9,19,7,5,7,22,23,-1,26
LaLiga,2023/2024,Spain,Las Palmas,20,2024-01-12T19:59:00+00:00,10,19,7,4,8,16,17,-1,25
LaLiga,2023/2024,Spain,Vallecano,20,2024-01-12T19:59:00+00:00,11,19,5,8,6,18,24,-6,23
LaLiga,2023/2024,Spain,Osasuna,20,2024-01-12T19:59:00+00:00,12,19,6,4,9,22,29,-7,22
LaLiga,2023/2024,Spain,Villarreal,20,2024-01-12T19:59:00+00:00,13,19,5,4,10,27,38,-11,19
LaLiga,2023/2024,Spain,Mallorca,20,2024-01-12T19:59:00+00:00,14,19,3,9,7,17,23,-6,18
LaLiga,2023/2024,Spain,Alaves,20,2024-01-12T19:59:00+00:00,15,19,4,5,10,15,25,-10,17
LaLiga,2023/2024,Spain,Sevilla,20,2024-01-12T19:59:00+00:00,16,19,3,7,9,23,27,-4,16
LaLiga,2023/2024,Spain,Celta,20,2024-01-12T19:59:00+00:00,17,19,3,7,9,20,29,-9,16
LaLiga,2023/2024,Spain,Cadiz,20,2024-01-12T19:59:00+00:00,18,19,2,9,8,14,26,-12,15
LaLiga,2023/2024,Spain,Granada,20,2024-01-12T19:59:00+00:00,19,19,2,5,12,22,40,-18,11
LaLiga,2023/2024,Spain,Almeria,20,2024-01-12T19:59:00+00:00,20,19,0,5,14,19,43,-24,5
LaLiga,2023/2024,Spain,Girona,21,2024-01-20T19:59:00+00:00,1,20,15,4,1,46,24,22,49
LaLiga,2023/2024,Spain,Real Madrid,21,2024-01-20T19:59:00+00:00,2,19,15,3,1,40,11,29,48
LaLiga,2023/2024,Spain,Ath Bilbao,21,2024-01-20T19:59:00+00:00,3,21,12,5,4,38,21,17,41
LaLiga,2023/2024,Spain,Barcelona,21,2024-01-20T19:59:00+00:00,4,19,12,5,2,36,22,14,41
LaLiga,2023/2024,Spain,Ath Madrid,21,2024-01-20T19:59:00+00:00,5,19,12,2,5,39,23,16,38
LaLiga,2023/2024,Spain,Sociedad,21,2024-01-20T19:59:00+00:00,6,21,9,8,4,32,21,11,35
LaLiga,2023/2024,Spain,Valencia,21,2024-01-20T19:59:00+00:00,7,21,9,5,7,27,24,3,32
LaLiga,2023/2024,Spain,Betis,21,2024-01-20T19:59:00+00:00,8,20,7,10,3,22,20,2,31
LaLiga,2023/2024,Spain,Las Palmas,21,2024-01-20T19:59:00+00:00,9,20,8,4,8,19,17,2,28
LaLiga,2023/2024,Spain,Getafe,21,2024-01-20T19:59:00+00:00,10,19,6,8,5,24,25,-1,26
LaLiga,2023/2024,Spain,Vallecano,21,2024-01-20T19:59:00+00:00,11,19,5,8,6,18,24,-6,23
LaLiga,2023/2024,Spain,Alaves,21,2024-01-20T19:59:00+00:00,12,21,6,5,10,19,27,-8,23
LaLiga,2023/2024,Spain,Osasuna,21,2024-01-20T19:59:00+00:00,13,19,6,4,9,22,29,-7,22
LaLiga,2023/2024,Spain,Mallorca,21,2024-01-20T19:59:00+00:00,14,20,3,10,7,18,24,-6,19
LaLiga,2023/2024,Spain,Villarreal,21,2024-01-20T19:59:00+00:00,15,20,5,4,11,27,41,-14,19
LaLiga,2023/2024,Spain,Celta,21,2024-01-20T19:59:00+00:00,16,21,3,8,10,21,31,-10,17
LaLiga,2023/2024,Spain,Sevilla,21,2024-01-20T19:59:00+00:00,17,20,3,7,10,25,30,-5,16
LaLiga,2023/2024,Spain,Cadiz,21,2024-01-20T19:59:00+00:00,18,21,2,9,10,15,31,-16,15
LaLiga,2023/2024,Spain,Granada,21,2024-01-20T19:59:00+00:00,19,20,2,5,13,22,41,-19,11
LaLiga,2023/2024,Spain,Almeria,21,2024-01-20T19:59:00+00:00,20,20,0,6,14,19,43,-24,6
LaLiga,2023/2024,Spain,Real Madrid,22,2024-01-27T19:59:00+00:00,1,21,17,3,1,45,14,31,54
LaLiga,2023/2024,Spain,Girona,22,2024-01-27T19:59:00+00:00,2,21,16,4,1,51,25,26,52
LaLiga,2023/2024,Spain,Barcelona,22,2024-01-27T19:59:00+00:00,3,21,13,5,3,43,29,14,44
LaLiga,2023/2024,Spain,Ath Madrid,22,2024-01-27T19:59:00+00:00,4,20,13,2,5,40,23,17,41
LaLiga,2023/2024,Spain,Ath Bilbao,22,2024-01-27T19:59:00+00:00,5,21,12,5,4,38,21,17,41
LaLiga,2023/2024,Spain,Sociedad,22,2024-01-27T19:59:00+00:00,6,21,9,8,4,32,21,11,35
LaLiga,2023/2024,Spain,Valencia,22,2024-01-27T19:59:00+00:00,7,21,9,5,7,27,24,3,32
LaLiga,2023/2024,Spain,Las Palmas,22,2024-01-27T19:59:00+00:00,8,22,9,4,9,22,19,3,31
LaLiga,2023/2024,Spain,Betis,22,2024-01-27T19:59:00+00:00,9,21,7,10,4,24,24,0,31
LaLiga,2023/2024,Spain,Getafe,22,2024-01-27T19:59:00+00:00,10,20,6,8,6,26,28,-2,26
LaLiga,2023/2024,Spain,Alaves,22,2024-01-27T19:59:00+00:00,11,22,7,5,10,22,27,-5,26
LaLiga,2023/2024,Spain,Osasuna,22,2024-01-27T19:59:00+00:00,12,20,7,4,9,25,31,-6,25
LaLiga,2023/2024,Spain,Vallecano,22,2024-01-27T19:59:00+00:00,13,20,5,8,7,18,26,-8,23
LaLiga,2023/2024,Spain,Villarreal,22,2024-01-27T19:59:00+00:00,14,22,6,5,11,33,45,-12,23
LaLiga,2023/2024,Spain,Mallorca,22,2024-01-27T19:59:00+00:00,15,21,3,11,7,19,25,-6,20
LaLiga,2023/2024,Spain,Celta,22,2024-01-27T19:59:00+00:00,16,21,3,8,10,21,31,-10,17
LaLiga,2023/2024,Spain,Sevilla,22,2024-01-27T19:59:00+00:00,17,21,3,7,11,26,35,-9,16
LaLiga,2023/2024,Spain,Cadiz,22,2024-01-27T19:59:00+00:00,18,21,2,9,10,15,31,-16,15
LaLiga,2023/2024,Spain,Granada,22,2024-01-27T19:59:00+00:00,19,21,2,5,14,22,42,-20,11
LaLiga,2023/2024,Spain,Almeria,22,2024-01-27T19:59:00+00:00,20,22,0,6,16,21,49,-28,6
LaLiga,2023/2024,Spain,Real Madrid,23,2024-02-02T19:59:00+00:00,1,22,18,3,1,47,14,33,57
LaLiga,2023/2024,Spain,Girona,23,2024-02-02T19:59:00+00:00,2,22,17,4,1,52,25,27,55
LaLiga,2023/2024,Spain,Ath Madrid,23,2024-02-02T19:59:00+00:00,3,22,15,2,5,44,24,20,47
LaLiga,2023/2024,Spain,Barcelona,23,2024-02-02T19:59:00+00:00,4,22,14,5,3,44,29,15,47
LaLiga,2023/2024,Spain,Ath Bilbao,23,2024-02-02T19:59:00+00:00,5,22,12,6,4,38,21,17,42
LaLiga,2023/2024,Spain,Sociedad,23,2024-02-02T19:59:00+00:00,6,22,9,9,4,32,21,11,36
LaLiga,2023/2024,Spain,Betis,23,2024-02-02T19:59:00+00:00,7,22,8,10,4,25,24,1,34
LaLiga,2023/2024,Spain,Valencia,23,2024-02-02T19:59:00+00:00,8,22,9,5,8,27,26,1,32
LaLiga,2023/2024,Spain,Las Palmas,23,2024-02-02T19:59:00+00:00,9,22,9,4,9,22,19,3,31
LaLiga,2023/2024,Spain,Getafe,23,2024-02-02T19:59:00+00:00,10,22,7,8,7,28,30,-2,29
LaLiga,2023/2024,Spain,Alaves,23,2024-02-02T19:59:00+00:00,11,22,7,5,10,22,27,-5,26
LaLiga,2023/2024,Spain,Osasuna,23,2024-02-02T19:59:00+00:00,12,22,7,5,10,26,33,-7,26
LaLiga,2023/2024,Spain,Vallecano,23,2024-02-02T19:59:00+00:00,13,22,5,9,8,19,28,-9,24
LaLiga,2023/2024,Spain,Villarreal,23,2024-02-02T19:59:00+00:00,14,22,6,5,11,33,45,-12,23
LaLiga,2023/2024,Spain,Mallorca,23,2024-02-02T19:59:00+00:00,15,22,3,11,8,19,26,-7,20
LaLiga,2023/2024,Spain,Sevilla,23,2024-02-02T19:59:00+00:00,16,22,3,8,11,27,36,-9,17
LaLiga,2023/2024,Spain,Celta,23,2024-02-02T19:59:00+00:00,17,22,3,8,11,21,32,-11,17
LaLiga,2023/2024,Spain,Cadiz,23,2024-02-02T19:59:00+00:00,18,22,2,10,10,15,31,-16,16
LaLiga,2023/2024,Spain,Granada,23,2024-02-02T19:59:00+00:00,19,22,2,5,15,22,44,-22,11
LaLiga,2023/2024,Spain,Almeria,23,2024-02-02T19:59:00+00:00,20,22,0,6,16,21,49,-28,6
LaLiga,2023/2024,Spain,Real Madrid,24,2024-02-09T19:59:00+00:00,1,23,18,4,1,48,15,33,58
LaLiga,2023/2024,Spain,Girona,24,2024-02-09T19:59:00+00:00,2,23,17,5,1,52,25,27,56
LaLiga,2023/2024,Spain,Barcelona,24,2024-02-09T19:59:00+00:00,3,23,15,5,3,47,30,17,50
LaLiga,2023/2024,Spain,Ath Madrid,24,2024-02-09T19:59:00+00:00,4,23,15,3,5,45,25,20,48
LaLiga,2023/2024,Spain,Ath Bilbao,24,2024-02-09T19:59:00+00:00,5,23,13,6,4,42,21,21,45
LaLiga,2023/2024,Spain,Sociedad,24,2024-02-09T19:59:00+00:00,6,23,9,10,4,32,21,11,37
LaLiga,2023/2024,Spain,Valencia,24,2024-02-09T19:59:00+00:00,7,23,10,5,8,29,27,2,35
LaLiga,2023/2024,Spain,Betis,24,2024-02-09T19:59:00+00:00,8,23,8,11,4,26,25,1,35
LaLiga,2023/2024,Spain,Las Palmas,24,2024-02-09T19:59:00+00:00,9,23,9,5,9,23,20,3,32
LaLiga,2023/2024,Spain,Getafe,24,2024-02-09T19:59:00+00:00,10,23,7,9,7,29,31,-2,30
LaLiga,2023/2024,Spain,Alaves,24,2024-02-09T19:59:00+00:00,11,23,7,5,11,23,30,-7,26
LaLiga,2023/2024,Spain,Osasuna,24,2024-02-09T19:59:00+00:00,12,23,7,5,11,26,36,-10,26
LaLiga,2023/2024,Spain,Vallecano,24,2024-02-09T19:59:00+00:00,13,23,5,9,9,20,30,-10,24
LaLiga,2023/2024,Spain,Villarreal,24,2024-02-09T19:59:00+00:00,14,23,6,6,11,33,45,-12,24
LaLiga,2023/2024,Spain,Sevilla,24,2024-02-09T19:59:00+00:00,15,23,4,8,11,29,37,-8,20
LaLiga,2023/2024,Spain,Celta,24,2024-02-09T19:59:00+00:00,16,23,4,8,11,24,32,-8,20
LaLiga,2023/2024,Spain,Mallorca,24,2024-02-09T19:59:00+00:00,17,23,3,11,9,19,30,-11,20
LaLiga,2023/2024,Spain,Cadiz,24,2024-02-09T19:59:00+00:00,18,23,2,11,10,15,31,-16,17
LaLiga,2023/2024,Spain,Granada,24,2024-02-09T19:59:00+00:00,19,23,2,6,15,23,45,-22,12
LaLiga,2023/2024,Spain,Almeria,24,2024-02-09T19:59:00+00:00,20,23,0,6,17,22,51,-29,6
LaLiga,2023/2024,Spain,Real Madrid,25,2024-02-16T19:59:00+00:00,1,24,19,4,1,52,15,37,61
LaLiga,2023/2024,Spain,Girona,25,2024-02-16T19:59:00+00:00,2,24,17,5,2,52,29,23,56
LaLiga,2023/2024,Spain,Barcelona,25,2024-02-16T19:59:00+00:00,3,24,15,6,3,50,33,17,51
LaLiga,2023/2024,Spain,Ath Madrid,25,2024-02-16T19:59:00+00:00,4,24,15,3,6,45,26,19,48
LaLiga,2023/2024,Spain,Ath Bilbao,25,2024-02-16T19:59:00+00:00,5,24,13,7,4,42,21,21,46
LaLiga,2023/2024,Spain,Betis,25,2024-02-16T19:59:00+00:00,6,24,9,11,4,28,25,3,38
LaLiga,2023/2024,Spain,Sociedad,25,2024-02-16T19:59:00+00:00,7,24,9,10,5,32,22,10,37
LaLiga,2023/2024,Spain,Las Palmas,25,2024-02-16T19:59:00+00:00,8,24,10,5,9,25,20,5,35
LaLiga,2023/2024,Spain,Valencia,25,2024-02-16T19:59:00+00:00,9,24,10,5,9,29,29,0,35
LaLiga,2023/2024,Spain,Getafe,25,2024-02-16T19:59:00+00:00,10,24,8,9,7,32,33,-1,33
LaLiga,2023/2024,Spain,Osasuna,25,2024-02-16T19:59:00+00:00,11,24,8,5,11,27,36,-9,29
LaLiga,2023/2024,Spain,Alaves,25,2024-02-16T19:59:00+00:00,12,24,7,6,11,24,31,-7,27
LaLiga,2023/2024,Spain,Villarreal,25,2024-02-16T19:59:00+00:00,13,24,6,7,11,34,46,-12,25
LaLiga,2023/2024,Spain,Vallecano,25,2024-02-16T19:59:00+00:00,14,24,5,9,10,21,32,-11,24
LaLiga,2023/2024,Spain,Sevilla,25,2024-02-16T19:59:00+00:00,15,24,5,8,11,30,37,-7,23
LaLiga,2023/2024,Spain,Mallorca,25,2024-02-16T19:59:00+00:00,16,24,4,11,9,21,31,-10,23
LaLiga,2023/2024,Spain,Celta,25,2024-02-16T19:59:00+00:00,17,24,4,8,12,26,35,-9,20
LaLiga,2023/2024,Spain,Cadiz,25,2024-02-16T19:59:00+00:00,18,24,2,11,11,15,33,-18,17
LaLiga,2023/2024,Spain,Granada,25,2024-02-16T19:59:00+00:00,19,24,2,7,15,26,48,-22,13
LaLiga,2023/2024,Spain,Almeria,25,2024-02-16T19:59:00+00:00,20,24,0,7,17,22,51,-29,7
LaLiga,2023/2024,Spain,Real Madrid,26,2024-02-23T19:59:00+00:00,1,25,19,5,1,53,16,37,62
LaLiga,2023/2024,Spain,Girona,26,2024-02-23T19:59:00+00:00,2,25,17,5,3,54,32,22,56
LaLiga,2023/2024,Spain,Barcelona,26,2024-02-23T19:59:00+00:00,3,25,16,6,3,52,34,18,54
LaLiga,2023/2024,Spain,Ath Madrid,26,2024-02-23T19:59:00+00:00,4,25,16,3,6,50,26,24,51
LaLiga,2023/2024,Spain,Ath Bilbao,26,2024-02-23T19:59:00+00:00,5,25,14,7,4,45,23,22,49
LaLiga,2023/2024,Spain,Sociedad,26,2024-02-23T19:59:00+00:00,6,25,10,10,5,34,23,11,40
LaLiga,2023/2024,Spain,Betis,26,2024-02-23T19:59:00+00:00,7,25,9,12,4,28,25,3,39
LaLiga,2023/2024,Spain,Valencia,26,2024-02-23T19:59:00+00:00,8,25,10,6,9,29,29,0,36
LaLiga,2023/2024,Spain,Las Palmas,26,2024-02-23T19:59:00+00:00,9,25,10,5,10,25,25,0,35
LaLiga,2023/2024,Spain,Getafe,26,2024-02-23T19:59:00+00:00,10,25,8,10,7,33,34,-1,34
LaLiga,2023/2024,Spain,Osasuna,26,2024-02-23T19:59:00+00:00,11,25,9,5,11,29,36,-7,32
LaLiga,2023/2024,Spain,Alaves,26,2024-02-23T19:59:00+00:00,12,25,7,7,11,24,31,-7,28
LaLiga,2023/2024,Spain,Villarreal,26,2024-02-23T19:59:00+00:00,13,25,6,8,11,35,47,-12,26
LaLiga,2023/2024,Spain,Vallecano,26,2024-02-23T19:59:00+00:00,14,25,5,10,10,22,33,-11,25
LaLiga,2023/2024,Spain,Sevilla,26,2024-02-23T19:59:00+00:00,15,25,5,9,11,30,37,-7,24
LaLiga,2023/2024,Spain,Mallorca,26,2024-02-23T19:59:00+00:00,16,25,4,11,10,22,33,-11,23
LaLiga,2023/2024,Spain,Celta,26,2024-02-23T19:59:00+00:00,17,25,4,8,13,27,37,-10,20
LaLiga,2023/2024,Spain,Cadiz,26,2024-02-23T19:59:00+00:00,18,25,2,11,12,15,35,-20,17
LaLiga,2023/2024,Spain,Granada,26,2024-02-23T19:59:00+00:00,19,25,2,8,15,27,49,-22,14
LaLiga,2023/2024,Spain,Almeria,26,2024-02-23T19:59:00+00:00,20,25,0,8,17,23,52,-29,8
LaLiga,2023/2024,Spain,Real Madrid,27,2024-03-02T19:59:00+00:00,1,26,20,5,1,54,16,38,65
LaLiga,2023/2024,Spain,Girona,27,2024-03-02T19:59:00+00:00,2,26,18,5,3,57,32,25,59
LaLiga,2023/2024,Spain,Barcelona,27,2024-03-02T19:59:00+00:00,3,26,17,6,3,56,34,22,57
LaLiga,2023/2024,Spain,Ath Madrid,27,2024-03-02T19:59:00+00:00,4,26,16,4,6,52,28,24,52
LaLiga,2023/2024,Spain,Ath Bilbao,27,2024-03-02T19:59:00+00:00,5,26,14,7,5,46,26,20,49
LaLiga,2023/2024,Spain,Betis,27,2024-03-02T19:59:00+00:00,6,26,10,12,4,31,26,5,42
LaLiga,2023/2024,Spain,Sociedad,27,2024-03-02T19:59:00+00:00,7,26,10,10,6,35,26,9,40
LaLiga,2023/2024,Spain,Valencia,27,2024-03-02T19:59:00+00:00,8,25,10,6,9,29,29,0,36
LaLiga,2023/2024,Spain,Las Palmas,27,2024-03-02T19:59:00+00:00,9,26,10,6,10,26,26,0,36
LaLiga,2023/2024,Spain,Getafe,27,2024-03-02T19:59:00+00:00,10,26,8,10,8,33,38,-5,34
LaLiga,2023/2024,Spain,Osasuna,27,2024-03-02T19:59:00+00:00,11,26,9,6,11,30,37,-7,33
LaLiga,2023/2024,Spain,Alaves,27,2024-03-02T19:59:00+00:00,12,26,7,8,11,25,32,-7,29
LaLiga,2023/2024,Spain,Villarreal,27,2024-03-02T19:59:00+00:00,13,26,7,8,11,38,48,-10,29
LaLiga,2023/2024,Spain,Vallecano,27,2024-03-02T19:59:00+00:00,14,26,5,10,11,22,36,-14,25
LaLiga,2023/2024,Spain,Sevilla,27,2024-03-02T19:59:00+00:00,15,26,5,9,12,30,38,-8,24
LaLiga,2023/2024,Spain,Celta,27,2024-03-02T19:59:00+00:00,16,27,5,9,13,30,39,-9,24
LaLiga,2023/2024,Spain,Mallorca,27,2024-03-02T19:59:00+00:00,17,26,4,12,10,23,34,-11,24
LaLiga,2023/2024,Spain,Cadiz,27,2024-03-02T19:59:00+00:00,18,26,2,12,12,17,37,-20,18
LaLiga,2023/2024,Spain,Granada,27,2024-03-02T19:59:00+00:00,19,25,2,8,15,27,49,-22,14
LaLiga,2023/2024,Spain,Almeria,27,2024-03-02T19:59:00+00:00,20,27,0,9,18,25,55,-30,9
LaLiga,2023/2024,Spain,Real Madrid,28,2024-03-09T19:59:00+00:00,1,27,20,6,1,56,18,38,66
LaLiga,2023/2024,Spain,Barcelona,28,2024-03-09T19:59:00+00:00,2,28,18,7,3,57,34,23,61
LaLiga,2023/2024,Spain,Girona,28,2024-03-09T19:59:00+00:00,3,27,18,5,4,57,33,24,59
LaLiga,2023/2024,Spain,Ath Madrid,28,2024-03-09T19:59:00+00:00,4,27,17,4,6,54,29,25,55
LaLiga,2023/2024,Spain,Ath Bilbao,28,2024-03-09T19:59:00+00:00,5,27,14,8,5,46,26,20,50
LaLiga,2023/2024,Spain,Betis,28,2024-03-09T19:59:00+00:00,6,27,10,12,5,32,28,4,42
LaLiga,2023/2024,Spain,Sociedad,28,2024-03-09T19:59:00+00:00,7,27,10,10,7,37,29,8,40
LaLiga,2023/2024,Spain,Valencia,28,2024-03-09T19:59:00+00:00,8,26,10,7,9,31,31,0,37
LaLiga,2023/2024,Spain,Las Palmas,28,2024-03-09T19:59:00+00:00,9,27,10,7,10,29,29,0,37
LaLiga,2023/2024,Spain,Osasuna,28,2024-03-09T19:59:00+00:00,10,27,10,6,11,31,37,-6,36
LaLiga,2023/2024,Spain,Getafe,28,2024-03-09T19:59:00+00:00,11,27,8,11,8,36,41,-5,35
LaLiga,2023/2024,Spain,Villarreal,28,2024-03-09T19:59:00+00:00,12,27,8,8,11,43,49,-6,32
LaLiga,2023/2024,Spain,Alaves,28,2024-03-09T19:59:00+00:00,13,27,7,8,12,25,33,-8,29
LaLiga,2023/2024,Spain,Sevilla,28,2024-03-09T19:59:00+00:00,14,27,6,9,12,33,40,-7,27
LaLiga,2023/2024,Spain,Mallorca,28,2024-03-09T19:59:00+00:00,15,28,5,12,11,24,35,-11,27
LaLiga,2023/2024,Spain,Vallecano,28,2024-03-09T19:59:00+00:00,16,27,5,11,11,23,37,-14,26
LaLiga,2023/2024,Spain,Celta,28,2024-03-09T19:59:00+00:00,17,27,5,9,13,30,39,-9,24
LaLiga,2023/2024,Spain,Cadiz,28,2024-03-09T19:59:00+00:00,18,27,2,13,12,18,38,-20,19
LaLiga,2023/2024,Spain,Granada,28,2024-03-09T19:59:00+00:00,19,26,2,8,16,28,54,-26,14
LaLiga,2023/2024,Spain,Almeria,28,2024-03-09T19:59:00+00:00,20,27,0,9,18,25,55,-30,9
LaLiga,2023/2024,Spain,Real Madrid,29,2024-03-16T19:59:00+00:00,1,28,21,6,1,60,18,42,69
LaLiga,2023/2024,Spain,Girona,29,2024-03-16T19:59:00+00:00,2,28,19,5,4,59,33,26,62
LaLiga,2023/2024,Spain,Barcelona,29,2024-03-16T19:59:00+00:00,3,28,18,7,3,57,34,23,61
LaLiga,2023/2024,Spain,Ath Madrid,29,2024-03-16T19:59:00+00:00,4,28,17,4,7,54,31,23,55
LaLiga,2023/2024,Spain,Ath Bilbao,29,2024-03-16T19:59:00+00:00,5,28,15,8,5,48,26,22,53
LaLiga,2023/2024,Spain,Sociedad,29,2024-03-16T19:59:00+00:00,6,29,12,10,7,42,31,11,46
LaLiga,2023/2024,Spain,Betis,29,2024-03-16T19:59:00+00:00,7,28,10,12,6,34,31,3,42
LaLiga,2023/2024,Spain,Valencia,29,2024-03-16T19:59:00+00:00,8,27,11,7,9,32,31,1,40
LaLiga,2023/2024,Spain,Las Palmas,29,2024-03-16T19:59:00+00:00,9,28,10,7,11,29,31,-2,37
LaLiga,2023/2024,Spain,Osasuna,29,2024-03-16T19:59:00+00:00,10,28,10,6,12,31,39,-8,36
LaLiga,2023/2024,Spain,Villarreal,29,2024-03-16T19:59:00+00:00,11,28,9,8,11,46,51,-5,35
LaLiga,2023/2024,Spain,Getafe,29,2024-03-16T19:59:00+00:00,12,28,8,11,9,36,42,-6,35
LaLiga,2023/2024,Spain,Alaves,29,2024-03-16T19:59:00+00:00,13,28,8,8,12,26,33,-7,32
LaLiga,2023/2024,Spain,Sevilla,29,2024-03-16T19:59:00+00:00,14,28,6,10,12,35,42,-7,28
LaLiga,2023/2024,Spain,Mallorca,29,2024-03-16T19:59:00+00:00,15,28,5,12,11,24,35,-11,27
LaLiga,2023/2024,Spain,Vallecano,29,2024-03-16T19:59:00+00:00,16,28,5,11,12,23,38,-15,26
LaLiga,2023/2024,Spain,Celta,29,2024-03-16T19:59:00+00:00,17,28,5,9,14,30,43,-13,24
LaLiga,2023/2024,Spain,Cadiz,29,2024-03-16T19:59:00+00:00,18,29,3,13,13,20,40,-20,22
LaLiga,2023/2024,Spain,Granada,29,2024-03-16T19:59:00+00:00,19,27,2,8,17,30,57,-27,14
LaLiga,2023/2024,Spain,Almeria,29,2024-03-16T19:59:00+00:00,20,28,0,10,18,27,57,-30,10
LaLiga,2023/2024,Spain,Real Madrid,30,2024-03-30T19:59:00+00:00,1,29,22,6,1,64,20,44,72
LaLiga,2023/2024,Spain,Barcelona,30,2024-03-30T19:59:00+00:00,2,29,19,7,3,60,34,26,64
LaLiga,2023/2024,Spain,Girona,30,2024-03-30T19:59:00+00:00,3,29,19,5,5,59,34,25,62
LaLiga,2023/2024,Spain,Ath Bilbao,30,2024-03-30T19:59:00+00:00,4,29,16,8,5,50,26,24,56
LaLiga,2023/2024,Spain,Ath Madrid,30,2024-03-30T19:59:00+00:00,5,29,17,4,8,54,34,20,55
LaLiga,2023/2024,Spain,Sociedad,30,2024-03-30T19:59:00+00:00,6,29,12,10,7,42,31,11,46
LaLiga,2023/2024,Spain,Betis,30,2024-03-30T19:59:00+00:00,7,29,10,12,7,34,33,1,42
LaLiga,2023/2024,Spain,Valencia,30,2024-03-30T19:59:00+00:00,8,28,11,7,10,32,32,0,40
LaLiga,2023/2024,Spain,Villarreal,30,2024-03-30T19:59:00+00:00,9,29,10,8,11,47,51,-4,38
LaLiga,2023/2024,Spain,Getafe,30,2024-03-30T19:59:00+00:00,10,29,9,11,9,37,42,-5,38
LaLiga,2023/2024,Spain,Las Palmas,30,2024-03-30T19:59:00+00:00,11,29,10,7,12,29,32,-3,37
LaLiga,2023/2024,Spain,Osasuna,30,2024-03-30T19:59:00+00:00,12,29,10,6,13,33,43,-10,36
LaLiga,2023/2024,Spain,Alaves,30,2024-03-30T19:59:00+00:00,13,29,8,8,13,26,35,-9,32
LaLiga,2023/2024,Spain,Mallorca,30,2024-03-30T19:59:00+00:00,14,29,6,12,11,25,35,-10,30
LaLiga,2023/2024,Spain,Vallecano,30,2024-03-30T19:59:00+00:00,15,29,6,11,12,25,38,-13,29
LaLiga,2023/2024,Spain,Sevilla,30,2024-03-30T19:59:00+00:00,16,29,6,10,13,36,44,-8,28
LaLiga,2023/2024,Spain,Celta,30,2024-03-30T19:59:00+00:00,17,29,6,9,14,32,44,-12,27
LaLiga,2023/2024,Spain,Cadiz,30,2024-03-30T19:59:00+00:00,18,30,4,13,13,21,40,-19,25
LaLiga,2023/2024,Spain,Granada,30,2024-03-30T19:59:00+00:00,19,29,2,8,19,30,59,-29,14
LaLiga,2023/2024,Spain,Almeria,30,2024-03-30T19:59:00+00:00,20,29,1,10,18,28,57,-29,13
LaLiga,2023/2024,Spain,Real Madrid,31,2024-04-12T19:59:00+00:00,1,30,23,6,1,66,20,46,75
LaLiga,2023/2024,Spain,Barcelona,31,2024-04-12T19:59:00+00:00,2,30,20,7,3,61,34,27,67
LaLiga,2023/2024,Spain,Girona,31,2024-04-12T19:59:00+00:00,3,30,20,5,5,62,36,26,65
LaLiga,2023/2024,Spain,Ath Madrid,31,2024-04-12T19:59:00+00:00,4,30,18,4,8,56,35,21,58
LaLiga,2023/2024,Spain,Ath Bilbao,31,2024-04-12T19:59:00+00:00,5,30,16,8,6,50,28,22,56
LaLiga,2023/2024,Spain,Sociedad,31,2024-04-12T19:59:00+00:00,6,30,13,10,7,43,31,12,49
LaLiga,2023/2024,Spain,Valencia,31,2024-04-12T19:59:00+00:00,7,30,12,8,10,33,32,1,44
LaLiga,2023/2024,Spain,Betis,31,2024-04-12T19:59:00+00:00,8,30,10,12,8,36,36,0,42
LaLiga,2023/2024,Spain,Osasuna,31,2024-04-12T19:59:00+00:00,9,30,11,6,13,36,43,-7,39
LaLiga,2023/2024,Spain,Villarreal,31,2024-04-12T19:59:00+00:00,10,30,10,8,12,48,53,-5,38
LaLiga,2023/2024,Spain,Getafe,31,2024-04-12T19:59:00+00:00,11,30,9,11,10,37,43,-6,38
LaLiga,2023/2024,Spain,Las Palmas,31,2024-04-12T19:59:00+00:00,12,30,10,7,13,29,33,-4,37
LaLiga,2023/2024,Spain,Alaves,31,2024-04-12T19:59:00+00:00,13,30,8,8,14,26,36,-10,32
LaLiga,2023/2024,Spain,Sevilla,31,2024-04-12T19:59:00+00:00,14,30,7,10,13,37,44,-7,31
LaLiga,2023/2024,Spain,Mallorca,31,2024-04-12T19:59:00+00:00,15,30,6,13,11,25,35,-10,31
LaLiga,2023/2024,Spain,Vallecano,31,2024-04-12T19:59:00+00:00,16,30,6,12,12,25,38,-13,30
LaLiga,2023/2024,Spain,Celta,31,2024-04-12T19:59:00+00:00,17,30,6,10,14,32,44,-12,28
LaLiga,2023/2024,Spain,Cadiz,31,2024-04-12T19:59:00+00:00,18,30,4,13,13,21,40,-19,25
LaLiga,2023/2024,Spain,Granada,31,2024-04-12T19:59:00+00:00,19,30,2,8,20,30,60,-30,14
LaLiga,2023/2024,Spain,Almeria,31,2024-04-12T19:59:00+00:00,20,30,1,10,19,28,60,-32,13
LaLiga,2023/2024,Spain,Real Madrid,32,2024-04-19T19:59:00+00:00,1,31,24,6,1,67,20,47,78
LaLiga,2023/2024,Spain,Barcelona,32,2024-04-19T19:59:00+00:00,2,31,21,7,3,62,34,28,70
LaLiga,2023/2024,Spain,Girona,32,2024-04-19T19:59:00+00:00,3,31,20,5,6,63,39,24,65
LaLiga,2023/2024,Spain,Ath Madrid,32,2024-04-19T19:59:00+00:00,4,31,19,4,8,59,36,23,61
LaLiga,2023/2024,Spain,Ath Bilbao,32,2024-04-19T19:59:00+00:00,5,31,16,9,6,51,29,22,57
LaLiga,2023/2024,Spain,Sociedad,32,2024-04-19T19:59:00+00:00,6,31,13,11,7,45,33,12,50
LaLiga,2023/2024,Spain,Valencia,32,2024-04-19T19:59:00+00:00,7,31,13,8,10,34,32,2,47
LaLiga,2023/2024,Spain,Betis,32,2024-04-19T19:59:00+00:00,8,31,11,12,8,38,37,1,45
LaLiga,2023/2024,Spain,Villarreal,32,2024-04-19T19:59:00+00:00,9,31,10,9,12,49,54,-5,39
LaLiga,2023/2024,Spain,Getafe,32,2024-04-19T19:59:00+00:00,10,31,9,12,10,37,43,-6,39
LaLiga,2023/2024,Spain,Osasuna,32,2024-04-19T19:59:00+00:00,11,31,11,6,14,36,44,-8,39
LaLiga,2023/2024,Spain,Las Palmas,32,2024-04-19T19:59:00+00:00,12,31,10,7,14,29,35,-6,37
LaLiga,2023/2024,Spain,Sevilla,32,2024-04-19T19:59:00+00:00,13,31,8,10,13,39,44,-5,34
LaLiga,2023/2024,Spain,Alaves,32,2024-04-19T19:59:00+00:00,14,31,8,8,15,26,38,-12,32
LaLiga,2023/2024,Spain,Mallorca,32,2024-04-19T19:59:00+00:00,15,31,6,13,12,25,36,-11,31
LaLiga,2023/2024,Spain,Vallecano,32,2024-04-19T19:59:00+00:00,16,31,6,13,12,25,38,-13,31
LaLiga,2023/2024,Spain,Celta,32,2024-04-19T19:59:00+00:00,17,31,6,10,15,33,46,-13,28
LaLiga,2023/2024,Spain,Cadiz,32,2024-04-19T19:59:00+00:00,18,31,4,13,14,21,41,-20,25
LaLiga,2023/2024,Spain,Granada,32,2024-04-19T19:59:00+00:00,19,31,3,8,20,32,60,-28,17
LaLiga,2023/2024,Spain,Almeria,32,2024-04-19T19:59:00+00:00,20,31,1,11,19,30,62,-32,14
LaLiga,2023/2024,Spain,Real Madrid,33,2024-04-26T19:59:00+00:00,1,32,25,6,1,70,22,48,81
LaLiga,2023/2024,Spain,Barcelona,33,2024-04-26T19:59:00+00:00,2,32,21,7,4,64,37,27,70
LaLiga,2023/2024,Spain,Girona,33,2024-04-26T19:59:00+00:00,3,32,21,5,6,67,40,27,68
LaLiga,2023/2024,Spain,Ath Madrid,33,2024-04-26T19:59:00+00:00,4,32,19,4,9,59,38,21,61
LaLiga,2023/2024,Spain,Ath Bilbao,33,2024-04-26T19:59:00+00:00,5,32,16,10,6,52,30,22,58
LaLiga,2023/2024,Spain,Sociedad,33,2024-04-26T19:59:00+00:00,6,32,13,12,7,46,34,12,51
LaLiga,2023/2024,Spain,Betis,33,2024-04-26T19:59:00+00:00,7,32,12,12,8,40,38,2,48
LaLiga,2023/2024,Spain,Valencia,33,2024-04-26T19:59:00+00:00,8,32,13,8,11,35,34,1,47
LaLiga,2023/2024,Spain,Villarreal,33,2024-04-26T19:59:00+00:00,9,32,11,9,12,51,55,-4,42
LaLiga,2023/2024,Spain,Getafe,33,2024-04-26T19:59:00+00:00,10,32,9,13,10,38,44,-6,40
LaLiga,2023/2024,Spain,Osasuna,33,2024-04-26T19:59:00+00:00,11,32,11,6,15,37,46,-9,39
LaLiga,2023/2024,Spain,Sevilla,33,2024-04-26T19:59:00+00:00,12,32,9,10,13,41,45,-4,37
LaLiga,2023/2024,Spain,Las Palmas,33,2024-04-26T19:59:00+00:00,13,32,10,7,15,30,39,-9,37
LaLiga,2023/2024,Spain,Alaves,33,2024-04-26T19:59:00+00:00,14,32,9,8,15,28,38,-10,35
LaLiga,2023/2024,Spain,Vallecano,33,2024-04-26T19:59:00+00:00,15,32,7,13,12,27,39,-12,34
LaLiga,2023/2024,Spain,Celta,33,2024-04-26T19:59:00+00:00,16,32,7,10,15,37,47,-10,31
LaLiga,2023/2024,Spain,Mallorca,33,2024-04-26T19:59:00+00:00,17,32,6,13,13,26,38,-12,31
LaLiga,2023/2024,Spain,Cadiz,33,2024-04-26T19:59:00+00:00,18,32,4,13,15,22,45,-23,25
LaLiga,2023/2024,Spain,Granada,33,2024-04-26T19:59:00+00:00,19,32,3,9,20,33,61,-28,18
LaLiga,2023/2024,Spain,Almeria,33,2024-04-26T19:59:00+00:00,20,32,1,11,20,31,64,-33,14
LaLiga,2023/2024,Spain,Real Madrid,34,2024-05-03T19:59:00+00:00,1,33,26,6,1,71,22,49,84
LaLiga,2023/2024,Spain,Barcelona,34,2024-05-03T19:59:00+00:00,2,33,22,7,4,68,39,29,73
LaLiga,2023/2024,Spain,Girona,34,2024-05-03T19:59:00+00:00,3,33,22,5,6,69,40,29,71
LaLiga,2023/2024,Spain,Ath Madrid,34,2024-05-03T19:59:00+00:00,4,33,20,4,9,62,39,23,64
LaLiga,2023/2024,Spain,Ath Bilbao,34,2024-05-03T19:59:00+00:00,5,33,16,10,7,53,33,20,58
LaLiga,2023/2024,Spain,Sociedad,34,2024-05-03T19:59:00+00:00,6,33,13,12,8,46,35,11,51
LaLiga,2023/2024,Spain,Betis,34,2024-05-03T19:59:00+00:00,7,33,12,13,8,41,39,2,49
LaLiga,2023/2024,Spain,Valencia,34,2024-05-03T19:59:00+00:00,8,33,13,8,12,37,38,-1,47
LaLiga,2023/2024,Spain,Villarreal,34,2024-05-03T19:59:00+00:00,9,33,12,9,12,54,55,-1,45
LaLiga,2023/2024,Spain,Getafe,34,2024-05-03T19:59:00+00:00,10,33,10,13,10,41,45,-4,43
LaLiga,2023/2024,Spain,Osasuna,34,2024-05-03T19:59:00+00:00,11,33,11,6,16,37,49,-12,39
LaLiga,2023/2024,Spain,Sevilla,34,2024-05-03T19:59:00+00:00,12,33,9,11,13,42,46,-4,38
LaLiga,2023/2024,Spain,Alaves,34,2024-05-03T19:59:00+00:00,13,33,10,8,15,31,38,-7,38
LaLiga,2023/2024,Spain,Las Palmas,34,2024-05-03T19:59:00+00:00,14,33,10,7,16,30,41,-11,37
LaLiga,2023/2024,Spain,Vallecano,34,2024-05-03T19:59:00+00:00,15,33,7,13,13,27,42,-15,34
LaLiga,2023/2024,Spain,Mallorca,34,2024-05-03T19:59:00+00:00,16,33,6,14,13,27,39,-12,32
LaLiga,2023/2024,Spain,Celta,34,2024-05-03T19:59:00+00:00,17,33,7,10,16,37,50,-13,31
LaLiga,2023/2024,Spain,Cadiz,34,2024-05-03T19:59:00+00:00,18,33,4,14,15,23,46,-23,26
LaLiga,2023/2024,Spain,Granada,34,2024-05-03T19:59:00+00:00,19,33,4,9,20,36,61,-25,21
LaLiga,2023/2024,Spain,Almeria,34,2024-05-03T19:59:00+00:00,20,33,1,11,21,32,67,-35,14
LaLiga,2023/2024,Spain,Real Madrid,35,2024-05-10T19:59:00+00:00,1,34,27,6,1,74,22,52,87
LaLiga,2023/2024,Spain,Girona,35,2024-05-10T19:59:00+00:00,2,34,23,5,6,73,42,31,74
LaLiga,2023/2024,Spain,Barcelona,35,2024-05-10T19:59:00+00:00,3,34,22,7,5,70,43,27,73
LaLiga,2023/2024,Spain,Ath Madrid,35,2024-05-10T19:59:00+00:00,4,34,21,4,9,63,39,24,67
LaLiga,2023/2024,Spain,Ath Bilbao,35,2024-05-10T19:59:00+00:00,5,34,17,10,7,55,33,22,61
LaLiga,2023/2024,Spain,Sociedad,35,2024-05-10T19:59:00+00:00,6,34,14,12,8,48,35,13,54
LaLiga,2023/2024,Spain,Betis,35,2024-05-10T19:59:00+00:00,7,34,13,13,8,43,39,4,52
LaLiga,2023/2024,Spain,Valencia,35,2024-05-10T19:59:00+00:00,8,34,13,8,13,37,39,-2,47
LaLiga,2023/2024,Spain,Villarreal,35,2024-05-10T19:59:00+00:00,9,34,12,9,13,56,58,-2,45
LaLiga,2023/2024,Spain,Getafe,35,2024-05-10T19:59:00+00:00,10,34,10,13,11,41,47,-6,43
LaLiga,2023/2024,Spain,Sevilla,35,2024-05-10T19:59:00+00:00,11,34,10,11,13,45,46,-1,41
LaLiga,2023/2024,Spain,Alaves,35,2024-05-10T19:59:00+00:00,12,34,11,8,15,32,38,-6,41
LaLiga,2023/2024,Spain,Osasuna,35,2024-05-10T19:59:00+00:00,13,34,11,6,17,37,51,-14,39
LaLiga,2023/2024,Spain,Las Palmas,35,2024-05-10T19:59:00+00:00,14,34,10,7,17,30,43,-13,37
LaLiga,2023/2024,Spain,Celta,35,2024-05-10T19:59:00+00:00,15,34,8,10,16,40,52,-12,34
LaLiga,2023/2024,Spain,Vallecano,35,2024-05-10T19:59:00+00:00,16,34,7,13,14,27,43,-16,34
LaLiga,2023/2024,Spain,Mallorca,35,2024-05-10T19:59:00+00:00,17,34,6,14,14,27,40,-13,32
LaLiga,2023/2024,Spain,Cadiz,35,2024-05-10T19:59:00+00:00,18,34,4,14,16,23,49,-26,26
LaLiga,2023/2024,Spain,Granada,35,2024-05-10T19:59:00+00:00,19,34,4,9,21,36,64,-28,21
LaLiga,2023/2024,Spain,Almeria,35,2024-05-10T19:59:00+00:00,20,34,2,11,21,33,67,-34,17
LaLiga,2023/2024,Spain,Real Madrid,36,2024-05-14T19:59:00+00:00,1,35,28,6,1,78,22,56,90
LaLiga,2023/2024,Spain,Barcelona,36,2024-05-14T19:59:00+00:00,2,35,23,7,5,72,43,29,76
LaLiga,2023/2024,Spain,Girona,36,2024-05-14T19:59:00+00:00,3,35,23,6,6,75,44,31,75
LaLiga,2023/2024,Spain,Ath Madrid,36,2024-05-14T19:59:00+00:00,4,35,22,4,9,64,39,25,70
LaLiga,2023/2024,Spain,Ath Bilbao,36,2024-05-14T19:59:00+00:00,5,35,17,11,7,57,35,22,62
LaLiga,2023/2024,Spain,Betis,36,2024-05-14T19:59:00+00:00,6,35,14,13,8,46,41,5,55
LaLiga,2023/2024,Spain,Sociedad,36,2024-05-14T19:59:00+00:00,7,35,14,12,9,48,37,11,54
LaLiga,2023/2024,Spain,Villarreal,36,2024-05-14T19:59:00+00:00,8,35,13,9,13,59,60,-1,48
LaLiga,2023/2024,Spain,Valencia,36,2024-05-14T19:59:00+00:00,9,35,13,9,13,37,39,-2,48
LaLiga,2023/2024,Spain,Getafe,36,2024-05-14T19:59:00+00:00,10,35,10,13,12,41,48,-7,43
LaLiga,2023/2024,Spain,Alaves,36,2024-05-14T19:59:00+00:00,11,35,11,9,15,34,40,-6,42
LaLiga,2023/2024,Spain,Sevilla,36,2024-05-14T19:59:00+00:00,12,35,10,11,14,47,49,-2,41
LaLiga,2023/2024,Spain,Osasuna,36,2024-05-14T19:59:00+00:00,13,35,11,7,17,39,53,-14,40
LaLiga,2023/2024,Spain,Las Palmas,36,2024-05-14T19:59:00+00:00,14,35,10,7,18,30,44,-14,37
LaLiga,2023/2024,Spain,Mallorca,36,2024-05-14T19:59:00+00:00,15,35,7,14,14,28,40,-12,35
LaLiga,2023/2024,Spain,Vallecano,36,2024-05-14T19:59:00+00:00,16,35,7,14,14,27,43,-16,35
LaLiga,2023/2024,Spain,Celta,36,2024-05-14T19:59:00+00:00,17,35,8,10,17,40,53,-13,34
LaLiga,2023/2024,Spain,Cadiz,36,2024-05-14T19:59:00+00:00,18,35,5,14,16,24,49,-25,29
LaLiga,2023/2024,Spain,Granada,36,2024-05-14T19:59:00+00:00,19,35,4,9,22,36,68,-32,21
LaLiga,2023/2024,Spain,Almeria,36,2024-05-14T19:59:00+00:00,20,35,2,11,22,35,70,-35,17
LaLiga,2023/2024,Spain,Real Madrid,37,2024-05-18T19:59:00+00:00,1,36,29,6,1,83,22,61,93
LaLiga,2023/2024,Spain,Barcelona,37,2024-05-18T19:59:00+00:00,2,36,24,7,5,74,43,31,79
LaLiga,2023/2024,Spain,Girona,37,2024-05-18T19:59:00+00:00,3,36,23,6,7,75,45,30,75
LaLiga,2023/2024,Spain,Ath Madrid,37,2024-05-18T19:59:00+00:00,4,36,23,4,9,67,39,28,73
LaLiga,2023/2024,Spain,Ath Bilbao,37,2024-05-18T19:59:00+00:00,5,36,17,11,8,58,37,21,62
LaLiga,2023/2024,Spain,Sociedad,37,2024-05-18T19:59:00+00:00,6,36,15,12,9,49,37,12,57
LaLiga,2023/2024,Spain,Betis,37,2024-05-18T19:59:00+00:00,7,36,14,14,8,48,43,5,56
LaLiga,2023/2024,Spain,Villarreal,37,2024-05-18T19:59:00+00:00,8,36,14,9,13,60,60,0,51
LaLiga,2023/2024,Spain,Valencia,37,2024-05-18T19:59:00+00:00,9,36,13,9,14,37,40,-3,48
LaLiga,2023/2024,Spain,Getafe,37,2024-05-18T19:59:00+00:00,10,36,10,13,13,41,51,-10,43
LaLiga,2023/2024,Spain,Alaves,37,2024-05-18T19:59:00+00:00,11,36,11,9,16,34,45,-11,42
LaLiga,2023/2024,Spain,Sevilla,37,2024-05-18T19:59:00+00:00,12,36,10,11,15,47,50,-3,41
LaLiga,2023/2024,Spain,Osasuna,37,2024-05-18T19:59:00+00:00,13,36,11,8,17,40,54,-14,41
LaLiga,2023/2024,Spain,Las Palmas,37,2024-05-18T19:59:00+00:00,14,36,10,8,18,32,46,-14,38
LaLiga,2023/2024,Spain,Vallecano,37,2024-05-18T19:59:00+00:00,15,36,8,14,14,29,44,-15,38
LaLiga,2023/2024,Spain,Celta,37,2024-05-18T19:59:00+00:00,16,36,9,10,17,42,54,-12,37
LaLiga,2023/2024,Spain,Mallorca,37,2024-05-18T19:59:00+00:00,17,36,7,15,14,29,41,-12,36
LaLiga,2023/2024,Spain,Cadiz,37,2024-05-18T19:59:00+00:00,18,36,6,14,16,25,49,-24,32
LaLiga,2023/2024,Spain,Granada,37,2024-05-18T19:59:00+00:00,19,36,4,9,23,37,70,-33,21
LaLiga,2023/2024,Spain,Almeria,37,2024-05-18T19:59:00+00:00,20,36,2,11,23,35,72,-37,17
LaLiga,2023/2024,Spain,Real Madrid,38,2024-05-24T19:59:00+00:00,1,37,29,7,1,87,26,61,94
LaLiga,2023/2024,Spain,Barcelona,38,2024-05-24T19:59:00+00:00,2,37,25,7,5,77,43,34,82
LaLiga,2023/2024,Spain,Girona,38,2024-05-24T19:59:00+00:00,3,37,24,6,7,78,46,32,78
LaLiga,2023/2024,Spain,Ath Madrid,38,2024-05-24T19:59:00+00:00,4,37,23,4,10,68,43,25,73
LaLiga,2023/2024,Spain,Ath Bilbao,38,2024-05-24T19:59:00+00:00,5,37,18,11,8,60,37,23,65
LaLiga,2023/2024,Spain,Sociedad,38,2024-05-24T19:59:00+00:00,6,37,16,12,9,51,37,14,60
LaLiga,2023/2024,Spain,Betis,38,2024-05-24T19:59:00+00:00,7,37,14,14,9,48,45,3,56
LaLiga,2023/2024,Spain,Villarreal,38,2024-05-24T19:59:00+00:00,8,37,14,10,13,64,64,0,52
LaLiga,2023/2024,Spain,Valencia,38,2024-05-24T19:59:00+00:00,9,37,13,9,15,38,43,-5,48
LaLiga,2023/2024,Spain,Alaves,38,2024-05-24T19:59:00+00:00,10,37,12,9,16,35,45,-10,45
LaLiga,2023/2024,Spain,Osasuna,38,2024-05-24T19:59:00+00:00,11,37,12,8,17,44,55,-11,44
LaLiga,2023/2024,Spain,Getafe,38,2024-05-24T19:59:00+00:00,12,37,10,13,14,41,52,-11,43
LaLiga,2023/2024,Spain,Sevilla,38,2024-05-24T19:59:00+00:00,13,37,10,11,16,47,52,-5,41
LaLiga,2023/2024,Spain,Celta,38,2024-05-24T19:59:00+00:00,14,37,10,10,17,44,55,-11,40
LaLiga,2023/2024,Spain,Las Palmas,38,2024-05-24T19:59:00+00:00,15,37,10,9,18,32,46,-14,39
LaLiga,2023/2024,Spain,Vallecano,38,2024-05-24T19:59:00+00:00,16,37,8,14,15,29,47,-18,38
LaLiga,2023/2024,Spain,Mallorca,38,2024-05-24T19:59:00+00:00,17,37,7,16,14,31,43,-12,37
LaLiga,2023/2024,Spain,Cadiz,38,2024-05-24T19:59:00+00:00,18,37,6,15,16,25,49,-24,33
LaLiga,2023/2024,Spain,Granada,38,2024-05-24T19:59:00+00:00,19,37,4,9,24,38,72,-34,21
LaLiga,2023/2024,Spain,Almeria,38,2024-05-24T19:59:00+00:00,20,37,2,12,23,37,74,-37,18
LaLiga,2024/2025,Spain,Alaves,1,2024-08-15T19:59:00+00:00,1,0,0,0,0,0,0,0,0
LaLiga,2024/2025,Spain,Ath Bilbao,1,2024-08-15T19:59:00+00:00,2,0,0,0,0,0,0,0,0
LaLiga,2024/2025,Spain,Ath Madrid,1,2024-08-15T19:59:00+00:00,3,0,0,0,0,0,0,0,0
LaLiga,2024/2025,Spain,Barcelona,1,2024-08-15T19:59:00+00:00,4,0,0,0,0,0,0,0,0
LaLiga,2024/2025,Spain,Betis,1,2024-08-15T19:59:00+00:00,5,0,0,0,0,0,0,0,0
LaLiga,2024/2025,Spain,Celta,1,2024-08-15T19:59:00+00:00,6,0,0,0,0,0,0,0,0
LaLiga,2024/2025,Spain,Espanol,1,2024-08-15T19:59:00+00:00,7,0,0,0,0,0,0,0,0
LaLiga,2024/2025,Spain,Getafe,1,2024-08-15T19:59:00+00:00,8,0,0,0,0,0,0,0,0
LaLiga,2024/2025,Spain,Girona,1,2024-08-15T19:59:00+00:00,9,0,0,0,0,0,0,0,0
LaLiga,2024/2025,Spain,Las Palmas,1,2024-08-15T19:59:00+00:00,10,0,0,0,0,0,0,0,0
LaLiga,2024/2025,Spain,Leganes,1,2024-08-15T19:59:00+00:00,11,0,0,0,0,0,0,0,0
LaLiga,2024/2025,Spain,Mallorca,1,2024-08-15T19:59:00+00:00,12,0,0,0,0,0,0,0,0
LaLiga,2024/2025,Spain,Osasuna,1,2024-08-15T19:59:00+00:00,13,0,0,0,0,0,0,0,0
LaLiga,2024/2025,Spain,Real Madrid,1,2024-08-15T19:59:00+00:00,14,0,0,0,0,0,0,0,0
LaLiga,2024/2025,Spain,Sevilla,1,2024-08-15T19:59:00+00:00,15,0,0,0,0,0,0,0,0
LaLiga,2024/2025,Spain,Sociedad,1,2024-08-15T19:59:00+00:00,16,0,0,0,0,0,0,0,0
LaLiga,2024/2025,Spain,Valencia,1,2024-08-15T19:59:00+00:00,17,0,0,0,0,0,0,0,0
LaLiga,2024/2025,Spain,Valladolid,1,2024-08-15T19:59:00+00:00,18,0,0,0,0,0,0,0,0
LaLiga,2024/2025,Spain,Vallecano,1,2024-08-15T19:59:00+00:00,19,0,0,0,0,0,0,0,0
LaLiga,2024/2025,Spain,Villarreal,1,2024-08-15T19:59:00+00:00,20,0,0,0,0,0,0,0,0
LaLiga,2024/2025,Spain,Barcelona,2,2024-08-23T19:59:00+00:00,1,1,1,0,0,2,1,1,3
LaLiga,2024/2025,Spain,Celta,2,2024-08-23T19:59:00+00:00,2,1,1,0,0,2,1,1,3
LaLiga,2024/2025,Spain,Vallecano,2,2024-08-23T19:59:00+00:00,3,1,1,0,0,2,1,1,3
LaLiga,2024/2025,Spain,Valladolid,2,2024-08-23T19:59:00+00:00,4,1,1,0,0,1,0,1,3
LaLiga,2024/2025,Spain,Ath Madrid,2,2024-08-23T19:59:00+00:00,5,1,0,1,0,2,2,0,1
LaLiga,2024/2025,Spain,Las Palmas,2,2024-08-23T19:59:00+00:00,6,1,0,1,0,2,2,0,1
LaLiga,2024/2025,Spain,Sevilla,2,2024-08-23T19:59:00+00:00,7,1,0,1,0,2,2,0,1
LaLiga,2024/2025,Spain,Villarreal,2,2024-08-23T19:59:00+00:00,8,1,0,1,0,2,2,0,1
LaLiga,2024/2025,Spain,Ath Bilbao,2,2024-08-23T19:59:00+00:00,9,1,0,1,0,1,1,0,1
LaLiga,2024/2025,Spain,Betis,2,2024-08-23T19:59:00+00:00,10,1,0,1,0,1,1,0,1
LaLiga,2024/2025,Spain,Getafe,2,2024-08-23T19:59:00+00:00,11,1,0,1,0,1,1,0,1
LaLiga,2024/2025,Spain,Girona,2,2024-08-23T19:59:00+00:00,12,1,0,1,0,1,1,0,1
LaLiga,2024/2025,Spain,Leganes,2,2024-08-23T19:59:00+00:00,13,1,0,1,0,1,1,0,1
LaLiga,2024/2025,Spain,Mallorca,2,2024-08-23T19:59:00+00:00,14,1,0,1,0,1,1,0,1
LaLiga,2024/2025,Spain,Osasuna,2,2024-08-23T19:59:00+00:00,15,1,0,1,0,1,1,0,1
LaLiga,2024/2025,Spain,Real Madrid,2,2024-08-23T19:59:00+00:00,16,1,0,1,0,1,1,0,1
LaLiga,2024/2025,Spain,Alaves,2,2024-08-23T19:59:00+00:00,17,1,0,0,1,1,2,-1,0
LaLiga,2024/2025,Spain,Sociedad,2,2024-08-23T19:59:00+00:00,18,1,0,0,1,1,2,-1,0
LaLiga,2024/2025,Spain,Valencia,2,2024-08-23T19:59:00+00:00,19,1,0,0,1,1,2,-1,0
LaLiga,2024/2025,Spain,Espanol,2,2024-08-23T19:59:00+00:00,20,1,0,0,1,0,1,-1,0
LaLiga,2024/2025,Spain,Celta,3,2024-08-26T19:59:00+00:00,1,2,2,0,0,5,2,3,6
LaLiga,2024/2025,Spain,Barcelona,3,2024-08-26T19:59:00+00:00,2,2,2,0,0,4,2,2,6
LaLiga,2024/2025,Spain,Ath Madrid,3,2024-08-26T19:59:00+00:00,3,2,1,1,0,5,2,3,4
LaLiga,2024/2025,Spain,Real Madrid,3,2024-08-26T19:59:00+00:00,4,2,1,1,0,4,1,3,4
LaLiga,2024/2025,Spain,Villarreal,3,2024-08-26T19:59:00+00:00,5,2,1,1,0,4,3,1,4
LaLiga,2024/2025,Spain,Leganes,3,2024-08-26T19:59:00+00:00,6,2,1,1,0,3,2,1,4
LaLiga,2024/2025,Spain,Osasuna,3,2024-08-26T19:59:00+00:00,7,2,1,1,0,2,1,1,4
LaLiga,2024/2025,Spain,Vallecano,3,2024-08-26T19:59:00+00:00,8,2,1,1,0,2,1,1,4
LaLiga,2024/2025,Spain,Sociedad,3,2024-08-26T19:59:00+00:00,9,2,1,0,1,2,2,0,3
LaLiga,2024/2025,Spain,Valladolid,3,2024-08-26T19:59:00+00:00,10,2,1,0,1,1,3,-2,3
LaLiga,2024/2025,Spain,Betis,3,2024-08-26T19:59:00+00:00,11,2,0,2,0,1,1,0,2
LaLiga,2024/2025,Spain,Getafe,3,2024-08-26T19:59:00+00:00,12,2,0,2,0,1,1,0,2
LaLiga,2024/2025,Spain,Las Palmas,3,2024-08-26T19:59:00+00:00,13,2,0,1,1,3,4,-1,1
LaLiga,2024/2025,Spain,Sevilla,3,2024-08-26T19:59:00+00:00,14,2,0,1,1,3,4,-1,1
LaLiga,2024/2025,Spain,Ath Bilbao,3,2024-08-26T19:59:00+00:00,15,2,0,1,1,2,3,-1,1
LaLiga,2024/2025,Spain,Alaves,3,2024-08-26T19:59:00+00:00,16,2,0,1,1,1,2,-1,1
LaLiga,2024/2025,Spain,Mallorca,3,2024-08-26T19:59:00+00:00,17,2,0,1,1,1,2,-1,1
LaLiga,2024/2025,Spain,Girona,3,2024-08-26T19:59:00+00:00,18,2,0,1,1,1,4,-3,1
LaLiga,2024/2025,Spain,Espanol,3,2024-08-26T19:59:00+00:00,19,2,0,0,2,0,2,-2,0
LaLiga,2024/2025,Spain,Valencia,3,2024-08-26T19:59:00+00:00,20,2,0,0,2,2,5,-3,0
LaLiga,2024/2025,Spain,Barcelona,4,2024-08-31T19:59:00+00:00,1,3,3,0,0,6,3,3,9
LaLiga,2024/2025,Spain,Ath Madrid,4,2024-08-31T19:59:00+00:00,2,4,2,2,0,6,2,4,8
LaLiga,2024/2025,Spain,Villarreal,4,2024-08-31T19:59:00+00:00,3,3,2,1,0,8,6,2,7
LaLiga,2024/2025,Spain,Celta,4,2024-08-31T19:59:00+00:00,4,3,2,0,1,8,6,2,6
LaLiga,2024/2025,Spain,Real Madrid,4,2024-08-31T19:59:00+00:00,5,3,1,2,0,5,2,3,5
LaLiga,2024/2025,Spain,Leganes,4,2024-08-31T19:59:00+00:00,6,3,1,2,0,3,2,1,5
LaLiga,2024/2025,Spain,Girona,4,2024-08-31T19:59:00+00:00,7,3,1,1,1,5,4,1,4
LaLiga,2024/2025,Spain,Alaves,4,2024-08-31T19:59:00+00:00,8,3,1,1,1,3,3,0,4
LaLiga,2024/2025,Spain,Vallecano,4,2024-08-31T19:59:00+00:00,9,3,1,1,1,3,3,0,4
LaLiga,2024/2025,Spain,Ath Bilbao,4,2024-08-31T19:59:00+00:00,10,4,1,1,2,3,4,-1,4
LaLiga,2024/2025,Spain,Valladolid,4,2024-08-31T19:59:00+00:00,11,3,1,1,1,1,3,-2,4
LaLiga,2024/2025,Spain,Osasuna,4,2024-08-31T19:59:00+00:00,12,3,1,1,1,2,5,-3,4
LaLiga,2024/2025,Spain,Sociedad,4,2024-08-31T19:59:00+00:00,13,3,1,0,2,3,4,-1,3
LaLiga,2024/2025,Spain,Betis,4,2024-08-31T19:59:00+00:00,14,2,0,2,0,1,1,0,2
LaLiga,2024/2025,Spain,Getafe,4,2024-08-31T19:59:00+00:00,15,2,0,2,0,1,1,0,2
LaLiga,2024/2025,Spain,Las Palmas,4,2024-08-31T19:59:00+00:00,16,3,0,2,1,4,5,-1,2
LaLiga,2024/2025,Spain,Sevilla,4,2024-08-31T19:59:00+00:00,17,3,0,2,1,3,4,-1,2
LaLiga,2024/2025,Spain,Mallorca,4,2024-08-31T19:59:00+00:00,18,3,0,2,1,1,2,-1,2
LaLiga,2024/2025,Spain,Espanol,4,2024-08-31T19:59:00+00:00,19,3,0,1,2,0,2,-2,1
LaLiga,2024/2025,Spain,Valencia,4,2024-08-31T19:59:00+00:00,20,3,0,0,3,2,6,-4,0
LaLiga,2024/2025,Spain,Barcelona,5,2024-09-14T19:59:00+00:00,1,4,4,0,0,13,3,10,12
LaLiga,2024/2025,Spain,Real Madrid,5,2024-09-14T19:59:00+00:00,2,4,2,2,0,7,2,5,8
LaLiga,2024/2025,Spain,Ath Madrid,5,2024-09-14T19:59:00+00:00,3,4,2,2,0,6,2,4,8
LaLiga,2024/2025,Spain,Villarreal,5,2024-09-14T19:59:00+00:00,4,4,2,2,0,9,7,2,8
LaLiga,2024/2025,Spain,Girona,5,2024-09-14T19:59:00+00:00,5,4,2,1,1,7,4,3,7
LaLiga,2024/2025,Spain,Alaves,5,2024-09-14T19:59:00+00:00,6,4,2,1,1,5,3,2,7
LaLiga,2024/2025,Spain,Osasuna,5,2024-09-14T19:59:00+00:00,7,4,2,1,1,5,7,-2,7
LaLiga,2024/2025,Spain,Celta,5,2024-09-14T19:59:00+00:00,8,4,2,0,2,10,9,1,6
LaLiga,2024/2025,Spain,Betis,5,2024-09-14T19:59:00+00:00,9,4,1,2,1,3,3,0,5
LaLiga,2024/2025,Spain,Mallorca,5,2024-09-14T19:59:00+00:00,10,4,1,2,1,2,2,0,5
LaLiga,2024/2025,Spain,Leganes,5,2024-09-14T19:59:00+00:00,11,5,1,2,2,3,5,-2,5
LaLiga,2024/2025,Spain,Vallecano,5,2024-09-14T19:59:00+00:00,12,4,1,1,2,4,5,-1,4
LaLiga,2024/2025,Spain,Ath Bilbao,5,2024-09-14T19:59:00+00:00,13,4,1,1,2,3,4,-1,4
LaLiga,2024/2025,Spain,Sociedad,5,2024-09-14T19:59:00+00:00,14,4,1,1,2,3,4,-1,4
LaLiga,2024/2025,Spain,Espanol,5,2024-09-14T19:59:00+00:00,15,4,1,1,2,2,3,-1,4
LaLiga,2024/2025,Spain,Valladolid,5,2024-09-14T19:59:00+00:00,16,4,1,1,2,1,10,-9,4
LaLiga,2024/2025,Spain,Getafe,5,2024-09-14T19:59:00+00:00,17,3,0,3,0,1,1,0,3
LaLiga,2024/2025,Spain,Las Palmas,5,2024-09-14T19:59:00+00:00,18,4,0,2,2,4,7,-3,2
LaLiga,2024/2025,Spain,Sevilla,5,2024-09-14T19:59:00+00:00,19,4,0,2,2,3,6,-3,2
LaLiga,2024/2025,Spain,Valencia,5,2024-09-14T19:59:00+00:00,20,4,0,1,3,3,7,-4,1
LaLiga,2024/2025,Spain,Barcelona,6,2024-09-18T19:59:00+00:00,1,5,5,0,0,17,4,13,15
LaLiga,2024/2025,Spain,Ath Madrid,6,2024-09-18T19:59:00+00:00,2,5,3,2,0,9,2,7,11
LaLiga,2024/2025,Spain,Real Madrid,6,2024-09-18T19:59:00+00:00,3,5,3,2,0,9,2,7,11
LaLiga,2024/2025,Spain,Villarreal,6,2024-09-18T19:59:00+00:00,4,5,3,2,0,11,8,3,11
LaLiga,2024/2025,Spain,Celta,6,2024-09-18T19:59:00+00:00,5,5,3,0,2,13,10,3,9
LaLiga,2024/2025,Spain,Mallorca,6,2024-09-18T19:59:00+00:00,6,6,2,2,2,4,4,0,8
LaLiga,2024/2025,Spain,Alaves,6,2024-09-18T19:59:00+00:00,7,5,2,1,2,7,6,1,7
LaLiga,2024/2025,Spain,Vallecano,6,2024-09-18T19:59:00+00:00,8,5,2,1,2,7,6,1,7
LaLiga,2024/2025,Spain,Girona,6,2024-09-18T19:59:00+00:00,9,5,2,1,2,8,8,0,7
LaLiga,2024/2025,Spain,Ath Bilbao,6,2024-09-18T19:59:00+00:00,10,5,2,1,2,6,6,0,7
LaLiga,2024/2025,Spain,Espanol,6,2024-09-18T19:59:00+00:00,11,5,2,1,2,5,5,0,7
LaLiga,2024/2025,Spain,Osasuna,6,2024-09-18T19:59:00+00:00,12,5,2,1,2,6,10,-4,7
LaLiga,2024/2025,Spain,Betis,6,2024-09-18T19:59:00+00:00,13,4,1,2,1,3,3,0,5
LaLiga,2024/2025,Spain,Sevilla,6,2024-09-18T19:59:00+00:00,14,5,1,2,2,4,6,-2,5
LaLiga,2024/2025,Spain,Leganes,6,2024-09-18T19:59:00+00:00,15,5,1,2,2,3,5,-2,5
LaLiga,2024/2025,Spain,Sociedad,6,2024-09-18T19:59:00+00:00,16,6,1,1,4,3,7,-4,4
LaLiga,2024/2025,Spain,Valladolid,6,2024-09-18T19:59:00+00:00,17,5,1,1,3,2,13,-11,4
LaLiga,2024/2025,Spain,Getafe,6,2024-09-18T19:59:00+00:00,18,4,0,3,1,1,2,-1,3
LaLiga,2024/2025,Spain,Las Palmas,6,2024-09-18T19:59:00+00:00,19,5,0,2,3,6,10,-4,2
LaLiga,2024/2025,Spain,Valencia,6,2024-09-18T19:59:00+00:00,20,5,0,1,4,3,10,-7,1
LaLiga,2024/2025,Spain,Barcelona,7,2024-09-22T19:59:00+00:00,1,5,5,0,0,17,4,13,15
LaLiga,2024/2025,Spain,Real Madrid,7,2024-09-22T19:59:00+00:00,2,6,4,2,0,13,3,10,14
LaLiga,2024/2025,Spain,Ath Bilbao,7,2024-09-22T19:59:00+00:00,3,7,4,1,2,11,7,4,13
LaLiga,2024/2025,Spain,Ath Madrid,7,2024-09-22T19:59:00+00:00,4,6,3,3,0,10,3,7,12
LaLiga,2024/2025,Spain,Villarreal,7,2024-09-22T19:59:00+00:00,5,5,3,2,0,11,8,3,11
LaLiga,2024/2025,Spain,Alaves,7,2024-09-22T19:59:00+00:00,6,6,3,1,2,9,7,2,10
LaLiga,2024/2025,Spain,Osasuna,7,2024-09-22T19:59:00+00:00,7,6,3,1,2,8,11,-3,10
LaLiga,2024/2025,Spain,Celta,7,2024-09-22T19:59:00+00:00,8,6,3,0,3,14,13,1,9
LaLiga,2024/2025,Spain,Vallecano,7,2024-09-22T19:59:00+00:00,9,6,2,2,2,8,7,1,8
LaLiga,2024/2025,Spain,Betis,7,2024-09-22T19:59:00+00:00,10,5,2,2,1,5,4,1,8
LaLiga,2024/2025,Spain,Mallorca,7,2024-09-22T19:59:00+00:00,11,6,2,2,2,4,4,0,8
LaLiga,2024/2025,Spain,Girona,7,2024-09-22T19:59:00+00:00,12,6,2,1,3,8,10,-2,7
LaLiga,2024/2025,Spain,Espanol,7,2024-09-22T19:59:00+00:00,13,6,2,1,3,6,9,-3,7
LaLiga,2024/2025,Spain,Leganes,7,2024-09-22T19:59:00+00:00,14,7,1,3,3,4,8,-4,6
LaLiga,2024/2025,Spain,Sevilla,7,2024-09-22T19:59:00+00:00,15,6,1,2,3,5,8,-3,5
LaLiga,2024/2025,Spain,Sociedad,7,2024-09-22T19:59:00+00:00,16,7,1,2,4,3,7,-4,5
LaLiga,2024/2025,Spain,Valladolid,7,2024-09-22T19:59:00+00:00,17,6,1,2,3,2,13,-11,5
LaLiga,2024/2025,Spain,Getafe,7,2024-09-22T19:59:00+00:00,18,6,0,4,2,3,5,-2,4
LaLiga,2024/2025,Spain,Valencia,7,2024-09-22T19:59:00+00:00,19,6,1,1,4,5,10,-5,4
LaLiga,2024/2025,Spain,Las Palmas,7,2024-09-22T19:59:00+00:00,20,6,0,2,4,7,12,-5,2
LaLiga,2024/2025,Spain,Barcelona,8,2024-09-27T19:59:00+00:00,1,7,7,0,0,23,5,18,21
LaLiga,2024/2025,Spain,Real Madrid,8,2024-09-27T19:59:00+00:00,2,7,5,2,0,16,5,11,17
LaLiga,2024/2025,Spain,Ath Madrid,8,2024-09-27T19:59:00+00:00,3,7,4,3,0,11,3,8,15
LaLiga,2024/2025,Spain,Villarreal,8,2024-09-27T19:59:00+00:00,4,7,4,2,1,14,14,0,14
LaLiga,2024/2025,Spain,Ath Bilbao,8,2024-09-27T19:59:00+00:00,5,7,4,1,2,11,7,4,13
LaLiga,2024/2025,Spain,Mallorca,8,2024-09-27T19:59:00+00:00,6,7,3,2,2,6,5,1,11
LaLiga,2024/2025,Spain,Osasuna,8,2024-09-27T19:59:00+00:00,7,7,3,2,2,8,11,-3,11
LaLiga,2024/2025,Spain,Alaves,8,2024-09-27T19:59:00+00:00,8,7,3,1,3,11,10,1,10
LaLiga,2024/2025,Spain,Vallecano,8,2024-09-27T19:59:00+00:00,9,7,2,3,2,8,7,1,9
LaLiga,2024/2025,Spain,Celta,8,2024-09-27T19:59:00+00:00,10,7,3,0,4,14,14,0,9
LaLiga,2024/2025,Spain,Betis,8,2024-09-27T19:59:00+00:00,11,7,2,3,2,7,7,0,9
LaLiga,2024/2025,Spain,Girona,8,2024-09-27T19:59:00+00:00,12,7,2,2,3,8,10,-2,8
LaLiga,2024/2025,Spain,Sevilla,8,2024-09-27T19:59:00+00:00,13,7,2,2,3,7,9,-2,8
LaLiga,2024/2025,Spain,Espanol,8,2024-09-27T19:59:00+00:00,14,7,2,1,4,7,11,-4,7
LaLiga,2024/2025,Spain,Leganes,8,2024-09-27T19:59:00+00:00,15,7,1,3,3,4,8,-4,6
LaLiga,2024/2025,Spain,Sociedad,8,2024-09-27T19:59:00+00:00,16,7,1,2,4,3,7,-4,5
LaLiga,2024/2025,Spain,Valencia,8,2024-09-27T19:59:00+00:00,17,7,1,2,4,5,10,-5,5
LaLiga,2024/2025,Spain,Valladolid,8,2024-09-27T19:59:00+00:00,18,7,1,2,4,3,15,-12,5
LaLiga,2024/2025,Spain,Getafe,8,2024-09-27T19:59:00+00:00,19,7,0,4,3,3,6,-3,4
LaLiga,2024/2025,Spain,Las Palmas,8,2024-09-27T19:59:00+00:00,20,7,0,3,4,8,13,-5,3
LaLiga,2024/2025,Spain,Barcelona,9,2024-10-04T19:59:00+00:00,1,8,7,0,1,25,9,16,21
LaLiga,2024/2025,Spain,Real Madrid,9,2024-10-04T19:59:00+00:00,2,8,5,3,0,17,6,11,18
LaLiga,2024/2025,Spain,Villarreal,9,2024-10-04T19:59:00+00:00,3,8,5,2,1,17,15,2,17
LaLiga,2024/2025,Spain,Ath Madrid,9,2024-10-04T19:59:00+00:00,4,8,4,4,0,12,4,8,16
LaLiga,2024/2025,Spain,Ath Bilbao,9,2024-10-04T19:59:00+00:00,5,8,4,2,2,12,8,4,14
LaLiga,2024/2025,Spain,Mallorca,9,2024-10-04T19:59:00+00:00,6,8,4,2,2,8,6,2,14
LaLiga,2024/2025,Spain,Osasuna,9,2024-10-04T19:59:00+00:00,7,8,4,2,2,12,13,-1,14
LaLiga,2024/2025,Spain,Betis,9,2024-10-04T19:59:00+00:00,8,8,3,3,2,8,7,1,12
LaLiga,2024/2025,Spain,Vallecano,9,2024-10-04T19:59:00+00:00,9,8,2,4,2,9,8,1,10
LaLiga,2024/2025,Spain,Celta,9,2024-10-04T19:59:00+00:00,10,8,3,1,4,15,15,0,10
LaLiga,2024/2025,Spain,Alaves,9,2024-10-04T19:59:00+00:00,11,8,3,1,4,11,12,-1,10
LaLiga,2024/2025,Spain,Girona,9,2024-10-04T19:59:00+00:00,12,8,2,3,3,9,11,-2,9
LaLiga,2024/2025,Spain,Sevilla,9,2024-10-04T19:59:00+00:00,13,8,2,3,3,8,10,-2,9
LaLiga,2024/2025,Spain,Sociedad,9,2024-10-04T19:59:00+00:00,14,8,2,2,4,6,7,-1,8
LaLiga,2024/2025,Spain,Getafe,9,2024-10-04T19:59:00+00:00,15,8,1,4,3,5,6,-1,7
LaLiga,2024/2025,Spain,Leganes,9,2024-10-04T19:59:00+00:00,16,8,1,4,3,5,9,-4,7
LaLiga,2024/2025,Spain,Espanol,9,2024-10-04T19:59:00+00:00,17,8,2,1,5,7,12,-5,7
LaLiga,2024/2025,Spain,Valencia,9,2024-10-04T19:59:00+00:00,18,8,1,2,5,5,13,-8,5
LaLiga,2024/2025,Spain,Valladolid,9,2024-10-04T19:59:00+00:00,19,8,1,2,5,4,17,-13,5
LaLiga,2024/2025,Spain,Las Palmas,9,2024-10-04T19:59:00+00:00,20,8,0,3,5,9,16,-7,3
LaLiga,2024/2025,Spain,Barcelona,10,2024-10-18T19:59:00+00:00,1,9,8,0,1,28,9,19,24
LaLiga,2024/2025,Spain,Real Madrid,10,2024-10-18T19:59:00+00:00,2,9,6,3,0,19,6,13,21
LaLiga,2024/2025,Spain,Ath Madrid,10,2024-10-18T19:59:00+00:00,3,9,4,5,0,13,5,8,17
LaLiga,2024/2025,Spain,Villarreal,10,2024-10-18T19:59:00+00:00,4,9,5,2,2,17,17,0,17
LaLiga,2024/2025,Spain,Osasuna,10,2024-10-18T19:59:00+00:00,5,9,4,3,2,13,14,-1,15
LaLiga,2024/2025,Spain,Ath Bilbao,10,2024-10-18T19:59:00+00:00,6,9,4,2,3,13,10,3,14
LaLiga,2024/2025,Spain,Mallorca,10,2024-10-18T19:59:00+00:00,7,9,4,2,3,9,8,1,14
LaLiga,2024/2025,Spain,Vallecano,10,2024-10-18T19:59:00+00:00,8,9,3,4,2,11,9,2,13
LaLiga,2024/2025,Spain,Celta,10,2024-10-18T19:59:00+00:00,9,9,4,1,4,16,15,1,13
LaLiga,2024/2025,Spain,Betis,10,2024-10-18T19:59:00+00:00,10,9,3,3,3,8,8,0,12
LaLiga,2024/2025,Spain,Girona,10,2024-10-18T19:59:00+00:00,11,9,3,3,3,11,12,-1,12
LaLiga,2024/2025,Spain,Sevilla,10,2024-10-18T19:59:00+00:00,12,9,3,3,3,9,10,-1,12
LaLiga,2024/2025,Spain,Alaves,10,2024-10-18T19:59:00+00:00,13,9,3,1,5,11,15,-4,10
LaLiga,2024/2025,Spain,Espanol,10,2024-10-18T19:59:00+00:00,14,9,3,1,5,9,13,-4,10
LaLiga,2024/2025,Spain,Sociedad,10,2024-10-18T19:59:00+00:00,15,9,2,3,4,7,8,-1,9
LaLiga,2024/2025,Spain,Getafe,10,2024-10-18T19:59:00+00:00,16,9,1,5,3,6,7,-1,8
LaLiga,2024/2025,Spain,Leganes,10,2024-10-18T19:59:00+00:00,17,9,1,5,3,5,9,-4,8
LaLiga,2024/2025,Spain,Valencia,10,2024-10-18T19:59:00+00:00,18,9,1,3,5,5,13,-8,6
LaLiga,2024/2025,Spain,Valladolid,10,2024-10-18T19:59:00+00:00,19,9,1,2,6,5,19,-14,5
LaLiga,2024/2025,Spain,Las Palmas,10,2024-10-18T19:59:00+00:00,20,9,0,3,6,9,17,-8,3
LaLiga,2024/2025,Spain,Barcelona,11,2024-10-25T19:59:00+00:00,1,10,9,0,1,33,10,23,27
LaLiga,2024/2025,Spain,Real Madrid,11,2024-10-25T19:59:00+00:00,2,10,7,3,0,21,7,14,24
LaLiga,2024/2025,Spain,Ath Madrid,11,2024-10-25T19:59:00+00:00,3,10,5,5,0,16,6,10,20
LaLiga,2024/2025,Spain,Villarreal,11,2024-10-25T19:59:00+00:00,4,10,5,3,2,18,18,0,18
LaLiga,2024/2025,Spain,Ath Bilbao,11,2024-10-25T19:59:00+00:00,5,10,5,2,3,17,11,6,17
LaLiga,2024/2025,Spain,Mallorca,11,2024-10-25T19:59:00+00:00,6,10,5,2,3,10,8,2,17
LaLiga,2024/2025,Spain,Betis,11,2024-10-25T19:59:00+00:00,7,10,4,3,3,10,9,1,15
LaLiga,2024/2025,Spain,Osasuna,11,2024-10-25T19:59:00+00:00,8,10,4,3,3,14,16,-2,15
LaLiga,2024/2025,Spain,Vallecano,11,2024-10-25T19:59:00+00:00,9,10,3,4,3,11,10,1,13
LaLiga,2024/2025,Spain,Celta,11,2024-10-25T19:59:00+00:00,10,10,4,1,5,17,17,0,13
LaLiga,2024/2025,Spain,Sociedad,11,2024-10-25T19:59:00+00:00,11,10,3,3,4,8,8,0,12
LaLiga,2024/2025,Spain,Girona,11,2024-10-25T19:59:00+00:00,12,10,3,3,4,11,13,-2,12
LaLiga,2024/2025,Spain,Sevilla,11,2024-10-25T19:59:00+00:00,13,10,3,3,4,10,15,-5,12
LaLiga,2024/2025,Spain,Alaves,11,2024-10-25T19:59:00+00:00,14,10,3,1,6,13,18,-5,10
LaLiga,2024/2025,Spain,Espanol,11,2024-10-25T19:59:00+00:00,15,10,3,1,6,10,17,-7,10
LaLiga,2024/2025,Spain,Getafe,11,2024-10-25T19:59:00+00:00,16,10,1,6,3,7,8,-1,9
LaLiga,2024/2025,Spain,Leganes,11,2024-10-25T19:59:00+00:00,17,10,1,5,4,6,12,-6,8
LaLiga,2024/2025,Spain,Valladolid,11,2024-10-25T19:59:00+00:00,18,10,2,2,6,8,21,-13,8
LaLiga,2024/2025,Spain,Las Palmas,11,2024-10-25T19:59:00+00:00,19,10,1,3,6,12,19,-7,6
LaLiga,2024/2025,Spain,Valencia,11,2024-10-25T19:59:00+00:00,20,10,1,3,6,7,16,-9,6
LaLiga,2024/2025,Spain,Barcelona,12,2024-11-01T19:59:00+00:00,1,11,10,0,1,37,10,27,30
LaLiga,2024/2025,Spain,Real Madrid,12,2024-11-01T19:59:00+00:00,2,11,7,3,1,21,11,10,24
LaLiga,2024/2025,Spain,Villarreal,12,2024-11-01T19:59:00+00:00,3,11,6,3,2,20,19,1,21
LaLiga,2024/2025,Spain,Ath Madrid,12,2024-11-01T19:59:00+00:00,4,11,5,5,1,16,7,9,20
LaLiga,2024/2025,Spain,Ath Bilbao,12,2024-11-01T19:59:00+00:00,5,11,5,3,3,17,11,6,18
LaLiga,2024/2025,Spain,Betis,12,2024-11-01T19:59:00+00:00,6,11,5,3,3,11,9,2,18
LaLiga,2024/2025,Spain,Mallorca,12,2024-11-01T19:59:00+00:00,7,11,5,3,3,10,8,2,18
LaLiga,2024/2025,Spain,Osasuna,12,2024-11-01T19:59:00+00:00,8,11,5,3,3,16,16,0,18
LaLiga,2024/2025,Spain,Vallecano,12,2024-11-01T19:59:00+00:00,9,11,4,4,3,12,10,2,16
LaLiga,2024/2025,Spain,Sevilla,12,2024-11-01T19:59:00+00:00,10,11,4,3,4,12,15,-3,15
LaLiga,2024/2025,Spain,Celta,12,2024-11-01T19:59:00+00:00,11,11,4,1,6,17,20,-3,13
LaLiga,2024/2025,Spain,Sociedad,12,2024-11-01T19:59:00+00:00,12,11,3,3,5,8,10,-2,12
LaLiga,2024/2025,Spain,Girona,12,2024-11-01T19:59:00+00:00,13,11,3,3,5,11,14,-3,12
LaLiga,2024/2025,Spain,Leganes,12,2024-11-01T19:59:00+00:00,14,11,2,5,4,9,12,-3,11
LaLiga,2024/2025,Spain,Getafe,12,2024-11-01T19:59:00+00:00,15,11,1,7,3,8,9,-1,10
LaLiga,2024/2025,Spain,Alaves,12,2024-11-01T19:59:00+00:00,16,11,3,1,7,13,19,-6,10
LaLiga,2024/2025,Spain,Espanol,12,2024-11-01T19:59:00+00:00,17,11,3,1,7,10,19,-9,10
LaLiga,2024/2025,Spain,Las Palmas,12,2024-11-01T19:59:00+00:00,18,11,2,3,6,13,19,-6,9
LaLiga,2024/2025,Spain,Valladolid,12,2024-11-01T19:59:00+00:00,19,11,2,2,7,9,23,-14,8
LaLiga,2024/2025,Spain,Valencia,12,2024-11-01T19:59:00+00:00,20,11,1,4,6,8,17,-9,7
LaLiga,2024/2025,Spain,Barcelona,13,2024-11-09T19:59:00+00:00,1,12,11,0,1,40,11,29,33
LaLiga,2024/2025,Spain,Real Madrid,13,2024-11-09T19:59:00+00:00,2,11,7,3,1,21,11,10,24
LaLiga,2024/2025,Spain,Ath Madrid,13,2024-11-09T19:59:00+00:00,3,12,6,5,1,18,7,11,23
LaLiga,2024/2025,Spain,Villarreal,13,2024-11-09T19:59:00+00:00,4,11,6,3,2,20,19,1,21
LaLiga,2024/2025,Spain,Osasuna,13,2024-11-09T19:59:00+00:00,5,12,6,3,3,17,16,1,21
LaLiga,2024/2025,Spain,Ath Bilbao,13,2024-11-09T19:59:00+00:00,6,12,5,4,3,18,12,6,19
LaLiga,2024/2025,Spain,Betis,13,2024-11-09T19:59:00+00:00,7,12,5,4,3,12,10,2,19
LaLiga,2024/2025,Spain,Mallorca,13,2024-11-09T19:59:00+00:00,8,12,5,3,4,10,9,1,18
LaLiga,2024/2025,Spain,Vallecano,13,2024-11-09T19:59:00+00:00,9,12,4,4,4,13,13,0,16
LaLiga,2024/2025,Spain,Celta,13,2024-11-09T19:59:00+00:00,10,12,5,1,6,18,20,-2,16
LaLiga,2024/2025,Spain,Sociedad,13,2024-11-09T19:59:00+00:00,11,12,4,3,5,10,10,0,15
LaLiga,2024/2025,Spain,Girona,13,2024-11-09T19:59:00+00:00,12,12,4,3,5,15,17,-2,15
LaLiga,2024/2025,Spain,Sevilla,13,2024-11-09T19:59:00+00:00,13,13,4,3,6,12,18,-6,15
LaLiga,2024/2025,Spain,Leganes,13,2024-11-09T19:59:00+00:00,14,13,3,5,5,13,16,-3,14
LaLiga,2024/2025,Spain,Alaves,13,2024-11-09T19:59:00+00:00,15,12,4,1,7,14,19,-5,13
LaLiga,2024/2025,Spain,Las Palmas,13,2024-11-09T19:59:00+00:00,16,13,3,3,7,16,22,-6,12
LaLiga,2024/2025,Spain,Getafe,13,2024-11-09T19:59:00+00:00,17,12,1,7,4,8,10,-2,10
LaLiga,2024/2025,Spain,Espanol,13,2024-11-09T19:59:00+00:00,18,12,3,1,8,11,22,-11,10
LaLiga,2024/2025,Spain,Valladolid,13,2024-11-09T19:59:00+00:00,19,12,2,2,8,9,24,-15,8
LaLiga,2024/2025,Spain,Valencia,13,2024-11-09T19:59:00+00:00,20,11,1,4,6,8,17,-9,7
LaLiga,2024/2025,Spain,Barcelona,14,2024-11-23T19:59:00+00:00,1,14,11,1,2,42,14,28,34
LaLiga,2024/2025,Spain,Ath Madrid,14,2024-11-23T19:59:00+00:00,2,14,8,5,1,21,8,13,29
LaLiga,2024/2025,Spain,Real Madrid,14,2024-11-23T19:59:00+00:00,3,12,8,3,1,25,11,14,27
LaLiga,2024/2025,Spain,Villarreal,14,2024-11-23T19:59:00+00:00,4,12,7,3,2,23,19,4,24
LaLiga,2024/2025,Spain,Osasuna,14,2024-11-23T19:59:00+00:00,5,13,6,3,4,17,20,-3,21
LaLiga,2024/2025,Spain,Ath Bilbao,14,2024-11-23T19:59:00+00:00,6,13,5,5,3,19,13,6,20
LaLiga,2024/2025,Spain,Betis,14,2024-11-23T19:59:00+00:00,7,13,5,5,3,14,12,2,20
LaLiga,2024/2025,Spain,Sociedad,14,2024-11-23T19:59:00+00:00,8,13,5,3,5,11,10,1,18
LaLiga,2024/2025,Spain,Mallorca,14,2024-11-23T19:59:00+00:00,9,13,5,3,5,10,10,0,18
LaLiga,2024/2025,Spain,Girona,14,2024-11-23T19:59:00+00:00,10,13,5,3,5,16,17,-1,18
LaLiga,2024/2025,Spain,Celta,14,2024-11-23T19:59:00+00:00,11,14,5,3,6,22,24,-2,18
LaLiga,2024/2025,Spain,Vallecano,14,2024-11-23T19:59:00+00:00,12,12,4,4,4,13,13,0,16
LaLiga,2024/2025,Spain,Sevilla,14,2024-11-23T19:59:00+00:00,13,13,4,3,6,12,18,-6,15
LaLiga,2024/2025,Spain,Leganes,14,2024-11-23T19:59:00+00:00,14,13,3,5,5,13,16,-3,14
LaLiga,2024/2025,Spain,Getafe,14,2024-11-23T19:59:00+00:00,15,14,2,7,5,10,11,-1,13
LaLiga,2024/2025,Spain,Alaves,14,2024-11-23T19:59:00+00:00,16,14,4,1,9,15,24,-9,13
LaLiga,2024/2025,Spain,Las Palmas,14,2024-11-23T19:59:00+00:00,17,13,3,3,7,16,22,-6,12
LaLiga,2024/2025,Spain,Espanol,14,2024-11-23T19:59:00+00:00,18,12,3,1,8,11,22,-11,10
LaLiga,2024/2025,Spain,Valladolid,14,2024-11-23T19:59:00+00:00,19,14,2,3,9,10,27,-17,9
LaLiga,2024/2025,Spain,Valencia,14,2024-11-23T19:59:00+00:00,20,11,1,4,6,8,17,-9,7
LaLiga,2024/2025,Spain,Barcelona,15,2024-11-30T19:59:00+00:00,1,15,11,1,3,43,16,27,34
LaLiga,2024/2025,Spain,Real Madrid,15,2024-11-30T19:59:00+00:00,2,13,9,3,1,28,11,17,30
LaLiga,2024/2025,Spain,Ath Madrid,15,2024-11-30T19:59:00+00:00,3,14,8,5,1,21,8,13,29
LaLiga,2024/2025,Spain,Villarreal,15,2024-11-30T19:59:00+00:00,4,13,7,4,2,25,21,4,25
LaLiga,2024/2025,Spain,Mallorca,15,2024-11-30T19:59:00+00:00,5,15,7,3,5,15,13,2,24
LaLiga,2024/2025,Spain,Ath Bilbao,15,2024-11-30T19:59:00+00:00,6,14,6,5,3,20,13,7,23
LaLiga,2024/2025,Spain,Osasuna,15,2024-11-30T19:59:00+00:00,7,14,6,4,4,19,22,-3,22
LaLiga,2024/2025,Spain,Girona,15,2024-11-30T19:59:00+00:00,8,14,6,3,5,20,18,2,21
LaLiga,2024/2025,Spain,Betis,15,2024-11-30T19:59:00+00:00,9,14,5,5,4,16,16,0,20
LaLiga,2024/2025,Spain,Sociedad,15,2024-11-30T19:59:00+00:00,10,14,5,3,6,11,11,0,18
LaLiga,2024/2025,Spain,Celta,15,2024-11-30T19:59:00+00:00,11,14,5,3,6,22,24,-2,18
LaLiga,2024/2025,Spain,Sevilla,15,2024-11-30T19:59:00+00:00,12,14,5,3,6,13,18,-5,18
LaLiga,2024/2025,Spain,Vallecano,15,2024-11-30T19:59:00+00:00,13,13,4,4,5,13,14,-1,16
LaLiga,2024/2025,Spain,Las Palmas,15,2024-11-30T19:59:00+00:00,14,15,4,3,8,20,26,-6,15
LaLiga,2024/2025,Spain,Leganes,15,2024-11-30T19:59:00+00:00,15,15,3,6,6,14,20,-6,15
LaLiga,2024/2025,Spain,Alaves,15,2024-11-30T19:59:00+00:00,16,15,4,2,9,16,25,-9,14
LaLiga,2024/2025,Spain,Getafe,15,2024-11-30T19:59:00+00:00,17,14,2,7,5,10,11,-1,13
LaLiga,2024/2025,Spain,Valencia,15,2024-11-30T19:59:00+00:00,18,13,2,4,7,13,21,-8,10
LaLiga,2024/2025,Spain,Espanol,15,2024-11-30T19:59:00+00:00,19,13,3,1,9,12,26,-14,10
LaLiga,2024/2025,Spain,Valladolid,15,2024-11-30T19:59:00+00:00,20,14,2,3,9,10,27,-17,9
LaLiga,2024/2025,Spain,Barcelona,16,2024-12-07T19:59:00+00:00,1,16,12,1,3,48,17,31,37
LaLiga,2024/2025,Spain,Real Madrid,16,2024-12-07T19:59:00+00:00,2,15,10,3,2,31,13,18,33
LaLiga,2024/2025,Spain,Ath Madrid,16,2024-12-07T19:59:00+00:00,3,15,9,5,1,26,8,18,32
LaLiga,2024/2025,Spain,Ath Bilbao,16,2024-12-07T19:59:00+00:00,4,16,8,5,3,24,15,9,29
LaLiga,2024/2025,Spain,Villarreal,16,2024-12-07T19:59:00+00:00,5,14,7,5,2,27,23,4,26
LaLiga,2024/2025,Spain,Mallorca,16,2024-12-07T19:59:00+00:00,6,17,7,3,7,16,20,-4,24
LaLiga,2024/2025,Spain,Osasuna,16,2024-12-07T19:59:00+00:00,7,15,6,5,4,20,23,-3,23
LaLiga,2024/2025,Spain,Girona,16,2024-12-07T19:59:00+00:00,8,15,6,4,5,22,20,2,22
LaLiga,2024/2025,Spain,Sociedad,16,2024-12-07T19:59:00+00:00,9,15,6,3,6,13,11,2,21
LaLiga,2024/2025,Spain,Celta,16,2024-12-07T19:59:00+00:00,10,16,6,3,7,25,27,-2,21
LaLiga,2024/2025,Spain,Betis,16,2024-12-07T19:59:00+00:00,11,15,5,5,5,16,18,-2,20
LaLiga,2024/2025,Spain,Sevilla,16,2024-12-07T19:59:00+00:00,12,15,5,4,6,14,19,-5,19
LaLiga,2024/2025,Spain,Vallecano,16,2024-12-07T19:59:00+00:00,13,14,4,4,6,14,16,-2,16
LaLiga,2024/2025,Spain,Las Palmas,16,2024-12-07T19:59:00+00:00,14,15,4,3,8,20,26,-6,15
LaLiga,2024/2025,Spain,Leganes,16,2024-12-07T19:59:00+00:00,15,15,3,6,6,14,20,-6,15
LaLiga,2024/2025,Spain,Alaves,16,2024-12-07T19:59:00+00:00,16,15,4,2,9,16,25,-9,14
LaLiga,2024/2025,Spain,Getafe,16,2024-12-07T19:59:00+00:00,17,15,2,7,6,10,13,-3,13
LaLiga,2024/2025,Spain,Espanol,16,2024-12-07T19:59:00+00:00,18,14,4,1,9,15,27,-12,13
LaLiga,2024/2025,Spain,Valencia,16,2024-12-07T19:59:00+00:00,19,13,2,4,7,13,21,-8,10
LaLiga,2024/2025,Spain,Valladolid,16,2024-12-07T19:59:00+00:00,20,15,2,3,10,10,32,-22,9
LaLiga,2024/2025,Spain,Barcelona,17,2024-12-14T19:59:00+00:00,1,17,12,2,3,50,19,31,38
LaLiga,2024/2025,Spain,Real Madrid,17,2024-12-14T19:59:00+00:00,2,16,11,3,2,34,13,21,36
LaLiga,2024/2025,Spain,Ath Madrid,17,2024-12-14T19:59:00+00:00,3,16,10,5,1,30,11,19,35
LaLiga,2024/2025,Spain,Ath Bilbao,17,2024-12-14T19:59:00+00:00,4,17,9,5,3,26,15,11,32
LaLiga,2024/2025,Spain,Villarreal,17,2024-12-14T19:59:00+00:00,5,15,7,5,3,27,25,2,26
LaLiga,2024/2025,Spain,Sociedad,17,2024-12-14T19:59:00+00:00,6,16,7,3,6,16,11,5,24
LaLiga,2024/2025,Spain,Osasuna,17,2024-12-14T19:59:00+00:00,7,16,6,6,4,22,25,-3,24
LaLiga,2024/2025,Spain,Mallorca,17,2024-12-14T19:59:00+00:00,8,17,7,3,7,16,20,-4,24
LaLiga,2024/2025,Spain,Girona,17,2024-12-14T19:59:00+00:00,9,16,6,4,6,22,23,-1,22
LaLiga,2024/2025,Spain,Celta,17,2024-12-14T19:59:00+00:00,10,16,6,3,7,25,27,-2,21
LaLiga,2024/2025,Spain,Betis,17,2024-12-14T19:59:00+00:00,11,16,5,6,5,18,20,-2,21
LaLiga,2024/2025,Spain,Vallecano,17,2024-12-14T19:59:00+00:00,12,15,5,4,6,15,16,-1,19
LaLiga,2024/2025,Spain,Sevilla,17,2024-12-14T19:59:00+00:00,13,16,5,4,7,17,23,-6,19
LaLiga,2024/2025,Spain,Las Palmas,17,2024-12-14T19:59:00+00:00,14,16,5,3,8,22,27,-5,18
LaLiga,2024/2025,Spain,Getafe,17,2024-12-14T19:59:00+00:00,15,16,3,7,6,11,13,-2,16
LaLiga,2024/2025,Spain,Alaves,17,2024-12-14T19:59:00+00:00,16,16,4,3,9,18,27,-9,15
LaLiga,2024/2025,Spain,Leganes,17,2024-12-14T19:59:00+00:00,17,16,3,6,7,14,23,-9,15
LaLiga,2024/2025,Spain,Espanol,17,2024-12-14T19:59:00+00:00,18,15,4,1,10,15,28,-13,13
LaLiga,2024/2025,Spain,Valladolid,17,2024-12-14T19:59:00+00:00,19,17,3,3,11,12,34,-22,12
LaLiga,2024/2025,Spain,Valencia,17,2024-12-14T19:59:00+00:00,20,15,2,4,9,13,23,-10,10
LaLiga,2024/2025,Spain,Barcelona,18,2024-12-18T19:59:00+00:00,1,18,12,2,4,50,20,30,38
LaLiga,2024/2025,Spain,Ath Madrid,18,2024-12-18T19:59:00+00:00,2,17,11,5,1,31,11,20,38
LaLiga,2024/2025,Spain,Real Madrid,18,2024-12-18T19:59:00+00:00,3,17,11,4,2,37,16,21,37
LaLiga,2024/2025,Spain,Ath Bilbao,18,2024-12-18T19:59:00+00:00,4,18,9,6,3,27,16,11,33
LaLiga,2024/2025,Spain,Mallorca,18,2024-12-18T19:59:00+00:00,5,18,8,3,7,18,21,-3,27
LaLiga,2024/2025,Spain,Villarreal,18,2024-12-18T19:59:00+00:00,6,16,7,5,4,28,27,1,26
LaLiga,2024/2025,Spain,Sociedad,18,2024-12-18T19:59:00+00:00,7,17,7,4,6,16,11,5,25
LaLiga,2024/2025,Spain,Osasuna,18,2024-12-18T19:59:00+00:00,8,17,6,7,4,22,25,-3,25
LaLiga,2024/2025,Spain,Betis,18,2024-12-18T19:59:00+00:00,9,17,6,6,5,20,21,-1,24
LaLiga,2024/2025,Spain,Girona,18,2024-12-18T19:59:00+00:00,10,17,6,4,7,23,25,-2,22
LaLiga,2024/2025,Spain,Sevilla,18,2024-12-18T19:59:00+00:00,11,17,6,4,7,18,23,-5,22
LaLiga,2024/2025,Spain,Celta,18,2024-12-18T19:59:00+00:00,12,17,6,3,8,25,28,-3,21
LaLiga,2024/2025,Spain,Vallecano,18,2024-12-18T19:59:00+00:00,13,16,5,5,6,18,19,-1,20
LaLiga,2024/2025,Spain,Las Palmas,18,2024-12-18T19:59:00+00:00,14,17,5,4,8,22,27,-5,19
LaLiga,2024/2025,Spain,Leganes,18,2024-12-18T19:59:00+00:00,15,17,4,6,7,15,23,-8,18
LaLiga,2024/2025,Spain,Getafe,18,2024-12-18T19:59:00+00:00,16,17,3,7,7,11,14,-3,16
LaLiga,2024/2025,Spain,Alaves,18,2024-12-18T19:59:00+00:00,17,17,4,4,9,19,28,-9,16
LaLiga,2024/2025,Spain,Espanol,18,2024-12-18T19:59:00+00:00,18,17,4,3,10,16,29,-13,15
LaLiga,2024/2025,Spain,Valladolid,18,2024-12-18T19:59:00+00:00,19,17,3,3,11,12,34,-22,12
LaLiga,2024/2025,Spain,Valencia,18,2024-12-18T19:59:00+00:00,20,16,2,5,9,14,24,-10,11
LaLiga,2024/2025,Spain,Ath Madrid,19,2024-12-22T19:59:00+00:00,1,18,12,5,1,33,12,21,41
LaLiga,2024/2025,Spain,Real Madrid,19,2024-12-22T19:59:00+00:00,2,18,12,4,2,41,18,23,40
LaLiga,2024/2025,Spain,Barcelona,19,2024-12-22T19:59:00+00:00,3,19,12,2,5,51,22,29,38
LaLiga,2024/2025,Spain,Ath Bilbao,19,2024-12-22T19:59:00+00:00,4,19,10,6,3,29,17,12,36
LaLiga,2024/2025,Spain,Villarreal,19,2024-12-22T19:59:00+00:00,5,18,8,6,4,34,30,4,30
LaLiga,2024/2025,Spain,Mallorca,19,2024-12-22T19:59:00+00:00,6,19,9,3,7,19,21,-2,30
LaLiga,2024/2025,Spain,Sociedad,19,2024-12-22T19:59:00+00:00,7,18,7,4,7,16,13,3,25
LaLiga,2024/2025,Spain,Girona,19,2024-12-22T19:59:00+00:00,8,18,7,4,7,26,25,1,25
LaLiga,2024/2025,Spain,Betis,19,2024-12-22T19:59:00+00:00,9,18,6,7,5,21,22,-1,25
LaLiga,2024/2025,Spain,Osasuna,19,2024-12-22T19:59:00+00:00,10,18,6,7,5,23,27,-4,25
LaLiga,2024/2025,Spain,Celta,19,2024-12-22T19:59:00+00:00,11,18,7,3,8,27,28,-1,24
LaLiga,2024/2025,Spain,Vallecano,19,2024-12-22T19:59:00+00:00,12,18,5,7,6,20,21,-1,22
LaLiga,2024/2025,Spain,Las Palmas,19,2024-12-22T19:59:00+00:00,13,18,6,4,8,23,27,-4,22
LaLiga,2024/2025,Spain,Sevilla,19,2024-12-22T19:59:00+00:00,14,18,6,4,8,20,27,-7,22
LaLiga,2024/2025,Spain,Leganes,19,2024-12-22T19:59:00+00:00,15,18,4,6,8,17,28,-11,18
LaLiga,2024/2025,Spain,Getafe,19,2024-12-22T19:59:00+00:00,16,18,3,7,8,11,15,-4,16
LaLiga,2024/2025,Spain,Alaves,19,2024-12-22T19:59:00+00:00,17,17,4,4,9,19,28,-9,16
LaLiga,2024/2025,Spain,Espanol,19,2024-12-22T19:59:00+00:00,18,18,4,3,11,16,30,-14,15
LaLiga,2024/2025,Spain,Valladolid,19,2024-12-22T19:59:00+00:00,19,18,3,3,12,12,37,-25,12
LaLiga,2024/2025,Spain,Valencia,19,2024-12-22T19:59:00+00:00,20,16,2,5,9,14,24,-10,11
LaLiga,2024/2025,Spain,Ath Madrid,20,2025-01-17T19:59:00+00:00,1,19,13,5,1,34,12,22,44
LaLiga,2024/2025,Spain,Real Madrid,20,2025-01-17T19:59:00+00:00,2,19,13,4,2,43,19,24,43
LaLiga,2024/2025,Spain,Barcelona,20,2025-01-17T19:59:00+00:00,3,19,12,2,5,51,22,29,38
LaLiga,2024/2025,Spain,Ath Bilbao,20,2025-01-17T19:59:00+00:00,4,19,10,6,3,29,17,12,36
LaLiga,2024/2025,Spain,Villarreal,20,2025-01-17T19:59:00+00:00,5,19,8,6,5,34,31,3,30
LaLiga,2024/2025,Spain,Mallorca,20,2025-01-17T19:59:00+00:00,6,19,9,3,7,19,21,-2,30
LaLiga,2024/2025,Spain,Sociedad,20,2025-01-17T19:59:00+00:00,7,19,8,4,7,17,13,4,28
LaLiga,2024/2025,Spain,Girona,20,2025-01-17T19:59:00+00:00,8,19,8,4,7,27,25,2,28
LaLiga,2024/2025,Spain,Vallecano,20,2025-01-17T19:59:00+00:00,9,19,6,7,6,22,22,0,25
LaLiga,2024/2025,Spain,Betis,20,2025-01-17T19:59:00+00:00,10,19,6,7,6,21,23,-2,25
LaLiga,2024/2025,Spain,Osasuna,20,2025-01-17T19:59:00+00:00,11,19,6,7,6,23,28,-5,25
LaLiga,2024/2025,Spain,Celta,20,2025-01-17T19:59:00+00:00,12,19,7,3,9,28,30,-2,24
LaLiga,2024/2025,Spain,Sevilla,20,2025-01-17T19:59:00+00:00,13,19,6,5,8,21,28,-7,23
LaLiga,2024/2025,Spain,Las Palmas,20,2025-01-17T19:59:00+00:00,14,19,6,4,9,24,29,-5,22
LaLiga,2024/2025,Spain,Getafe,20,2025-01-17T19:59:00+00:00,15,19,4,7,8,13,16,-3,19
LaLiga,2024/2025,Spain,Leganes,20,2025-01-17T19:59:00+00:00,16,19,4,7,8,18,29,-11,19
LaLiga,2024/2025,Spain,Alaves,20,2025-01-17T19:59:00+00:00,17,19,4,5,10,21,31,-10,17
LaLiga,2024/2025,Spain,Espanol,20,2025-01-17T19:59:00+00:00,18,19,4,4,11,17,31,-14,16
LaLiga,2024/2025,Spain,Valladolid,20,2025-01-17T19:59:00+00:00,19,19,4,3,12,13,37,-24,15
LaLiga,2024/2025,Spain,Valencia,20,2025-01-17T19:59:00+00:00,20,19,2,7,10,18,29,-11,13
LaLiga,2024/2025,Spain,Real Madrid,21,2025-01-24T19:59:00+00:00,1,20,14,4,2,47,20,27,46
LaLiga,2024/2025,Spain,Ath Madrid,21,2025-01-24T19:59:00+00:00,2,20,13,5,2,34,13,21,44
LaLiga,2024/2025,Spain,Barcelona,21,2025-01-24T19:59:00+00:00,3,20,12,3,5,52,23,29,39
LaLiga,2024/2025,Spain,Ath Bilbao,21,2025-01-24T19:59:00+00:00,4,20,11,6,3,31,18,13,39
LaLiga,2024/2025,Spain,Villarreal,21,2025-01-24T19:59:00+00:00,5,20,9,6,5,38,31,7,33
LaLiga,2024/2025,Spain,Mallorca,21,2025-01-24T19:59:00+00:00,6,20,9,3,8,19,25,-6,30
LaLiga,2024/2025,Spain,Sociedad,21,2025-01-24T19:59:00+00:00,7,20,8,4,8,17,14,3,28
LaLiga,2024/2025,Spain,Girona,21,2025-01-24T19:59:00+00:00,8,20,8,4,8,28,27,1,28
LaLiga,2024/2025,Spain,Vallecano,21,2025-01-24T19:59:00+00:00,9,20,6,8,6,23,23,0,26
LaLiga,2024/2025,Spain,Osasuna,21,2025-01-24T19:59:00+00:00,10,20,6,8,6,24,29,-5,26
LaLiga,2024/2025,Spain,Sevilla,21,2025-01-24T19:59:00+00:00,11,20,7,5,8,23,29,-6,26
LaLiga,2024/2025,Spain,Betis,21,2025-01-24T19:59:00+00:00,12,20,6,7,7,22,26,-4,25
LaLiga,2024/2025,Spain,Celta,21,2025-01-24T19:59:00+00:00,13,20,7,3,10,29,32,-3,24
LaLiga,2024/2025,Spain,Las Palmas,21,2025-01-24T19:59:00+00:00,14,20,6,4,10,25,33,-8,22
LaLiga,2024/2025,Spain,Leganes,21,2025-01-24T19:59:00+00:00,15,20,5,7,8,19,29,-10,22
LaLiga,2024/2025,Spain,Getafe,21,2025-01-24T19:59:00+00:00,16,20,4,8,8,14,17,-3,20
LaLiga,2024/2025,Spain,Alaves,21,2025-01-24T19:59:00+00:00,17,20,5,5,10,24,32,-8,20
LaLiga,2024/2025,Spain,Espanol,21,2025-01-24T19:59:00+00:00,18,20,5,4,11,19,32,-13,19
LaLiga,2024/2025,Spain,Valencia,21,2025-01-24T19:59:00+00:00,19,20,3,7,10,19,29,-10,16
LaLiga,2024/2025,Spain,Valladolid,21,2025-01-24T19:59:00+00:00,20,20,4,3,13,14,39,-25,15
LaLiga,2024/2025,Spain,Real Madrid,22,2025-01-31T19:59:00+00:00,1,21,15,4,2,50,20,30,49
LaLiga,2024/2025,Spain,Ath Madrid,22,2025-01-31T19:59:00+00:00,2,21,13,6,2,35,14,21,45
LaLiga,2024/2025,Spain,Barcelona,22,2025-01-31T19:59:00+00:00,3,21,13,3,5,59,24,35,42
LaLiga,2024/2025,Spain,Ath Bilbao,22,2025-01-31T19:59:00+00:00,4,21,11,7,3,31,18,13,40
LaLiga,2024/2025,Spain,Villarreal,22,2025-01-31T19:59:00+00:00,5,21,9,7,5,39,32,7,34
LaLiga,2024/2025,Spain,Mallorca,22,2025-01-31T19:59:00+00:00,6,21,9,3,9,19,26,-7,30
LaLiga,2024/2025,Spain,Vallecano,22,2025-01-31T19:59:00+00:00,7,21,7,8,6,25,24,1,29
LaLiga,2024/2025,Spain,Girona,22,2025-01-31T19:59:00+00:00,8,21,8,4,9,29,29,0,28
LaLiga,2024/2025,Spain,Sociedad,22,2025-01-31T19:59:00+00:00,9,21,8,4,9,17,17,0,28
LaLiga,2024/2025,Spain,Betis,22,2025-01-31T19:59:00+00:00,10,21,7,7,7,23,26,-3,28
LaLiga,2024/2025,Spain,Osasuna,22,2025-01-31T19:59:00+00:00,11,21,6,9,6,25,30,-5,27
LaLiga,2024/2025,Spain,Sevilla,22,2025-01-31T19:59:00+00:00,12,21,7,6,8,24,30,-6,27
LaLiga,2024/2025,Spain,Celta,22,2025-01-31T19:59:00+00:00,13,21,7,4,10,30,33,-3,25
LaLiga,2024/2025,Spain,Getafe,22,2025-01-31T19:59:00+00:00,14,21,5,8,8,17,17,0,23
LaLiga,2024/2025,Spain,Las Palmas,22,2025-01-31T19:59:00+00:00,15,21,6,5,10,26,34,-8,23
LaLiga,2024/2025,Spain,Leganes,22,2025-01-31T19:59:00+00:00,16,21,5,8,8,19,29,-10,23
LaLiga,2024/2025,Spain,Alaves,22,2025-01-31T19:59:00+00:00,17,21,5,6,10,25,33,-8,21
LaLiga,2024/2025,Spain,Espanol,22,2025-01-31T19:59:00+00:00,18,21,5,5,11,20,33,-13,20
LaLiga,2024/2025,Spain,Valencia,22,2025-01-31T19:59:00+00:00,19,21,3,7,11,20,36,-16,16
LaLiga,2024/2025,Spain,Valladolid,22,2025-01-31T19:59:00+00:00,20,21,4,3,14,14,42,-28,15
LaLiga,2024/2025,Spain,Real Madrid,23,2025-02-07T19:59:00+00:00,1,22,15,4,3,50,21,29,49
LaLiga,2024/2025,Spain,Ath Madrid,23,2025-02-07T19:59:00+00:00,2,22,14,6,2,37,14,23,48
LaLiga,2024/2025,Spain,Barcelona,23,2025-02-07T19:59:00+00:00,3,22,14,3,5,60,24,36,45
LaLiga,2024/2025,Spain,Ath Bilbao,23,2025-02-07T19:59:00+00:00,4,22,11,8,3,33,20,13,41
LaLiga,2024/2025,Spain,Villarreal,23,2025-02-07T19:59:00+00:00,5,22,10,7,5,44,33,11,37
LaLiga,2024/2025,Spain,Vallecano,23,2025-02-07T19:59:00+00:00,6,22,8,8,6,26,24,2,32
LaLiga,2024/2025,Spain,Girona,23,2025-02-07T19:59:00+00:00,7,22,9,4,9,31,30,1,31
LaLiga,2024/2025,Spain,Osasuna,23,2025-02-07T19:59:00+00:00,8,22,7,9,6,27,31,-4,30
LaLiga,2024/2025,Spain,Mallorca,23,2025-02-07T19:59:00+00:00,9,22,9,3,10,19,28,-9,30
LaLiga,2024/2025,Spain,Betis,23,2025-02-07T19:59:00+00:00,10,22,7,8,7,25,28,-3,29
LaLiga,2024/2025,Spain,Sociedad,23,2025-02-07T19:59:00+00:00,11,22,8,4,10,18,19,-1,28
LaLiga,2024/2025,Spain,Sevilla,23,2025-02-07T19:59:00+00:00,12,22,7,7,8,24,30,-6,28
LaLiga,2024/2025,Spain,Celta,23,2025-02-07T19:59:00+00:00,13,22,7,4,11,31,35,-4,25
LaLiga,2024/2025,Spain,Getafe,23,2025-02-07T19:59:00+00:00,14,22,5,9,8,17,17,0,24
LaLiga,2024/2025,Spain,Las Palmas,23,2025-02-07T19:59:00+00:00,15,22,6,5,11,27,36,-9,23
LaLiga,2024/2025,Spain,Leganes,23,2025-02-07T19:59:00+00:00,16,22,5,8,9,19,30,-11,23
LaLiga,2024/2025,Spain,Espanol,23,2025-02-07T19:59:00+00:00,17,22,6,5,11,21,33,-12,23
LaLiga,2024/2025,Spain,Alaves,23,2025-02-07T19:59:00+00:00,18,22,5,6,11,25,34,-9,21
LaLiga,2024/2025,Spain,Valencia,23,2025-02-07T19:59:00+00:00,19,22,4,7,11,22,37,-15,19
LaLiga,2024/2025,Spain,Valladolid,23,2025-02-07T19:59:00+00:00,20,22,4,3,15,15,47,-32,15
LaLiga,2024/2025,Spain,Real Madrid,24,2025-02-14T19:59:00+00:00,1,23,15,5,3,51,22,29,50
LaLiga,2024/2025,Spain,Ath Madrid,24,2025-02-14T19:59:00+00:00,2,23,14,7,2,38,15,23,49
LaLiga,2024/2025,Spain,Barcelona,24,2025-02-14T19:59:00+00:00,3,23,15,3,5,64,25,39,48
LaLiga,2024/2025,Spain,Ath Bilbao,24,2025-02-14T19:59:00+00:00,4,23,12,8,3,36,20,16,44
LaLiga,2024/2025,Spain,Villarreal,24,2025-02-14T19:59:00+00:00,5,23,11,7,5,46,34,12,40
LaLiga,2024/2025,Spain,Vallecano,24,2025-02-14T19:59:00+00:00,6,23,9,8,6,27,24,3,35
LaLiga,2024/2025,Spain,Sociedad,24,2025-02-14T19:59:00+00:00,7,23,9,4,10,20,20,0,31
LaLiga,2024/2025,Spain,Girona,24,2025-02-14T19:59:00+00:00,8,23,9,4,10,31,33,-2,31
LaLiga,2024/2025,Spain,Osasuna,24,2025-02-14T19:59:00+00:00,9,23,7,10,6,28,32,-4,31
LaLiga,2024/2025,Spain,Mallorca,24,2025-02-14T19:59:00+00:00,10,23,9,4,10,20,29,-9,31
LaLiga,2024/2025,Spain,Betis,24,2025-02-14T19:59:00+00:00,11,23,7,8,8,27,31,-4,29
LaLiga,2024/2025,Spain,Celta,24,2025-02-14T19:59:00+00:00,12,23,8,4,11,34,37,-3,28
LaLiga,2024/2025,Spain,Sevilla,24,2025-02-14T19:59:00+00:00,13,23,7,7,9,25,34,-9,28
LaLiga,2024/2025,Spain,Getafe,24,2025-02-14T19:59:00+00:00,14,23,6,9,8,18,17,1,27
LaLiga,2024/2025,Spain,Las Palmas,24,2025-02-14T19:59:00+00:00,15,23,6,5,12,28,38,-10,23
LaLiga,2024/2025,Spain,Espanol,24,2025-02-14T19:59:00+00:00,16,23,6,5,12,22,35,-13,23
LaLiga,2024/2025,Spain,Leganes,24,2025-02-14T19:59:00+00:00,17,23,5,8,10,19,32,-13,23
LaLiga,2024/2025,Spain,Valencia,24,2025-02-14T19:59:00+00:00,18,23,5,7,11,24,37,-13,22
LaLiga,2024/2025,Spain,Alaves,24,2025-02-14T19:59:00+00:00,19,23,5,6,12,25,35,-10,21
LaLiga,2024/2025,Spain,Valladolid,24,2025-02-14T19:59:00+00:00,20,23,4,3,16,15,48,-33,15
LaLiga,2024/2025,Spain,Barcelona,25,2025-02-21T19:59:00+00:00,1,24,16,3,5,65,25,40,51
LaLiga,2024/2025,Spain,Real Madrid,25,2025-02-21T19:59:00+00:00,2,24,15,6,3,52,23,29,51
LaLiga,2024/2025,Spain,Ath Madrid,25,2025-02-21T19:59:00+00:00,3,24,14,8,2,39,16,23,50
LaLiga,2024/2025,Spain,Ath Bilbao,25,2025-02-21T19:59:00+00:00,4,24,12,9,3,37,21,16,45
LaLiga,2024/2025,Spain,Villarreal,25,2025-02-21T19:59:00+00:00,5,24,11,8,5,47,35,12,41
LaLiga,2024/2025,Spain,Vallecano,25,2025-02-21T19:59:00+00:00,6,24,9,8,7,27,25,2,35
LaLiga,2024/2025,Spain,Mallorca,25,2025-02-21T19:59:00+00:00,7,24,10,4,10,23,30,-7,34
LaLiga,2024/2025,Spain,Betis,25,2025-02-21T19:59:00+00:00,8,24,8,8,8,30,31,-1,32
LaLiga,2024/2025,Spain,Osasuna,25,2025-02-21T19:59:00+00:00,9,24,7,11,6,29,33,-4,32
LaLiga,2024/2025,Spain,Girona,25,2025-02-21T19:59:00+00:00,10,24,9,4,11,32,35,-3,31
LaLiga,2024/2025,Spain,Sociedad,25,2025-02-21T19:59:00+00:00,11,24,9,4,11,20,23,-3,31
LaLiga,2024/2025,Spain,Sevilla,25,2025-02-21T19:59:00+00:00,12,24,8,7,9,29,34,-5,31
LaLiga,2024/2025,Spain,Getafe,25,2025-02-21T19:59:00+00:00,13,24,7,9,8,20,18,2,30
LaLiga,2024/2025,Spain,Celta,25,2025-02-21T19:59:00+00:00,14,24,8,5,11,35,38,-3,29
LaLiga,2024/2025,Spain,Espanol,25,2025-02-21T19:59:00+00:00,15,24,6,6,12,23,36,-13,24
LaLiga,2024/2025,Spain,Leganes,25,2025-02-21T19:59:00+00:00,16,24,5,9,10,22,35,-13,24
LaLiga,2024/2025,Spain,Las Palmas,25,2025-02-21T19:59:00+00:00,17,24,6,5,13,29,41,-12,23
LaLiga,2024/2025,Spain,Valencia,25,2025-02-21T19:59:00+00:00,18,24,5,8,11,25,38,-13,23
LaLiga,2024/2025,Spain,Alaves,25,2025-02-21T19:59:00+00:00,19,24,5,7,12,28,38,-10,22
LaLiga,2024/2025,Spain,Valladolid,25,2025-02-21T19:59:00+00:00,20,24,4,3,17,15,52,-37,15
LaLiga,2024/2025,Spain,Barcelona,26,2025-02-28T19:59:00+00:00,1,25,17,3,5,67,25,42,54
LaLiga,2024/2025,Spain,Real Madrid,26,2025-02-28T19:59:00+00:00,2,25,16,6,3,54,23,31,54
LaLiga,2024/2025,Spain,Ath Madrid,26,2025-02-28T19:59:00+00:00,3,25,15,8,2,42,16,26,53
LaLiga,2024/2025,Spain,Ath Bilbao,26,2025-02-28T19:59:00+00:00,4,25,13,9,3,44,22,22,48
LaLiga,2024/2025,Spain,Villarreal,26,2025-02-28T19:59:00+00:00,5,25,12,8,5,48,35,13,44
LaLiga,2024/2025,Spain,Vallecano,26,2025-02-28T19:59:00+00:00,6,25,9,8,8,27,26,1,35
LaLiga,2024/2025,Spain,Betis,26,2025-02-28T19:59:00+00:00,7,25,9,8,8,32,32,0,35
LaLiga,2024/2025,Spain,Mallorca,26,2025-02-28T19:59:00+00:00,8,25,10,5,10,24,31,-7,35
LaLiga,2024/2025,Spain,Sociedad,26,2025-02-28T19:59:00+00:00,9,25,10,4,11,23,23,0,34
LaLiga,2024/2025,Spain,Celta,26,2025-02-28T19:59:00+00:00,10,25,9,5,11,36,38,-2,32
LaLiga,2024/2025,Spain,Sevilla,26,2025-02-28T19:59:00+00:00,11,25,8,8,9,30,35,-5,32
LaLiga,2024/2025,Spain,Osasuna,26,2025-02-28T19:59:00+00:00,12,25,7,11,7,29,34,-5,32
LaLiga,2024/2025,Spain,Girona,26,2025-02-28T19:59:00+00:00,13,25,9,4,12,32,37,-5,31
LaLiga,2024/2025,Spain,Getafe,26,2025-02-28T19:59:00+00:00,14,25,7,9,9,21,20,1,30
LaLiga,2024/2025,Spain,Espanol,26,2025-02-28T19:59:00+00:00,15,25,7,6,12,24,36,-12,27
LaLiga,2024/2025,Spain,Leganes,26,2025-02-28T19:59:00+00:00,16,25,5,9,11,22,38,-16,24
LaLiga,2024/2025,Spain,Las Palmas,26,2025-02-28T19:59:00+00:00,17,25,6,5,14,29,43,-14,23
LaLiga,2024/2025,Spain,Valencia,26,2025-02-28T19:59:00+00:00,18,25,5,8,12,25,41,-16,23
LaLiga,2024/2025,Spain,Alaves,26,2025-02-28T19:59:00+00:00,19,25,5,7,13,28,39,-11,22
LaLiga,2024/2025,Spain,Valladolid,26,2025-02-28T19:59:00+00:00,20,25,4,3,18,16,59,-43,15
LaLiga,2024/2025,Spain,Barcelona,27,2025-03-08T19:59:00+00:00,1,26,18,3,5,71,25,46,57
LaLiga,2024/2025,Spain,Ath Madrid,27,2025-03-08T19:59:00+00:00,2,26,16,8,2,43,16,27,56
LaLiga,2024/2025,Spain,Real Madrid,27,2025-03-08T19:59:00+00:00,3,26,16,6,4,55,25,30,54
LaLiga,2024/2025,Spain,Ath Bilbao,27,2025-03-08T19:59:00+00:00,4,26,13,9,4,44,23,21,48
LaLiga,2024/2025,Spain,Villarreal,27,2025-03-08T19:59:00+00:00,5,26,12,8,6,48,36,12,44
LaLiga,2024/2025,Spain,Betis,27,2025-03-08T19:59:00+00:00,6,26,10,8,8,34,33,1,38
LaLiga,2024/2025,Spain,Vallecano,27,2025-03-08T19:59:00+00:00,7,26,9,9,8,28,27,1,36
LaLiga,2024/2025,Spain,Mallorca,27,2025-03-08T19:59:00+00:00,8,26,10,6,10,25,32,-7,36
LaLiga,2024/2025,Spain,Sociedad,27,2025-03-08T19:59:00+00:00,9,26,10,4,12,23,27,-4,34
LaLiga,2024/2025,Spain,Celta,27,2025-03-08T19:59:00+00:00,10,26,9,6,11,38,40,-2,33
LaLiga,2024/2025,Spain,Osasuna,27,2025-03-08T19:59:00+00:00,11,26,7,12,7,32,37,-5,33
LaLiga,2024/2025,Spain,Sevilla,27,2025-03-08T19:59:00+00:00,12,26,8,9,9,31,36,-5,33
LaLiga,2024/2025,Spain,Girona,27,2025-03-08T19:59:00+00:00,13,26,9,5,12,34,39,-5,32
LaLiga,2024/2025,Spain,Getafe,27,2025-03-08T19:59:00+00:00,14,26,7,9,10,21,21,0,30
LaLiga,2024/2025,Spain,Espanol,27,2025-03-08T19:59:00+00:00,15,25,7,6,12,24,36,-12,27
LaLiga,2024/2025,Spain,Leganes,27,2025-03-08T19:59:00+00:00,16,26,6,9,11,23,38,-15,27
LaLiga,2024/2025,Spain,Alaves,27,2025-03-08T19:59:00+00:00,17,27,6,8,13,30,40,-10,26
LaLiga,2024/2025,Spain,Las Palmas,27,2025-03-08T19:59:00+00:00,18,26,6,6,14,30,44,-14,24
LaLiga,2024/2025,Spain,Valencia,27,2025-03-08T19:59:00+00:00,19,26,5,9,12,28,44,-16,24
LaLiga,2024/2025,Spain,Valladolid,27,2025-03-08T19:59:00+00:00,20,26,4,4,18,17,60,-43,16
LaLiga,2024/2025,Spain,Barcelona,28,2025-03-15T19:59:00+00:00,1,26,18,3,5,71,25,46,57
LaLiga,2024/2025,Spain,Real Madrid,28,2025-03-15T19:59:00+00:00,2,27,17,6,4,57,26,31,57
LaLiga,2024/2025,Spain,Ath Madrid,28,2025-03-15T19:59:00+00:00,3,27,16,8,3,44,18,26,56
LaLiga,2024/2025,Spain,Ath Bilbao,28,2025-03-15T19:59:00+00:00,4,27,13,10,4,45,24,21,49
LaLiga,2024/2025,Spain,Villarreal,28,2025-03-15T19:59:00+00:00,5,26,12,8,6,48,36,12,44
LaLiga,2024/2025,Spain,Betis,28,2025-03-15T19:59:00+00:00,6,27,11,8,8,35,33,2,41
LaLiga,2024/2025,Spain,Mallorca,28,2025-03-15T19:59:00+00:00,7,27,10,7,10,26,33,-7,37
LaLiga,2024/2025,Spain,Vallecano,28,2025-03-15T19:59:00+00:00,8,27,9,9,9,29,29,0,36
LaLiga,2024/2025,Spain,Celta,28,2025-03-15T19:59:00+00:00,9,27,10,6,11,40,41,-1,36
LaLiga,2024/2025,Spain,Sevilla,28,2025-03-15T19:59:00+00:00,10,27,9,9,9,32,36,-4,36
LaLiga,2024/2025,Spain,Girona,28,2025-03-15T19:59:00+00:00,11,28,9,7,12,36,41,-5,34
LaLiga,2024/2025,Spain,Sociedad,28,2025-03-15T19:59:00+00:00,12,27,10,4,13,23,28,-5,34
LaLiga,2024/2025,Spain,Getafe,28,2025-03-15T19:59:00+00:00,13,27,8,9,10,23,22,1,33
LaLiga,2024/2025,Spain,Osasuna,28,2025-03-15T19:59:00+00:00,14,26,7,12,7,32,37,-5,33
LaLiga,2024/2025,Spain,Espanol,28,2025-03-15T19:59:00+00:00,15,26,7,7,12,25,37,-12,28
LaLiga,2024/2025,Spain,Valencia,28,2025-03-15T19:59:00+00:00,16,28,6,10,12,31,46,-15,28
LaLiga,2024/2025,Spain,Alaves,28,2025-03-15T19:59:00+00:00,17,28,6,9,13,32,42,-10,27
LaLiga,2024/2025,Spain,Leganes,28,2025-03-15T19:59:00+00:00,18,27,6,9,12,24,40,-16,27
LaLiga,2024/2025,Spain,Las Palmas,28,2025-03-15T19:59:00+00:00,19,28,6,7,15,32,47,-15,25
LaLiga,2024/2025,Spain,Valladolid,28,2025-03-15T19:59:00+00:00,20,27,4,4,19,18,62,-44,16
LaLiga,2024/2025,Spain,Barcelona,29,2025-03-29T19:59:00+00:00,1,28,20,3,5,78,27,51,63
LaLiga,2024/2025,Spain,Real Madrid,29,2025-03-29T19:59:00+00:00,2,28,18,6,4,59,27,32,60
LaLiga,2024/2025,Spain,Ath Madrid,29,2025-03-29T19:59:00+00:00,3,28,16,8,4,46,22,24,56
LaLiga,2024/2025,Spain,Ath Bilbao,29,2025-03-29T19:59:00+00:00,4,28,14,10,4,46,24,22,52
LaLiga,2024/2025,Spain,Villarreal,29,2025-03-29T19:59:00+00:00,5,27,12,8,7,49,38,11,44
LaLiga,2024/2025,Spain,Betis,29,2025-03-29T19:59:00+00:00,6,28,12,8,8,38,35,3,44
LaLiga,2024/2025,Spain,Vallecano,29,2025-03-29T19:59:00+00:00,7,29,10,10,9,33,31,2,40
LaLiga,2024/2025,Spain,Mallorca,29,2025-03-29T19:59:00+00:00,8,28,11,7,10,28,34,-6,40
LaLiga,2024/2025,Spain,Celta,29,2025-03-29T19:59:00+00:00,9,28,11,6,11,41,41,0,39
LaLiga,2024/2025,Spain,Getafe,29,2025-03-29T19:59:00+00:00,10,28,9,9,10,25,23,2,36
LaLiga,2024/2025,Spain,Sevilla,29,2025-03-29T19:59:00+00:00,11,28,9,9,10,32,37,-5,36
LaLiga,2024/2025,Spain,Sociedad,29,2025-03-29T19:59:00+00:00,12,28,10,5,13,25,30,-5,35
LaLiga,2024/2025,Spain,Girona,29,2025-03-29T19:59:00+00:00,13,28,9,7,12,36,41,-5,34
LaLiga,2024/2025,Spain,Osasuna,29,2025-03-29T19:59:00+00:00,14,28,7,12,9,33,42,-9,33
LaLiga,2024/2025,Spain,Espanol,29,2025-03-29T19:59:00+00:00,15,27,7,7,13,26,39,-13,28
LaLiga,2024/2025,Spain,Valencia,29,2025-03-29T19:59:00+00:00,16,28,6,10,12,31,46,-15,28
LaLiga,2024/2025,Spain,Alaves,29,2025-03-29T19:59:00+00:00,17,29,6,9,14,32,44,-12,27
LaLiga,2024/2025,Spain,Leganes,29,2025-03-29T19:59:00+00:00,18,28,6,9,13,26,43,-17,27
LaLiga,2024/2025,Spain,Las Palmas,29,2025-03-29T19:59:00+00:00,19,28,6,7,15,32,47,-15,25
LaLiga,2024/2025,Spain,Valladolid,29,2025-03-29T19:59:00+00:00,20,28,4,4,20,18,63,-45,16
LaLiga,2024/2025,Spain,Barcelona,30,2025-04-05T19:59:00+00:00,1,29,21,3,5,82,28,54,66
LaLiga,2024/2025,Spain,Real Madrid,30,2025-04-05T19:59:00+00:00,2,29,19,6,4,62,29,33,63
LaLiga,2024/2025,Spain,Ath Madrid,30,2025-04-05T19:59:00+00:00,3,29,16,9,4,47,23,24,57
LaLiga,2024/2025,Spain,Ath Bilbao,30,2025-04-05T19:59:00+00:00,4,29,14,11,4,46,24,22,53
LaLiga,2024/2025,Spain,Villarreal,30,2025-04-05T19:59:00+00:00,5,28,13,8,7,51,39,12,47
LaLiga,2024/2025,Spain,Betis,30,2025-04-05T19:59:00+00:00,6,29,13,8,8,40,36,4,47
LaLiga,2024/2025,Spain,Celta,30,2025-04-05T19:59:00+00:00,7,29,11,7,11,42,42,0,40
LaLiga,2024/2025,Spain,Vallecano,30,2025-04-05T19:59:00+00:00,8,30,10,10,10,33,35,-2,40
LaLiga,2024/2025,Spain,Mallorca,30,2025-04-05T19:59:00+00:00,9,29,11,7,11,28,35,-7,40
LaLiga,2024/2025,Spain,Sociedad,30,2025-04-05T19:59:00+00:00,10,29,11,5,13,27,31,-4,38
LaLiga,2024/2025,Spain,Getafe,30,2025-04-05T19:59:00+00:00,11,29,9,9,11,26,25,1,36
LaLiga,2024/2025,Spain,Sevilla,30,2025-04-05T19:59:00+00:00,12,29,9,9,11,33,39,-6,36
LaLiga,2024/2025,Spain,Girona,30,2025-04-05T19:59:00+00:00,13,29,9,7,13,37,45,-8,34
LaLiga,2024/2025,Spain,Osasuna,30,2025-04-05T19:59:00+00:00,14,29,7,13,9,33,42,-9,34
LaLiga,2024/2025,Spain,Espanol,30,2025-04-05T19:59:00+00:00,15,29,8,8,13,31,40,-9,32
LaLiga,2024/2025,Spain,Valencia,30,2025-04-05T19:59:00+00:00,16,29,7,10,12,32,46,-14,31
LaLiga,2024/2025,Spain,Alaves,30,2025-04-05T19:59:00+00:00,17,29,6,9,14,32,44,-12,27
LaLiga,2024/2025,Spain,Leganes,30,2025-04-05T19:59:00+00:00,18,29,6,9,14,28,46,-18,27
LaLiga,2024/2025,Spain,Las Palmas,30,2025-04-05T19:59:00+00:00,19,29,6,8,15,33,48,-15,26
LaLiga,2024/2025,Spain,Valladolid,30,2025-04-05T19:59:00+00:00,20,29,4,4,21,19,65,-46,16
LaLiga,2024/2025,Spain,Barcelona,31,2025-04-12T19:59:00+00:00,1,30,21,4,5,83,29,54,67
LaLiga,2024/2025,Spain,Real Madrid,31,2025-04-12T19:59:00+00:00,2,30,19,6,5,63,31,32,63
LaLiga,2024/2025,Spain,Ath Madrid,31,2025-04-12T19:59:00+00:00,3,30,17,9,4,49,24,25,60
LaLiga,2024/2025,Spain,Ath Bilbao,31,2025-04-12T19:59:00+00:00,4,30,14,12,4,46,24,22,54
LaLiga,2024/2025,Spain,Villarreal,31,2025-04-12T19:59:00+00:00,5,29,13,9,7,51,39,12,48
LaLiga,2024/2025,Spain,Betis,31,2025-04-12T19:59:00+00:00,6,30,13,9,8,41,37,4,48
LaLiga,2024/2025,Spain,Celta,31,2025-04-12T19:59:00+00:00,7,30,12,7,11,44,43,1,43
LaLiga,2024/2025,Spain,Sociedad,31,2025-04-12T19:59:00+00:00,8,30,12,5,13,30,32,-2,41
LaLiga,2024/2025,Spain,Vallecano,31,2025-04-12T19:59:00+00:00,9,30,10,10,10,33,35,-2,40
LaLiga,2024/2025,Spain,Mallorca,31,2025-04-12T19:59:00+00:00,10,30,11,7,12,29,37,-8,40
LaLiga,2024/2025,Spain,Getafe,31,2025-04-12T19:59:00+00:00,11,30,10,9,11,30,25,5,39
LaLiga,2024/2025,Spain,Valencia,31,2025-04-12T19:59:00+00:00,12,31,9,10,12,35,47,-12,37
LaLiga,2024/2025,Spain,Sevilla,31,2025-04-12T19:59:00+00:00,13,31,9,9,13,34,42,-8,36
LaLiga,2024/2025,Spain,Osasuna,31,2025-04-12T19:59:00+00:00,14,30,7,14,9,34,43,-9,35
LaLiga,2024/2025,Spain,Girona,31,2025-04-12T19:59:00+00:00,15,30,9,7,14,37,46,-9,34
LaLiga,2024/2025,Spain,Espanol,31,2025-04-12T19:59:00+00:00,16,29,8,8,13,31,40,-9,32
LaLiga,2024/2025,Spain,Alaves,31,2025-04-12T19:59:00+00:00,17,30,7,9,14,33,44,-11,30
LaLiga,2024/2025,Spain,Leganes,31,2025-04-12T19:59:00+00:00,18,30,6,10,14,29,47,-18,28
LaLiga,2024/2025,Spain,Las Palmas,31,2025-04-12T19:59:00+00:00,19,30,6,8,16,34,51,-17,26
LaLiga,2024/2025,Spain,Valladolid,31,2025-04-12T19:59:00+00:00,20,30,4,4,22,19,69,-50,16
LaLiga,2024/2025,Spain,Barcelona,32,2025-04-19T19:59:00+00:00,1,31,22,4,5,84,29,55,70
LaLiga,2024/2025,Spain,Real Madrid,32,2025-04-19T19:59:00+00:00,2,31,20,6,5,64,31,33,66
LaLiga,2024/2025,Spain,Ath Madrid,32,2025-04-19T19:59:00+00:00,3,31,18,9,4,53,26,27,63
LaLiga,2024/2025,Spain,Ath Bilbao,32,2025-04-19T19:59:00+00:00,4,31,15,12,4,49,25,24,57
LaLiga,2024/2025,Spain,Villarreal,32,2025-04-19T19:59:00+00:00,5,30,14,9,7,53,40,13,51
LaLiga,2024/2025,Spain,Betis,32,2025-04-19T19:59:00+00:00,6,31,13,9,9,42,39,3,48
LaLiga,2024/2025,Spain,Celta,32,2025-04-19T19:59:00+00:00,7,31,12,7,12,44,45,-1,43
LaLiga,2024/2025,Spain,Mallorca,32,2025-04-19T19:59:00+00:00,8,31,12,7,12,31,37,-6,43
LaLiga,2024/2025,Spain,Sociedad,32,2025-04-19T19:59:00+00:00,9,31,12,5,14,30,34,-4,41
LaLiga,2024/2025,Spain,Vallecano,32,2025-04-19T19:59:00+00:00,10,31,10,10,11,34,38,-4,40
LaLiga,2024/2025,Spain,Getafe,32,2025-04-19T19:59:00+00:00,11,32,10,9,13,31,29,2,39
LaLiga,2024/2025,Spain,Espanol,32,2025-04-19T19:59:00+00:00,12,31,10,8,13,34,40,-6,38
LaLiga,2024/2025,Spain,Osasuna,32,2025-04-19T19:59:00+00:00,13,31,8,14,9,36,44,-8,38
LaLiga,2024/2025,Spain,Valencia,32,2025-04-19T19:59:00+00:00,14,31,9,10,12,35,47,-12,37
LaLiga,2024/2025,Spain,Sevilla,32,2025-04-19T19:59:00+00:00,15,31,9,9,13,34,42,-8,36
LaLiga,2024/2025,Spain,Girona,32,2025-04-19T19:59:00+00:00,16,31,9,7,15,38,48,-10,34
LaLiga,2024/2025,Spain,Alaves,32,2025-04-19T19:59:00+00:00,17,31,7,9,15,33,45,-12,30
LaLiga,2024/2025,Spain,Las Palmas,32,2025-04-19T19:59:00+00:00,18,31,7,8,16,37,52,-15,29
LaLiga,2024/2025,Spain,Leganes,32,2025-04-19T19:59:00+00:00,19,31,6,10,15,29,48,-19,28
LaLiga,2024/2025,Spain,Valladolid,32,2025-04-19T19:59:00+00:00,20,31,4,4,23,21,73,-52,16
LaLiga,2024/2025,Spain,Barcelona,33,2025-04-22T19:59:00+00:00,1,33,24,4,5,89,32,57,76
LaLiga,2024/2025,Spain,Real Madrid,33,2025-04-22T19:59:00+00:00,2,32,21,6,5,65,31,34,69
LaLiga,2024/2025,Spain,Ath Madrid,33,2025-04-22T19:59:00+00:00,3,32,18,9,5,53,27,26,63
LaLiga,2024/2025,Spain,Ath Bilbao,33,2025-04-22T19:59:00+00:00,4,32,15,12,5,49,26,23,57
LaLiga,2024/2025,Spain,Villarreal,33,2025-04-22T19:59:00+00:00,5,31,14,10,7,55,42,13,52
LaLiga,2024/2025,Spain,Betis,33,2025-04-22T19:59:00+00:00,6,32,14,9,9,45,40,5,51
LaLiga,2024/2025,Spain,Mallorca,33,2025-04-22T19:59:00+00:00,7,33,12,8,13,31,38,-7,44
LaLiga,2024/2025,Spain,Celta,33,2025-04-22T19:59:00+00:00,8,32,12,7,13,47,49,-2,43
LaLiga,2024/2025,Spain,Sociedad,33,2025-04-22T19:59:00+00:00,9,32,12,6,14,32,36,-4,42
LaLiga,2024/2025,Spain,Vallecano,33,2025-04-22T19:59:00+00:00,10,32,10,11,11,35,39,-4,41
LaLiga,2024/2025,Spain,Osasuna,33,2025-04-22T19:59:00+00:00,11,32,9,14,9,39,46,-7,41
LaLiga,2024/2025,Spain,Getafe,33,2025-04-22T19:59:00+00:00,12,32,10,9,13,31,29,2,39
LaLiga,2024/2025,Spain,Espanol,33,2025-04-22T19:59:00+00:00,13,31,10,8,13,34,40,-6,38
LaLiga,2024/2025,Spain,Valencia,33,2025-04-22T19:59:00+00:00,14,32,9,11,12,36,48,-12,38
LaLiga,2024/2025,Spain,Sevilla,33,2025-04-22T19:59:00+00:00,15,32,9,10,13,35,43,-8,37
LaLiga,2024/2025,Spain,Girona,33,2025-04-22T19:59:00+00:00,16,32,9,7,16,39,51,-12,34
LaLiga,2024/2025,Spain,Las Palmas,33,2025-04-22T19:59:00+00:00,17,32,8,8,16,38,52,-14,32
LaLiga,2024/2025,Spain,Alaves,33,2025-04-22T19:59:00+00:00,18,32,7,10,15,34,46,-12,31
LaLiga,2024/2025,Spain,Leganes,33,2025-04-22T19:59:00+00:00,19,32,6,11,15,29,48,-19,29
LaLiga,2024/2025,Spain,Valladolid,33,2025-04-22T19:59:00+00:00,20,32,4,4,24,23,76,-53,16
LaLiga,2024/2025,Spain,Barcelona,34,2025-05-02T19:59:00+00:00,1,33,24,4,5,89,32,57,76
LaLiga,2024/2025,Spain,Real Madrid,34,2025-05-02T19:59:00+00:00,2,33,22,6,5,66,31,35,72
LaLiga,2024/2025,Spain,Ath Madrid,34,2025-05-02T19:59:00+00:00,3,33,19,9,5,56,27,29,66
LaLiga,2024/2025,Spain,Ath Bilbao,34,2025-05-02T19:59:00+00:00,4,33,16,12,5,50,26,24,60
LaLiga,2024/2025,Spain,Villarreal,34,2025-05-02T19:59:00+00:00,5,33,15,10,8,56,45,11,55
LaLiga,2024/2025,Spain,Betis,34,2025-05-02T19:59:00+00:00,6,33,15,9,9,50,41,9,54
LaLiga,2024/2025,Spain,Celta,34,2025-05-02T19:59:00+00:00,7,33,13,7,13,50,49,1,46
LaLiga,2024/2025,Spain,Osasuna,34,2025-05-02T19:59:00+00:00,8,33,10,14,9,40,46,-6,44
LaLiga,2024/2025,Spain,Mallorca,34,2025-05-02T19:59:00+00:00,9,33,12,8,13,31,38,-7,44
LaLiga,2024/2025,Spain,Sociedad,34,2025-05-02T19:59:00+00:00,10,33,12,6,15,32,37,-5,42
LaLiga,2024/2025,Spain,Vallecano,34,2025-05-02T19:59:00+00:00,11,33,10,11,12,35,42,-7,41
LaLiga,2024/2025,Spain,Getafe,34,2025-05-02T19:59:00+00:00,12,33,10,9,14,31,30,1,39
LaLiga,2024/2025,Spain,Espanol,34,2025-05-02T19:59:00+00:00,13,33,10,9,14,35,42,-7,39
LaLiga,2024/2025,Spain,Valencia,34,2025-05-02T19:59:00+00:00,14,33,9,12,12,37,49,-12,39
LaLiga,2024/2025,Spain,Sevilla,34,2025-05-02T19:59:00+00:00,15,33,9,10,14,35,44,-9,37
LaLiga,2024/2025,Spain,Girona,34,2025-05-02T19:59:00+00:00,16,33,9,8,16,40,52,-12,35
LaLiga,2024/2025,Spain,Alaves,34,2025-05-02T19:59:00+00:00,17,33,8,10,15,35,46,-11,34
LaLiga,2024/2025,Spain,Las Palmas,34,2025-05-02T19:59:00+00:00,18,33,8,8,17,38,53,-15,32
LaLiga,2024/2025,Spain,Leganes,34,2025-05-02T19:59:00+00:00,19,33,6,12,15,30,49,-19,30
LaLiga,2024/2025,Spain,Valladolid,34,2025-05-02T19:59:00+00:00,20,33,4,4,25,24,81,-57,16
LaLiga,2024/2025,Spain,Barcelona,35,2025-05-09T19:59:00+00:00,1,34,25,4,5,91,33,58,79
LaLiga,2024/2025,Spain,Real Madrid,35,2025-05-09T19:59:00+00:00,2,34,23,6,5,69,33,36,75
LaLiga,2024/2025,Spain,Ath Madrid,35,2025-05-09T19:59:00+00:00,3,34,19,10,5,56,27,29,67
LaLiga,2024/2025,Spain,Ath Bilbao,35,2025-05-09T19:59:00+00:00,4,34,16,13,5,50,26,24,61
LaLiga,2024/2025,Spain,Villarreal,35,2025-05-09T19:59:00+00:00,5,34,16,10,8,60,47,13,58
LaLiga,2024/2025,Spain,Betis,35,2025-05-09T19:59:00+00:00,6,34,16,9,9,52,42,10,57
LaLiga,2024/2025,Spain,Celta,35,2025-05-09T19:59:00+00:00,7,34,13,7,14,52,52,0,46
LaLiga,2024/2025,Spain,Vallecano,35,2025-05-09T19:59:00+00:00,8,34,11,11,12,36,42,-6,44
LaLiga,2024/2025,Spain,Osasuna,35,2025-05-09T19:59:00+00:00,9,34,10,14,10,42,50,-8,44
LaLiga,2024/2025,Spain,Mallorca,35,2025-05-09T19:59:00+00:00,10,34,12,8,14,31,39,-8,44
LaLiga,2024/2025,Spain,Sociedad,35,2025-05-09T19:59:00+00:00,11,34,12,7,15,32,37,-5,43
LaLiga,2024/2025,Spain,Valencia,35,2025-05-09T19:59:00+00:00,12,34,10,12,12,40,51,-11,42
LaLiga,2024/2025,Spain,Getafe,35,2025-05-09T19:59:00+00:00,13,34,10,9,15,31,31,0,39
LaLiga,2024/2025,Spain,Espanol,35,2025-05-09T19:59:00+00:00,14,34,10,9,15,36,44,-8,39
LaLiga,2024/2025,Spain,Sevilla,35,2025-05-09T19:59:00+00:00,15,34,9,11,14,37,46,-9,38
LaLiga,2024/2025,Spain,Girona,35,2025-05-09T19:59:00+00:00,16,34,10,8,16,41,52,-11,38
LaLiga,2024/2025,Spain,Alaves,35,2025-05-09T19:59:00+00:00,17,34,8,11,15,35,46,-11,35
LaLiga,2024/2025,Spain,Las Palmas,35,2025-05-09T19:59:00+00:00,18,34,8,8,18,40,56,-16,32
LaLiga,2024/2025,Spain,Leganes,35,2025-05-09T19:59:00+00:00,19,34,6,13,15,32,51,-19,31
LaLiga,2024/2025,Spain,Valladolid,35,2025-05-09T19:59:00+00:00,20,34,4,4,26,25,83,-58,16
LaLiga,2024/2025,Spain,Barcelona,36,2025-05-13T19:59:00+00:00,1,35,26,4,5,95,36,59,82
LaLiga,2024/2025,Spain,Real Madrid,36,2025-05-13T19:59:00+00:00,2,35,23,6,6,72,37,35,75
LaLiga,2024/2025,Spain,Ath Madrid,36,2025-05-13T19:59:00+00:00,3,35,20,10,5,60,27,33,70
LaLiga,2024/2025,Spain,Ath Bilbao,36,2025-05-13T19:59:00+00:00,4,35,17,13,5,51,26,25,64
LaLiga,2024/2025,Spain,Villarreal,36,2025-05-13T19:59:00+00:00,5,35,17,10,8,61,47,14,61
LaLiga,2024/2025,Spain,Betis,36,2025-05-13T19:59:00+00:00,6,35,16,10,9,53,43,10,58
LaLiga,2024/2025,Spain,Celta,36,2025-05-13T19:59:00+00:00,7,35,14,7,14,55,54,1,49
LaLiga,2024/2025,Spain,Vallecano,36,2025-05-13T19:59:00+00:00,8,35,12,11,12,37,42,-5,47
LaLiga,2024/2025,Spain,Mallorca,36,2025-05-13T19:59:00+00:00,9,35,13,8,14,33,40,-7,47
LaLiga,2024/2025,Spain,Osasuna,36,2025-05-13T19:59:00+00:00,10,35,10,15,10,43,51,-8,45
LaLiga,2024/2025,Spain,Valencia,36,2025-05-13T19:59:00+00:00,11,35,11,12,12,43,51,-8,45
LaLiga,2024/2025,Spain,Sociedad,36,2025-05-13T19:59:00+00:00,12,35,12,7,16,32,41,-9,43
LaLiga,2024/2025,Spain,Getafe,36,2025-05-13T19:59:00+00:00,13,35,10,9,16,31,34,-3,39
LaLiga,2024/2025,Spain,Espanol,36,2025-05-13T19:59:00+00:00,14,35,10,9,16,38,47,-9,39
LaLiga,2024/2025,Spain,Sevilla,36,2025-05-13T19:59:00+00:00,15,35,9,11,15,39,49,-10,38
LaLiga,2024/2025,Spain,Girona,36,2025-05-13T19:59:00+00:00,16,35,10,8,17,41,53,-12,38
LaLiga,2024/2025,Spain,Alaves,36,2025-05-13T19:59:00+00:00,17,35,8,11,16,35,47,-12,35
LaLiga,2024/2025,Spain,Leganes,36,2025-05-13T19:59:00+00:00,18,35,7,13,15,35,53,-18,34
LaLiga,2024/2025,Spain,Las Palmas,36,2025-05-13T19:59:00+00:00,19,35,8,8,19,40,57,-17,32
LaLiga,2024/2025,Spain,Valladolid,36,2025-05-13T19:59:00+00:00,20,35,4,4,27,26,85,-59,16
LaLiga,2024/2025,Spain,Barcelona,37,2025-05-18T19:59:00+00:00,1,36,27,4,5,97,36,61,85
LaLiga,2024/2025,Spain,Real Madrid,37,2025-05-18T19:59:00+00:00,2,36,24,6,6,74,38,36,78
LaLiga,2024/2025,Spain,Ath Madrid,37,2025-05-18T19:59:00+00:00,3,36,20,10,6,60,29,31,70
LaLiga,2024/2025,Spain,Ath Bilbao,37,2025-05-18T19:59:00+00:00,4,36,18,13,5,53,26,27,67
LaLiga,2024/2025,Spain,Villarreal,37,2025-05-18T19:59:00+00:00,5,36,18,10,8,64,47,17,64
LaLiga,2024/2025,Spain,Betis,37,2025-05-18T19:59:00+00:00,6,36,16,11,9,55,45,10,59
LaLiga,2024/2025,Spain,Celta,37,2025-05-18T19:59:00+00:00,7,36,15,7,14,56,54,2,52
LaLiga,2024/2025,Spain,Vallecano,37,2025-05-18T19:59:00+00:00,8,36,12,12,12,39,44,-5,48
LaLiga,2024/2025,Spain,Osasuna,37,2025-05-18T19:59:00+00:00,9,36,11,15,10,45,51,-6,48
LaLiga,2024/2025,Spain,Mallorca,37,2025-05-18T19:59:00+00:00,10,36,13,8,15,34,42,-8,47
LaLiga,2024/2025,Spain,Valencia,37,2025-05-18T19:59:00+00:00,11,36,11,12,13,43,52,-9,45
LaLiga,2024/2025,Spain,Sociedad,37,2025-05-18T19:59:00+00:00,12,36,12,7,17,32,42,-10,43
LaLiga,2024/2025,Spain,Sevilla,37,2025-05-18T19:59:00+00:00,13,36,10,11,15,40,49,-9,41
LaLiga,2024/2025,Spain,Girona,37,2025-05-18T19:59:00+00:00,14,36,11,8,17,42,53,-11,41
LaLiga,2024/2025,Spain,Getafe,37,2025-05-18T19:59:00+00:00,15,36,10,9,17,31,36,-5,39
LaLiga,2024/2025,Spain,Espanol,37,2025-05-18T19:59:00+00:00,16,36,10,9,17,38,49,-11,39
LaLiga,2024/2025,Spain,Alaves,37,2025-05-18T19:59:00+00:00,17,36,9,11,16,36,47,-11,38
LaLiga,2024/2025,Spain,Leganes,37,2025-05-18T19:59:00+00:00,18,36,7,13,16,35,56,-21,34
LaLiga,2024/2025,Spain,Las Palmas,37,2025-05-18T19:59:00+00:00,19,36,8,8,20,40,58,-18,32
LaLiga,2024/2025,Spain,Valladolid,37,2025-05-18T19:59:00+00:00,20,36,4,4,28,26,86,-60,16
LaLiga,2024/2025,Spain,Barcelona,38,2025-05-23T19:59:00+00:00,1,37,27,4,6,99,39,60,85
LaLiga,2024/2025,Spain,Real Madrid,38,2025-05-23T19:59:00+00:00,2,37,25,6,6,76,38,38,81
LaLiga,2024/2025,Spain,Ath Madrid,38,2025-05-23T19:59:00+00:00,3,37,21,10,6,64,30,34,73
LaLiga,2024/2025,Spain,Ath Bilbao,38,2025-05-23T19:59:00+00:00,4,37,19,13,5,54,26,28,70
LaLiga,2024/2025,Spain,Villarreal,38,2025-05-23T19:59:00+00:00,5,37,19,10,8,67,49,18,67
LaLiga,2024/2025,Spain,Betis,38,2025-05-23T19:59:00+00:00,6,37,16,11,10,56,49,7,59
LaLiga,2024/2025,Spain,Celta,38,2025-05-23T19:59:00+00:00,7,37,15,7,15,57,56,1,52
LaLiga,2024/2025,Spain,Osasuna,38,2025-05-23T19:59:00+00:00,8,37,12,15,10,47,51,-4,51
LaLiga,2024/2025,Spain,Vallecano,38,2025-05-23T19:59:00+00:00,9,37,13,12,12,41,45,-4,51
LaLiga,2024/2025,Spain,Mallorca,38,2025-05-23T19:59:00+00:00,10,37,13,8,16,35,44,-9,47
LaLiga,2024/2025,Spain,Sociedad,38,2025-05-23T19:59:00+00:00,11,37,13,7,17,35,44,-9,46
LaLiga,2024/2025,Spain,Valencia,38,2025-05-23T19:59:00+00:00,12,37,11,12,14,43,53,-10,45
LaLiga,2024/2025,Spain,Getafe,38,2025-05-23T19:59:00+00:00,13,37,11,9,17,33,37,-4,42
LaLiga,2024/2025,Spain,Alaves,38,2025-05-23T19:59:00+00:00,14,37,10,11,16,37,47,-10,41
LaLiga,2024/2025,Spain,Sevilla,38,2025-05-23T19:59:00+00:00,15,37,10,11,16,40,51,-11,41
LaLiga,2024/2025,Spain,Girona,38,2025-05-23T19:59:00+00:00,16,37,11,8,18,44,56,-12,41
LaLiga,2024/2025,Spain,Espanol,38,2025-05-23T19:59:00+00:00,17,37,10,9,18,38,51,-13,39
LaLiga,2024/2025,Spain,Leganes,38,2025-05-23T19:59:00+00:00,18,37,8,13,16,36,56,-20,37
LaLiga,2024/2025,Spain,Las Palmas,38,2025-05-23T19:59:00+00:00,19,37,8,8,21,40,59,-19,32
LaLiga,2024/2025,Spain,Valladolid,38,2025-05-23T19:59:00+00:00,20,37,4,4,29,26,87,-61,16
LaLiga,2025/2026,Spain,Alaves,1,2025-08-15T19:59:00+00:00,1,0,0,0,0,0,0,0,0
LaLiga,2025/2026,Spain,Ath Bilbao,1,2025-08-15T19:59:00+00:00,2,0,0,0,0,0,0,0,0
LaLiga,2025/2026,Spain,Ath Madrid,1,2025-08-15T19:59:00+00:00,3,0,0,0,0,0,0,0,0
LaLiga,2025/2026,Spain,Barcelona,1,2025-08-15T19:59:00+00:00,4,0,0,0,0,0,0,0,0
LaLiga,2025/2026,Spain,Betis,1,2025-08-15T19:59:00+00:00,5,0,0,0,0,0,0,0,0
LaLiga,2025/2026,Spain,Celta,1,2025-08-15T19:59:00+00:00,6,0,0,0,0,0,0,0,0
LaLiga,2025/2026,Spain,Elche,1,2025-08-15T19:59:00+00:00,7,0,0,0,0,0,0,0,0
LaLiga,2025/2026,Spain,Espanol,1,2025-08-15T19:59:00+00:00,8,0,0,0,0,0,0,0,0
LaLiga,2025/2026,Spain,Getafe,1,2025-08-15T19:59:00+00:00,9,0,0,0,0,0,0,0,0
LaLiga,2025/2026,Spain,Girona,1,2025-08-15T19:59:00+00:00,10,0,0,0,0,0,0,0,0
LaLiga,2025/2026,Spain,Levante,1,2025-08-15T19:59:00+00:00,11,0,0,0,0,0,0,0,0
LaLiga,2025/2026,Spain,Mallorca,1,2025-08-15T19:59:00+00:00,12,0,0,0,0,0,0,0,0
LaLiga,2025/2026,Spain,Osasuna,1,2025-08-15T19:59:00+00:00,13,0,0,0,0,0,0,0,0
LaLiga,2025/2026,Spain,Oviedo,1,2025-08-15T19:59:00+00:00,14,0,0,0,0,0,0,0,0
LaLiga,2025/2026,Spain,Real Madrid,1,2025-08-15T19:59:00+00:00,15,0,0,0,0,0,0,0,0
LaLiga,2025/2026,Spain,Sevilla,1,2025-08-15T19:59:00+00:00,16,0,0,0,0,0,0,0,0
LaLiga,2025/2026,Spain,Sociedad,1,2025-08-15T19:59:00+00:00,17,0,0,0,0,0,0,0,0
LaLiga,2025/2026,Spain,Valencia,1,2025-08-15T19:59:00+00:00,18,0,0,0,0,0,0,0,0
LaLiga,2025/2026,Spain,Vallecano,1,2025-08-15T19:59:00+00:00,19,0,0,0,0,0,0,0,0
LaLiga,2025/2026,Spain,Villarreal,1,2025-08-15T19:59:00+00:00,20,0,0,0,0,0,0,0,0
LaLiga,2025/2026,Spain,Barcelona,2,2025-08-22T19:59:00+00:00,1,1,1,0,0,3,0,3,3
LaLiga,2025/2026,Spain,Vallecano,2,2025-08-22T19:59:00+00:00,2,1,1,0,0,3,1,2,3
LaLiga,2025/2026,Spain,Getafe,2,2025-08-22T19:59:00+00:00,3,1,1,0,0,2,0,2,3
LaLiga,2025/2026,Spain,Villarreal,2,2025-08-22T19:59:00+00:00,4,1,1,0,0,2,0,2,3
LaLiga,2025/2026,Spain,Ath Bilbao,2,2025-08-22T19:59:00+00:00,5,1,1,0,0,3,2,1,3
LaLiga,2025/2026,Spain,Alaves,2,2025-08-22T19:59:00+00:00,6,1,1,0,0,2,1,1,3
LaLiga,2025/2026,Spain,Espanol,2,2025-08-22T19:59:00+00:00,7,1,1,0,0,2,1,1,3
LaLiga,2025/2026,Spain,Real Madrid,2,2025-08-22T19:59:00+00:00,8,1,1,0,0,1,0,1,3
LaLiga,2025/2026,Spain,Betis,2,2025-08-22T19:59:00+00:00,9,1,0,1,0,1,1,0,1
LaLiga,2025/2026,Spain,Elche,2,2025-08-22T19:59:00+00:00,10,1,0,1,0,1,1,0,1
LaLiga,2025/2026,Spain,Sociedad,2,2025-08-22T19:59:00+00:00,11,1,0,1,0,1,1,0,1
LaLiga,2025/2026,Spain,Valencia,2,2025-08-22T19:59:00+00:00,12,1,0,1,0,1,1,0,1
LaLiga,2025/2026,Spain,Sevilla,2,2025-08-22T19:59:00+00:00,13,1,0,0,1,2,3,-1,0
LaLiga,2025/2026,Spain,Ath Madrid,2,2025-08-22T19:59:00+00:00,14,1,0,0,1,1,2,-1,0
LaLiga,2025/2026,Spain,Levante,2,2025-08-22T19:59:00+00:00,15,1,0,0,1,1,2,-1,0
LaLiga,2025/2026,Spain,Osasuna,2,2025-08-22T19:59:00+00:00,16,1,0,0,1,0,1,-1,0
LaLiga,2025/2026,Spain,Girona,2,2025-08-22T19:59:00+00:00,17,1,0,0,1,1,3,-2,0
LaLiga,2025/2026,Spain,Celta,2,2025-08-22T19:59:00+00:00,18,1,0,0,1,0,2,-2,0
LaLiga,2025/2026,Spain,Oviedo,2,2025-08-22T19:59:00+00:00,19,1,0,0,1,0,2,-2,0
LaLiga,2025/2026,Spain,Mallorca,2,2025-08-22T19:59:00+00:00,20,1,0,0,1,0,3,-3,0
LaLiga,2025/2026,Spain,Villarreal,3,2025-08-27T19:59:00+00:00,1,2,2,0,0,7,0,7,6
LaLiga,2025/2026,Spain,Barcelona,3,2025-08-27T19:59:00+00:00,2,2,2,0,0,6,2,4,6
LaLiga,2025/2026,Spain,Real Madrid,3,2025-08-27T19:59:00+00:00,3,2,2,0,0,4,0,4,6
LaLiga,2025/2026,Spain,Getafe,3,2025-08-27T19:59:00+00:00,4,2,2,0,0,4,1,3,6
LaLiga,2025/2026,Spain,Ath Bilbao,3,2025-08-27T19:59:00+00:00,5,2,2,0,0,4,2,2,6
LaLiga,2025/2026,Spain,Espanol,3,2025-08-27T19:59:00+00:00,6,2,1,1,0,4,3,1,4
LaLiga,2025/2026,Spain,Betis,3,2025-08-27T19:59:00+00:00,7,2,1,1,0,2,1,1,4
LaLiga,2025/2026,Spain,Vallecano,3,2025-08-27T19:59:00+00:00,8,2,1,0,1,3,2,1,3
LaLiga,2025/2026,Spain,Alaves,3,2025-08-27T19:59:00+00:00,9,2,1,0,1,2,2,0,3
LaLiga,2025/2026,Spain,Osasuna,3,2025-08-27T19:59:00+00:00,10,2,1,0,1,1,1,0,3
LaLiga,2025/2026,Spain,Sociedad,3,2025-08-27T19:59:00+00:00,11,2,0,2,0,3,3,0,2
LaLiga,2025/2026,Spain,Elche,3,2025-08-27T19:59:00+00:00,12,2,0,2,0,2,2,0,2
LaLiga,2025/2026,Spain,Ath Madrid,3,2025-08-27T19:59:00+00:00,13,2,0,1,1,2,3,-1,1
LaLiga,2025/2026,Spain,Valencia,3,2025-08-27T19:59:00+00:00,14,2,0,1,1,1,2,-1,1
LaLiga,2025/2026,Spain,Celta,3,2025-08-27T19:59:00+00:00,15,2,0,1,1,1,3,-2,1
LaLiga,2025/2026,Spain,Mallorca,3,2025-08-27T19:59:00+00:00,16,2,0,1,1,1,4,-3,1
LaLiga,2025/2026,Spain,Levante,3,2025-08-27T19:59:00+00:00,17,2,0,0,2,3,5,-2,0
LaLiga,2025/2026,Spain,Sevilla,3,2025-08-27T19:59:00+00:00,18,2,0,0,2,3,5,-2,0
LaLiga,2025/2026,Spain,Oviedo,3,2025-08-27T19:59:00+00:00,19,2,0,0,2,0,5,-5,0
LaLiga,2025/2026,Spain,Girona,3,2025-08-27T19:59:00+00:00,20,2,0,0,2,1,8,-7,0
LaLiga,2025/2026,Spain,Real Madrid,4,2025-08-31T19:59:00+00:00,1,3,3,0,0,6,1,5,9
LaLiga,2025/2026,Spain,Ath Bilbao,4,2025-08-31T19:59:00+00:00,2,3,3,0,0,6,3,3,9
LaLiga,2025/2026,Spain,Villarreal,4,2025-08-31T19:59:00+00:00,3,3,2,1,0,8,1,7,7
LaLiga,2025/2026,Spain,Espanol,4,2025-08-31T19:59:00+00:00,4,3,2,1,0,5,3,2,7
LaLiga,2025/2026,Spain,Barcelona,4,2025-08-31T19:59:00+00:00,5,2,2,0,0,6,2,4,6
LaLiga,2025/2026,Spain,Getafe,4,2025-08-31T19:59:00+00:00,6,3,2,0,1,4,4,0,6
LaLiga,2025/2026,Spain,Elche,4,2025-08-31T19:59:00+00:00,7,3,1,2,0,4,2,2,5
LaLiga,2025/2026,Spain,Betis,4,2025-08-31T19:59:00+00:00,8,4,1,2,1,4,4,0,5
LaLiga,2025/2026,Spain,Valencia,4,2025-08-31T19:59:00+00:00,9,3,1,1,1,4,2,2,4
LaLiga,2025/2026,Spain,Alaves,4,2025-08-31T19:59:00+00:00,10,3,1,1,1,3,3,0,4
LaLiga,2025/2026,Spain,Vallecano,4,2025-08-31T19:59:00+00:00,11,2,1,0,1,3,2,1,3
LaLiga,2025/2026,Spain,Sevilla,4,2025-08-31T19:59:00+00:00,12,3,1,0,2,5,5,0,3
LaLiga,2025/2026,Spain,Osasuna,4,2025-08-31T19:59:00+00:00,13,3,1,0,2,1,2,-1,3
LaLiga,2025/2026,Spain,Celta,4,2025-08-31T19:59:00+00:00,14,4,0,3,1,3,5,-2,3
LaLiga,2025/2026,Spain,Oviedo,4,2025-08-31T19:59:00+00:00,15,3,1,0,2,1,5,-4,3
LaLiga,2025/2026,Spain,Ath Madrid,4,2025-08-31T19:59:00+00:00,16,3,0,2,1,3,4,-1,2
LaLiga,2025/2026,Spain,Sociedad,4,2025-08-31T19:59:00+00:00,17,3,0,2,1,3,4,-1,2
LaLiga,2025/2026,Spain,Mallorca,4,2025-08-31T19:59:00+00:00,18,3,0,1,2,2,6,-4,1
LaLiga,2025/2026,Spain,Levante,4,2025-08-31T19:59:00+00:00,19,3,0,0,3,3,7,-4,0
LaLiga,2025/2026,Spain,Girona,4,2025-08-31T19:59:00+00:00,20,3,0,0,3,1,10,-9,0
LaLiga,2025/2026,Spain,Real Madrid,5,2025-09-15T19:59:00+00:00,1,4,4,0,0,8,2,6,12
LaLiga,2025/2026,Spain,Barcelona,5,2025-09-15T19:59:00+00:00,2,4,3,1,0,13,3,10,10
LaLiga,2025/2026,Spain,Ath Bilbao,5,2025-09-15T19:59:00+00:00,3,4,3,0,1,6,4,2,9
LaLiga,2025/2026,Spain,Getafe,5,2025-09-15T19:59:00+00:00,4,4,3,0,1,6,4,2,9
LaLiga,2025/2026,Spain,Villarreal,5,2025-09-15T19:59:00+00:00,5,4,2,1,1,8,3,5,7
LaLiga,2025/2026,Spain,Espanol,5,2025-09-15T19:59:00+00:00,6,3,2,1,0,5,3,2,7
LaLiga,2025/2026,Spain,Alaves,5,2025-09-15T19:59:00+00:00,7,4,2,1,1,4,3,1,7
LaLiga,2025/2026,Spain,Elche,5,2025-09-15T19:59:00+00:00,8,4,1,3,0,6,4,2,6
LaLiga,2025/2026,Spain,Osasuna,5,2025-09-15T19:59:00+00:00,9,4,2,0,2,3,2,1,6
LaLiga,2025/2026,Spain,Betis,5,2025-09-15T19:59:00+00:00,10,5,1,3,1,6,6,0,6
LaLiga,2025/2026,Spain,Ath Madrid,5,2025-09-15T19:59:00+00:00,11,4,1,2,1,5,4,1,5
LaLiga,2025/2026,Spain,Sevilla,5,2025-09-15T19:59:00+00:00,12,4,1,1,2,7,7,0,4
LaLiga,2025/2026,Spain,Vallecano,5,2025-09-15T19:59:00+00:00,13,4,1,1,2,4,5,-1,4
LaLiga,2025/2026,Spain,Celta,5,2025-09-15T19:59:00+00:00,14,5,0,4,1,4,6,-2,4
LaLiga,2025/2026,Spain,Valencia,5,2025-09-15T19:59:00+00:00,15,4,1,1,2,4,8,-4,4
LaLiga,2025/2026,Spain,Oviedo,5,2025-09-15T19:59:00+00:00,16,4,1,0,3,1,7,-6,3
LaLiga,2025/2026,Spain,Sociedad,5,2025-09-15T19:59:00+00:00,17,4,0,2,2,4,6,-2,2
LaLiga,2025/2026,Spain,Levante,5,2025-09-15T19:59:00+00:00,18,4,0,1,3,5,9,-4,1
LaLiga,2025/2026,Spain,Mallorca,5,2025-09-15T19:59:00+00:00,19,3,0,1,2,2,6,-4,1
LaLiga,2025/2026,Spain,Girona,5,2025-09-15T19:59:00+00:00,20,4,0,1,3,2,11,-9,1
LaLiga,2025/2026,Spain,Real Madrid,6,2025-09-21T19:59:00+00:00,1,5,5,0,0,10,2,8,15
LaLiga,2025/2026,Spain,Barcelona,6,2025-09-21T19:59:00+00:00,2,5,4,1,0,16,3,13,13
LaLiga,2025/2026,Spain,Villarreal,6,2025-09-21T19:59:00+00:00,3,5,3,1,1,10,4,6,10
LaLiga,2025/2026,Spain,Espanol,6,2025-09-21T19:59:00+00:00,4,5,3,1,1,8,7,1,10
LaLiga,2025/2026,Spain,Elche,6,2025-09-21T19:59:00+00:00,5,5,2,3,0,7,4,3,9
LaLiga,2025/2026,Spain,Betis,6,2025-09-21T19:59:00+00:00,6,6,2,3,1,9,7,2,9
LaLiga,2025/2026,Spain,Ath Bilbao,6,2025-09-21T19:59:00+00:00,7,5,3,0,2,6,6,0,9
LaLiga,2025/2026,Spain,Getafe,6,2025-09-21T19:59:00+00:00,8,5,3,0,2,6,7,-1,9
LaLiga,2025/2026,Spain,Sevilla,6,2025-09-21T19:59:00+00:00,9,5,2,1,2,9,8,1,7
LaLiga,2025/2026,Spain,Alaves,6,2025-09-21T19:59:00+00:00,10,5,2,1,2,5,5,0,7
LaLiga,2025/2026,Spain,Valencia,6,2025-09-21T19:59:00+00:00,11,5,2,1,2,6,8,-2,7
LaLiga,2025/2026,Spain,Ath Madrid,6,2025-09-21T19:59:00+00:00,12,5,1,3,1,6,5,1,6
LaLiga,2025/2026,Spain,Osasuna,6,2025-09-21T19:59:00+00:00,13,5,2,0,3,4,4,0,6
LaLiga,2025/2026,Spain,Levante,6,2025-09-21T19:59:00+00:00,14,5,1,1,3,9,9,0,4
LaLiga,2025/2026,Spain,Vallecano,6,2025-09-21T19:59:00+00:00,15,4,1,1,2,4,5,-1,4
LaLiga,2025/2026,Spain,Celta,6,2025-09-21T19:59:00+00:00,16,5,0,4,1,4,6,-2,4
LaLiga,2025/2026,Spain,Oviedo,6,2025-09-21T19:59:00+00:00,17,5,1,0,4,1,8,-7,3
LaLiga,2025/2026,Spain,Sociedad,6,2025-09-21T19:59:00+00:00,18,5,0,2,3,5,9,-4,2
LaLiga,2025/2026,Spain,Mallorca,6,2025-09-21T19:59:00+00:00,19,5,0,2,3,5,10,-5,2
LaLiga,2025/2026,Spain,Girona,6,2025-09-21T19:59:00+00:00,20,5,0,1,4,2,15,-13,1
LaLiga,2025/2026,Spain,Real Madrid,7,2025-09-26T19:59:00+00:00,1,6,6,0,0,14,3,11,18
LaLiga,2025/2026,Spain,Barcelona,7,2025-09-26T19:59:00+00:00,2,6,5,1,0,19,4,15,16
LaLiga,2025/2026,Spain,Villarreal,7,2025-09-26T19:59:00+00:00,3,6,4,1,1,12,5,7,13
LaLiga,2025/2026,Spain,Espanol,7,2025-09-26T19:59:00+00:00,4,6,3,2,1,10,9,1,11
LaLiga,2025/2026,Spain,Elche,7,2025-09-26T19:59:00+00:00,5,6,2,4,0,8,5,3,10
LaLiga,2025/2026,Spain,Ath Bilbao,7,2025-09-26T19:59:00+00:00,6,6,3,1,2,7,7,0,10
LaLiga,2025/2026,Spain,Getafe,7,2025-09-26T19:59:00+00:00,7,6,3,1,2,7,8,-1,10
LaLiga,2025/2026,Spain,Ath Madrid,7,2025-09-26T19:59:00+00:00,8,6,2,3,1,9,7,2,9
LaLiga,2025/2026,Spain,Betis,7,2025-09-26T19:59:00+00:00,9,6,2,3,1,9,7,2,9
LaLiga,2025/2026,Spain,Alaves,7,2025-09-26T19:59:00+00:00,10,6,2,2,2,6,6,0,8
LaLiga,2025/2026,Spain,Valencia,7,2025-09-26T19:59:00+00:00,11,6,2,2,2,8,10,-2,8
LaLiga,2025/2026,Spain,Sevilla,7,2025-09-26T19:59:00+00:00,12,6,2,1,3,10,10,0,7
LaLiga,2025/2026,Spain,Osasuna,7,2025-09-26T19:59:00+00:00,13,6,2,1,3,5,5,0,7
LaLiga,2025/2026,Spain,Vallecano,7,2025-09-26T19:59:00+00:00,14,6,1,2,3,7,9,-2,5
LaLiga,2025/2026,Spain,Celta,7,2025-09-26T19:59:00+00:00,15,6,0,5,1,5,7,-2,5
LaLiga,2025/2026,Spain,Sociedad,7,2025-09-26T19:59:00+00:00,16,6,1,2,3,6,9,-3,5
LaLiga,2025/2026,Spain,Levante,7,2025-09-26T19:59:00+00:00,17,6,1,1,4,10,13,-3,4
LaLiga,2025/2026,Spain,Oviedo,7,2025-09-26T19:59:00+00:00,18,6,1,0,5,2,11,-9,3
LaLiga,2025/2026,Spain,Mallorca,7,2025-09-26T19:59:00+00:00,19,6,0,2,4,5,11,-6,2
LaLiga,2025/2026,Spain,Girona,7,2025-09-26T19:59:00+00:00,20,6,0,2,4,3,16,-13,2
LaLiga,2025/2026,Spain,Barcelona,8,2025-10-03T19:59:00+00:00,1,7,6,1,0,21,5,16,19
LaLiga,2025/2026,Spain,Real Madrid,8,2025-10-03T19:59:00+00:00,2,7,6,0,1,16,8,8,18
LaLiga,2025/2026,Spain,Villarreal,8,2025-10-03T19:59:00+00:00,3,7,5,1,1,13,5,8,16
LaLiga,2025/2026,Spain,Elche,8,2025-10-03T19:59:00+00:00,4,7,3,4,0,10,6,4,13
LaLiga,2025/2026,Spain,Ath Madrid,8,2025-10-03T19:59:00+00:00,5,7,3,3,1,14,9,5,12
LaLiga,2025/2026,Spain,Betis,8,2025-10-03T19:59:00+00:00,6,7,3,3,1,11,7,4,12
LaLiga,2025/2026,Spain,Espanol,8,2025-10-03T19:59:00+00:00,7,7,3,3,1,10,9,1,12
LaLiga,2025/2026,Spain,Getafe,8,2025-10-03T19:59:00+00:00,8,7,3,2,2,8,9,-1,11
LaLiga,2025/2026,Spain,Sevilla,8,2025-10-03T19:59:00+00:00,9,7,3,1,3,11,10,1,10
LaLiga,2025/2026,Spain,Ath Bilbao,8,2025-10-03T19:59:00+00:00,10,7,3,1,3,7,8,-1,10
LaLiga,2025/2026,Spain,Alaves,8,2025-10-03T19:59:00+00:00,11,7,2,2,3,6,7,-1,8
LaLiga,2025/2026,Spain,Valencia,8,2025-10-03T19:59:00+00:00,12,7,2,2,3,9,12,-3,8
LaLiga,2025/2026,Spain,Osasuna,8,2025-10-03T19:59:00+00:00,13,7,2,1,4,5,7,-2,7
LaLiga,2025/2026,Spain,Oviedo,8,2025-10-03T19:59:00+00:00,14,7,2,0,5,4,12,-8,6
LaLiga,2025/2026,Spain,Levante,8,2025-10-03T19:59:00+00:00,15,7,1,2,4,11,14,-3,5
LaLiga,2025/2026,Spain,Vallecano,8,2025-10-03T19:59:00+00:00,16,7,1,2,4,7,10,-3,5
LaLiga,2025/2026,Spain,Celta,8,2025-10-03T19:59:00+00:00,17,7,0,5,2,6,9,-3,5
LaLiga,2025/2026,Spain,Sociedad,8,2025-10-03T19:59:00+00:00,18,7,1,2,4,7,11,-4,5
LaLiga,2025/2026,Spain,Mallorca,8,2025-10-03T19:59:00+00:00,19,7,1,2,4,6,11,-5,5
LaLiga,2025/2026,Spain,Girona,8,2025-10-03T19:59:00+00:00,20,7,0,3,4,3,16,-13,3
LaLiga,2025/2026,Spain,Real Madrid,9,2025-10-17T19:59:00+00:00,1,8,7,0,1,19,9,10,21
LaLiga,2025/2026,Spain,Barcelona,9,2025-10-17T19:59:00+00:00,2,8,6,1,1,22,9,13,19
LaLiga,2025/2026,Spain,Villarreal,9,2025-10-17T19:59:00+00:00,3,8,5,1,2,14,8,6,16
LaLiga,2025/2026,Spain,Betis,9,2025-10-17T19:59:00+00:00,4,8,4,3,1,13,8,5,15
LaLiga,2025/2026,Spain,Ath Madrid,9,2025-10-17T19:59:00+00:00,5,8,3,4,1,15,10,5,13
LaLiga,2025/2026,Spain,Sevilla,9,2025-10-17T19:59:00+00:00,6,8,4,1,3,15,11,4,13
LaLiga,2025/2026,Spain,Elche,9,2025-10-17T19:59:00+00:00,7,8,3,4,1,11,9,2,13
LaLiga,2025/2026,Spain,Ath Bilbao,9,2025-10-17T19:59:00+00:00,8,8,4,1,3,9,9,0,13
LaLiga,2025/2026,Spain,Espanol,9,2025-10-17T19:59:00+00:00,9,8,3,3,2,11,11,0,12
LaLiga,2025/2026,Spain,Alaves,9,2025-10-17T19:59:00+00:00,10,8,3,2,3,9,8,1,11
LaLiga,2025/2026,Spain,Getafe,9,2025-10-17T19:59:00+00:00,11,8,3,2,3,9,11,-2,11
LaLiga,2025/2026,Spain,Osasuna,9,2025-10-17T19:59:00+00:00,12,8,3,1,4,7,8,-1,10
LaLiga,2025/2026,Spain,Levante,9,2025-10-17T19:59:00+00:00,13,8,2,2,4,13,14,-1,8
LaLiga,2025/2026,Spain,Vallecano,9,2025-10-17T19:59:00+00:00,14,8,2,2,4,8,10,-2,8
LaLiga,2025/2026,Spain,Valencia,9,2025-10-17T19:59:00+00:00,15,8,2,2,4,10,14,-4,8
LaLiga,2025/2026,Spain,Celta,9,2025-10-17T19:59:00+00:00,16,8,0,6,2,7,10,-3,6
LaLiga,2025/2026,Spain,Oviedo,9,2025-10-17T19:59:00+00:00,17,8,2,0,6,4,14,-10,6
LaLiga,2025/2026,Spain,Girona,9,2025-10-17T19:59:00+00:00,18,8,1,3,4,5,17,-12,6
LaLiga,2025/2026,Spain,Sociedad,9,2025-10-17T19:59:00+00:00,19,8,1,2,5,7,12,-5,5
LaLiga,2025/2026,Spain,Mallorca,9,2025-10-17T19:59:00+00:00,20,8,1,2,5,7,13,-6,5
LaLiga,2025/2026,Spain,Real Madrid,10,2025-10-24T19:59:00+00:00,1,9,8,0,1,20,9,11,24
LaLiga,2025/2026,Spain,Barcelona,10,2025-10-24T19:59:00+00:00,2,9,7,1,1,24,10,14,22
LaLiga,2025/2026,Spain,Villarreal,10,2025-10-24T19:59:00+00:00,3,9,5,2,2,16,10,6,17
LaLiga,2025/2026,Spain,Ath Madrid,10,2025-10-24T19:59:00+00:00,4,9,4,4,1,16,10,6,16
LaLiga,2025/2026,Spain,Betis,10,2025-10-24T19:59:00+00:00,5,9,4,4,1,15,10,5,16
LaLiga,2025/2026,Spain,Espanol,10,2025-10-24T19:59:00+00:00,6,9,4,3,2,13,11,2,15
LaLiga,2025/2026,Spain,Elche,10,2025-10-24T19:59:00+00:00,7,9,3,5,1,11,9,2,14
LaLiga,2025/2026,Spain,Ath Bilbao,10,2025-10-24T19:59:00+00:00,8,9,4,2,3,9,9,0,14
LaLiga,2025/2026,Spain,Sevilla,10,2025-10-24T19:59:00+00:00,9,9,4,1,4,16,14,2,13
LaLiga,2025/2026,Spain,Alaves,10,2025-10-24T19:59:00+00:00,10,9,3,3,3,9,8,1,12
LaLiga,2025/2026,Spain,Vallecano,10,2025-10-24T19:59:00+00:00,11,9,3,2,4,11,10,1,11
LaLiga,2025/2026,Spain,Getafe,10,2025-10-24T19:59:00+00:00,12,9,3,2,4,9,12,-3,11
LaLiga,2025/2026,Spain,Osasuna,10,2025-10-24T19:59:00+00:00,13,9,3,1,5,7,9,-2,10
LaLiga,2025/2026,Spain,Valencia,10,2025-10-24T19:59:00+00:00,14,9,2,3,4,10,14,-4,9
LaLiga,2025/2026,Spain,Levante,10,2025-10-24T19:59:00+00:00,15,9,2,2,5,13,17,-4,8
LaLiga,2025/2026,Spain,Mallorca,10,2025-10-24T19:59:00+00:00,16,9,2,2,5,10,14,-4,8
LaLiga,2025/2026,Spain,Celta,10,2025-10-24T19:59:00+00:00,17,9,0,7,2,8,11,-3,7
LaLiga,2025/2026,Spain,Sociedad,10,2025-10-24T19:59:00+00:00,18,9,1,3,5,8,13,-5,6
LaLiga,2025/2026,Spain,Oviedo,10,2025-10-24T19:59:00+00:00,19,9,2,0,7,4,16,-12,6
LaLiga,2025/2026,Spain,Girona,10,2025-10-24T19:59:00+00:00,20,9,1,3,5,6,19,-13,6
LaLiga,2025/2026,Spain,Real Madrid,11,2025-10-31T19:59:00+00:00,1,10,9,0,1,22,10,12,27
LaLiga,2025/2026,Spain,Barcelona,11,2025-10-31T19:59:00+00:00,2,10,7,1,2,25,12,13,22
LaLiga,2025/2026,Spain,Villarreal,11,2025-10-31T19:59:00+00:00,3,10,6,2,2,18,10,8,20
LaLiga,2025/2026,Spain,Ath Madrid,11,2025-10-31T19:59:00+00:00,4,10,5,4,1,18,10,8,19
LaLiga,2025/2026,Spain,Espanol,11,2025-10-31T19:59:00+00:00,5,10,5,3,2,14,11,3,18
LaLiga,2025/2026,Spain,Betis,11,2025-10-31T19:59:00+00:00,6,10,4,4,2,15,12,3,16
LaLiga,2025/2026,Spain,Vallecano,11,2025-10-31T19:59:00+00:00,7,10,4,2,4,12,10,2,14
LaLiga,2025/2026,Spain,Elche,11,2025-10-31T19:59:00+00:00,8,10,3,5,2,11,10,1,14
LaLiga,2025/2026,Spain,Ath Bilbao,11,2025-10-31T19:59:00+00:00,9,10,4,2,4,9,10,-1,14
LaLiga,2025/2026,Spain,Getafe,11,2025-10-31T19:59:00+00:00,10,10,4,2,4,10,12,-2,14
LaLiga,2025/2026,Spain,Sevilla,11,2025-10-31T19:59:00+00:00,11,10,4,1,5,17,16,1,13
LaLiga,2025/2026,Spain,Alaves,11,2025-10-31T19:59:00+00:00,12,10,3,3,4,9,9,0,12
LaLiga,2025/2026,Spain,Celta,11,2025-10-31T19:59:00+00:00,13,10,1,7,2,11,13,-2,10
LaLiga,2025/2026,Spain,Osasuna,11,2025-10-31T19:59:00+00:00,14,10,3,1,6,9,12,-3,10
LaLiga,2025/2026,Spain,Levante,11,2025-10-31T19:59:00+00:00,15,10,2,3,5,14,18,-4,9
LaLiga,2025/2026,Spain,Mallorca,11,2025-10-31T19:59:00+00:00,16,10,2,3,5,11,15,-4,9
LaLiga,2025/2026,Spain,Sociedad,11,2025-10-31T19:59:00+00:00,17,10,2,3,5,10,14,-4,9
LaLiga,2025/2026,Spain,Valencia,11,2025-10-31T19:59:00+00:00,18,10,2,3,5,10,16,-6,9
LaLiga,2025/2026,Spain,Oviedo,11,2025-10-31T19:59:00+00:00,19,10,2,1,7,7,19,-12,7
LaLiga,2025/2026,Spain,Girona,11,2025-10-31T19:59:00+00:00,20,10,1,4,5,9,22,-13,7
LaLiga,2025/2026,Spain,Real Madrid,12,2025-11-07T19:59:00+00:00,1,11,10,0,1,26,10,16,30
LaLiga,2025/2026,Spain,Barcelona,12,2025-11-07T19:59:00+00:00,2,11,8,1,2,28,13,15,25
LaLiga,2025/2026,Spain,Villarreal,12,2025-11-07T19:59:00+00:00,3,11,7,2,2,22,10,12,23
LaLiga,2025/2026,Spain,Ath Madrid,12,2025-11-07T19:59:00+00:00,4,11,6,4,1,21,10,11,22
LaLiga,2025/2026,Spain,Betis,12,2025-11-07T19:59:00+00:00,5,11,5,4,2,18,12,6,19
LaLiga,2025/2026,Spain,Espanol,12,2025-11-07T19:59:00+00:00,6,11,5,3,3,15,13,2,18
LaLiga,2025/2026,Spain,Getafe,12,2025-11-07T19:59:00+00:00,7,11,5,2,4,12,13,-1,17
LaLiga,2025/2026,Spain,Alaves,12,2025-11-07T19:59:00+00:00,8,11,4,3,4,11,10,1,15
LaLiga,2025/2026,Spain,Elche,12,2025-11-07T19:59:00+00:00,9,11,3,5,3,12,13,-1,14
LaLiga,2025/2026,Spain,Vallecano,12,2025-11-07T19:59:00+00:00,10,11,4,2,5,12,14,-2,14
LaLiga,2025/2026,Spain,Ath Bilbao,12,2025-11-07T19:59:00+00:00,11,11,4,2,5,11,13,-2,14
LaLiga,2025/2026,Spain,Celta,12,2025-11-07T19:59:00+00:00,12,11,2,7,2,13,14,-1,13
LaLiga,2025/2026,Spain,Sevilla,12,2025-11-07T19:59:00+00:00,13,11,4,1,6,17,19,-2,13
LaLiga,2025/2026,Spain,Sociedad,12,2025-11-07T19:59:00+00:00,14,11,3,3,5,13,16,-3,12
LaLiga,2025/2026,Spain,Osasuna,12,2025-11-07T19:59:00+00:00,15,11,3,2,6,9,12,-3,11
LaLiga,2025/2026,Spain,Levante,12,2025-11-07T19:59:00+00:00,16,11,2,3,6,15,20,-5,9
LaLiga,2025/2026,Spain,Mallorca,12,2025-11-07T19:59:00+00:00,17,11,2,3,6,11,18,-7,9
LaLiga,2025/2026,Spain,Valencia,12,2025-11-07T19:59:00+00:00,18,11,2,3,6,10,20,-10,9
LaLiga,2025/2026,Spain,Oviedo,12,2025-11-07T19:59:00+00:00,19,11,2,2,7,7,19,-12,8
LaLiga,2025/2026,Spain,Girona,12,2025-11-07T19:59:00+00:00,20,11,1,4,6,10,24,-14,7
LaLiga,2025/2026,Spain,Real Madrid,13,2025-11-21T19:59:00+00:00,1,12,10,1,1,26,10,16,31
LaLiga,2025/2026,Spain,Barcelona,13,2025-11-21T19:59:00+00:00,2,12,9,1,2,32,15,17,28
LaLiga,2025/2026,Spain,Villarreal,13,2025-11-21T19:59:00+00:00,3,12,8,2,2,24,10,14,26
LaLiga,2025/2026,Spain,Ath Madrid,13,2025-11-21T19:59:00+00:00,4,12,7,4,1,24,11,13,25
LaLiga,2025/2026,Spain,Betis,13,2025-11-21T19:59:00+00:00,5,12,5,5,2,19,13,6,20
LaLiga,2025/2026,Spain,Espanol,13,2025-11-21T19:59:00+00:00,6,12,5,3,4,15,15,0,18
LaLiga,2025/2026,Spain,Ath Bilbao,13,2025-11-21T19:59:00+00:00,7,12,5,2,5,12,13,-1,17
LaLiga,2025/2026,Spain,Getafe,13,2025-11-21T19:59:00+00:00,8,12,5,2,5,12,14,-2,17
LaLiga,2025/2026,Spain,Sevilla,13,2025-11-21T19:59:00+00:00,9,12,5,1,6,18,19,-1,16
LaLiga,2025/2026,Spain,Alaves,13,2025-11-21T19:59:00+00:00,10,12,4,3,5,11,11,0,15
LaLiga,2025/2026,Spain,Elche,13,2025-11-21T19:59:00+00:00,11,12,3,6,3,13,14,-1,15
LaLiga,2025/2026,Spain,Vallecano,13,2025-11-21T19:59:00+00:00,12,12,4,3,5,12,14,-2,15
LaLiga,2025/2026,Spain,Celta,13,2025-11-21T19:59:00+00:00,13,12,2,7,3,15,18,-3,13
LaLiga,2025/2026,Spain,Sociedad,13,2025-11-21T19:59:00+00:00,14,12,3,4,5,14,17,-3,13
LaLiga,2025/2026,Spain,Mallorca,13,2025-11-21T19:59:00+00:00,15,12,3,3,6,12,18,-6,12
LaLiga,2025/2026,Spain,Osasuna,13,2025-11-21T19:59:00+00:00,16,12,3,2,7,9,13,-4,11
LaLiga,2025/2026,Spain,Valencia,13,2025-11-21T19:59:00+00:00,17,12,2,4,6,11,21,-10,10
LaLiga,2025/2026,Spain,Girona,13,2025-11-21T19:59:00+00:00,18,12,2,4,6,11,24,-13,10
LaLiga,2025/2026,Spain,Levante,13,2025-11-21T19:59:00+00:00,19,12,2,3,7,16,23,-7,9
LaLiga,2025/2026,Spain,Oviedo,13,2025-11-21T19:59:00+00:00,20,12,2,2,8,7,20,-13,8
LaLiga,2025/2026,Spain,Real Madrid,14,2025-11-28T19:59:00+00:00,1,13,10,2,1,28,12,16,32
LaLiga,2025/2026,Spain,Barcelona,14,2025-11-28T19:59:00+00:00,2,13,10,1,2,36,15,21,31
LaLiga,2025/2026,Spain,Villarreal,14,2025-11-28T19:59:00+00:00,3,13,9,2,2,26,11,15,29
LaLiga,2025/2026,Spain,Ath Madrid,14,2025-11-28T19:59:00+00:00,4,13,8,4,1,25,11,14,28
LaLiga,2025/2026,Spain,Betis,14,2025-11-28T19:59:00+00:00,5,13,5,6,2,20,14,6,21
LaLiga,2025/2026,Spain,Espanol,14,2025-11-28T19:59:00+00:00,6,13,6,3,4,17,16,1,21
LaLiga,2025/2026,Spain,Getafe,14,2025-11-28T19:59:00+00:00,7,13,5,2,6,12,15,-3,17
LaLiga,2025/2026,Spain,Ath Bilbao,14,2025-11-28T19:59:00+00:00,8,13,5,2,6,12,17,-5,17
LaLiga,2025/2026,Spain,Sociedad,14,2025-11-28T19:59:00+00:00,9,13,4,4,5,17,18,-1,16
LaLiga,2025/2026,Spain,Elche,14,2025-11-28T19:59:00+00:00,10,13,3,7,3,15,16,-1,16
LaLiga,2025/2026,Spain,Sevilla,14,2025-11-28T19:59:00+00:00,11,13,5,1,7,19,21,-2,16
LaLiga,2025/2026,Spain,Celta,14,2025-11-28T19:59:00+00:00,12,13,3,7,3,16,18,-2,16
LaLiga,2025/2026,Spain,Vallecano,14,2025-11-28T19:59:00+00:00,13,13,4,4,5,12,14,-2,16
LaLiga,2025/2026,Spain,Alaves,14,2025-11-28T19:59:00+00:00,14,13,4,3,6,11,12,-1,15
LaLiga,2025/2026,Spain,Valencia,14,2025-11-28T19:59:00+00:00,15,13,3,4,6,12,21,-9,13
LaLiga,2025/2026,Spain,Mallorca,14,2025-11-28T19:59:00+00:00,16,13,3,3,7,13,20,-7,12
LaLiga,2025/2026,Spain,Osasuna,14,2025-11-28T19:59:00+00:00,17,13,3,2,8,10,16,-6,11
LaLiga,2025/2026,Spain,Girona,14,2025-11-28T19:59:00+00:00,18,13,2,5,6,12,25,-13,11
LaLiga,2025/2026,Spain,Levante,14,2025-11-28T19:59:00+00:00,19,13,2,3,8,16,24,-8,9
LaLiga,2025/2026,Spain,Oviedo,14,2025-11-28T19:59:00+00:00,20,13,2,3,8,7,20,-13,9
LaLiga,2025/2026,Spain,Barcelona,15,2025-12-02T19:59:00+00:00,1,14,11,1,2,39,16,23,34
LaLiga,2025/2026,Spain,Real Madrid,15,2025-12-02T19:59:00+00:00,2,14,10,3,1,29,13,16,33
LaLiga,2025/2026,Spain,Villarreal,15,2025-12-02T19:59:00+00:00,3,14,10,2,2,29,13,16,32
LaLiga,2025/2026,Spain,Ath Madrid,15,2025-12-02T19:59:00+00:00,4,14,9,4,1,27,11,16,31
LaLiga,2025/2026,Spain,Betis,15,2025-12-02T19:59:00+00:00,5,14,6,6,2,22,14,8,24
LaLiga,2025/2026,Spain,Espanol,15,2025-12-02T19:59:00+00:00,6,14,7,3,4,18,16,2,24
LaLiga,2025/2026,Spain,Getafe,15,2025-12-02T19:59:00+00:00,7,14,6,2,6,13,15,-2,20
LaLiga,2025/2026,Spain,Ath Bilbao,15,2025-12-02T19:59:00+00:00,8,14,6,2,6,14,17,-3,20
LaLiga,2025/2026,Spain,Vallecano,15,2025-12-02T19:59:00+00:00,9,14,4,5,5,13,15,-2,17
LaLiga,2025/2026,Spain,Sociedad,15,2025-12-02T19:59:00+00:00,10,14,4,4,6,19,21,-2,16
LaLiga,2025/2026,Spain,Elche,15,2025-12-02T19:59:00+00:00,11,14,3,7,4,15,17,-2,16
LaLiga,2025/2026,Spain,Celta,15,2025-12-02T19:59:00+00:00,12,14,3,7,4,16,19,-3,16
LaLiga,2025/2026,Spain,Sevilla,15,2025-12-02T19:59:00+00:00,13,14,5,1,8,19,23,-4,16
LaLiga,2025/2026,Spain,Alaves,15,2025-12-02T19:59:00+00:00,14,14,4,3,7,12,15,-3,15
LaLiga,2025/2026,Spain,Valencia,15,2025-12-02T19:59:00+00:00,15,14,3,5,6,13,22,-9,14
LaLiga,2025/2026,Spain,Mallorca,15,2025-12-02T19:59:00+00:00,16,14,3,4,7,15,22,-7,13
LaLiga,2025/2026,Spain,Osasuna,15,2025-12-02T19:59:00+00:00,17,14,3,3,8,12,18,-6,12
LaLiga,2025/2026,Spain,Girona,15,2025-12-02T19:59:00+00:00,18,14,2,6,6,13,26,-13,12
LaLiga,2025/2026,Spain,Levante,15,2025-12-02T19:59:00+00:00,19,14,2,3,9,16,26,-10,9
LaLiga,2025/2026,Spain,Oviedo,15,2025-12-02T19:59:00+00:00,20,14,2,3,9,7,22,-15,9
LaLiga,2025/2026,Spain,Barcelona,16,2025-12-07T19:59:00+00:00,1,16,13,1,2,47,20,27,40
LaLiga,2025/2026,Spain,Real Madrid,16,2025-12-07T19:59:00+00:00,2,16,11,3,2,32,15,17,36
LaLiga,2025/2026,Spain,Villarreal,16,2025-12-07T19:59:00+00:00,3,15,11,2,2,31,13,18,35
LaLiga,2025/2026,Spain,Ath Madrid,16,2025-12-07T19:59:00+00:00,4,16,9,4,3,28,15,13,31
LaLiga,2025/2026,Spain,Espanol,16,2025-12-07T19:59:00+00:00,5,15,8,3,4,19,16,3,27
LaLiga,2025/2026,Spain,Betis,16,2025-12-07T19:59:00+00:00,6,15,6,6,3,25,19,6,24
LaLiga,2025/2026,Spain,Ath Bilbao,16,2025-12-07T19:59:00+00:00,7,16,7,2,7,15,20,-5,23
LaLiga,2025/2026,Spain,Getafe,16,2025-12-07T19:59:00+00:00,8,15,6,2,7,13,17,-4,20
LaLiga,2025/2026,Spain,Elche,16,2025-12-07T19:59:00+00:00,9,15,4,7,4,18,17,1,19
LaLiga,2025/2026,Spain,Celta,16,2025-12-07T19:59:00+00:00,10,15,4,7,4,18,19,-1,19
LaLiga,2025/2026,Spain,Alaves,16,2025-12-07T19:59:00+00:00,11,15,5,3,7,13,15,-2,18
LaLiga,2025/2026,Spain,Vallecano,16,2025-12-07T19:59:00+00:00,12,15,4,5,6,13,16,-3,17
LaLiga,2025/2026,Spain,Sociedad,16,2025-12-07T19:59:00+00:00,13,15,4,4,7,19,22,-3,16
LaLiga,2025/2026,Spain,Sevilla,16,2025-12-07T19:59:00+00:00,14,14,5,1,8,19,23,-4,16
LaLiga,2025/2026,Spain,Mallorca,16,2025-12-07T19:59:00+00:00,15,15,3,5,7,15,22,-7,14
LaLiga,2025/2026,Spain,Valencia,16,2025-12-07T19:59:00+00:00,16,14,3,5,6,13,22,-9,14
LaLiga,2025/2026,Spain,Osasuna,16,2025-12-07T19:59:00+00:00,17,14,3,3,8,12,18,-6,12
LaLiga,2025/2026,Spain,Girona,16,2025-12-07T19:59:00+00:00,18,15,2,6,7,13,29,-16,12
LaLiga,2025/2026,Spain,Oviedo,16,2025-12-07T19:59:00+00:00,19,15,2,4,9,7,22,-15,10
LaLiga,2025/2026,Spain,Levante,16,2025-12-07T19:59:00+00:00,20,14,2,3,9,16,26,-10,9
LaLiga,2025/2026,Spain,Barcelona,17,2025-12-15T19:59:00+00:00,1,17,14,1,2,49,20,29,43
LaLiga,2025/2026,Spain,Real Madrid,17,2025-12-15T19:59:00+00:00,2,17,12,3,2,34,16,18,39
LaLiga,2025/2026,Spain,Villarreal,17,2025-12-15T19:59:00+00:00,3,15,11,2,2,31,13,18,35
LaLiga,2025/2026,Spain,Ath Madrid,17,2025-12-15T19:59:00+00:00,4,17,10,4,3,30,16,14,34
LaLiga,2025/2026,Spain,Espanol,17,2025-12-15T19:59:00+00:00,5,16,9,3,4,20,16,4,30
LaLiga,2025/2026,Spain,Betis,17,2025-12-15T19:59:00+00:00,6,15,6,6,3,25,19,6,24
LaLiga,2025/2026,Spain,Ath Bilbao,17,2025-12-15T19:59:00+00:00,7,17,7,2,8,15,22,-7,23
LaLiga,2025/2026,Spain,Celta,17,2025-12-15T19:59:00+00:00,8,16,5,7,4,20,19,1,22
LaLiga,2025/2026,Spain,Sevilla,17,2025-12-15T19:59:00+00:00,9,16,6,2,8,24,24,0,20
LaLiga,2025/2026,Spain,Getafe,17,2025-12-15T19:59:00+00:00,10,16,6,2,8,13,18,-5,20
LaLiga,2025/2026,Spain,Elche,17,2025-12-15T19:59:00+00:00,11,16,4,7,5,19,20,-1,19
LaLiga,2025/2026,Spain,Alaves,17,2025-12-15T19:59:00+00:00,12,16,5,3,8,14,17,-3,18
LaLiga,2025/2026,Spain,Vallecano,17,2025-12-15T19:59:00+00:00,13,15,4,5,6,13,16,-3,17
LaLiga,2025/2026,Spain,Mallorca,17,2025-12-15T19:59:00+00:00,14,16,4,5,7,18,23,-5,17
LaLiga,2025/2026,Spain,Sociedad,17,2025-12-15T19:59:00+00:00,15,16,4,4,8,20,24,-4,16
LaLiga,2025/2026,Spain,Osasuna,17,2025-12-15T19:59:00+00:00,16,16,4,3,9,14,20,-6,15
LaLiga,2025/2026,Spain,Valencia,17,2025-12-15T19:59:00+00:00,17,16,3,6,7,15,25,-10,15
LaLiga,2025/2026,Spain,Girona,17,2025-12-15T19:59:00+00:00,18,16,3,6,7,15,30,-15,15
LaLiga,2025/2026,Spain,Oviedo,17,2025-12-15T19:59:00+00:00,19,16,2,4,10,7,26,-19,10
LaLiga,2025/2026,Spain,Levante,17,2025-12-15T19:59:00+00:00,20,15,2,3,10,16,28,-12,9
LaLiga,2025/2026,Spain,Barcelona,18,2025-12-22T19:59:00+00:00,1,18,15,1,2,51,20,31,46
LaLiga,2025/2026,Spain,Real Madrid,18,2025-12-22T19:59:00+00:00,2,18,13,3,2,36,16,20,42
LaLiga,2025/2026,Spain,Ath Madrid,18,2025-12-22T19:59:00+00:00,3,18,11,4,3,33,16,17,37
LaLiga,2025/2026,Spain,Villarreal,18,2025-12-22T19:59:00+00:00,4,16,11,2,3,31,15,16,35
LaLiga,2025/2026,Spain,Espanol,18,2025-12-22T19:59:00+00:00,5,16,9,3,4,20,16,4,30
LaLiga,2025/2026,Spain,Betis,18,2025-12-22T19:59:00+00:00,6,17,7,7,3,29,19,10,28
LaLiga,2025/2026,Spain,Celta,18,2025-12-22T19:59:00+00:00,7,17,5,8,4,20,19,1,23
LaLiga,2025/2026,Spain,Ath Bilbao,18,2025-12-22T19:59:00+00:00,8,17,7,2,8,15,22,-7,23
LaLiga,2025/2026,Spain,Elche,18,2025-12-22T19:59:00+00:00,9,17,5,7,5,23,20,3,22
LaLiga,2025/2026,Spain,Sevilla,18,2025-12-22T19:59:00+00:00,10,17,6,2,9,24,26,-2,20
LaLiga,2025/2026,Spain,Getafe,18,2025-12-22T19:59:00+00:00,11,17,6,2,9,13,22,-9,20
LaLiga,2025/2026,Spain,Osasuna,18,2025-12-22T19:59:00+00:00,12,17,5,3,9,17,20,-3,18
LaLiga,2025/2026,Spain,Mallorca,18,2025-12-22T19:59:00+00:00,13,17,4,6,7,19,24,-5,18
LaLiga,2025/2026,Spain,Alaves,18,2025-12-22T19:59:00+00:00,14,17,5,3,9,14,20,-6,18
LaLiga,2025/2026,Spain,Vallecano,18,2025-12-22T19:59:00+00:00,15,17,4,6,7,13,20,-7,18
LaLiga,2025/2026,Spain,Sociedad,18,2025-12-22T19:59:00+00:00,16,17,4,5,8,21,25,-4,17
LaLiga,2025/2026,Spain,Valencia,18,2025-12-22T19:59:00+00:00,17,17,3,7,7,16,26,-10,16
LaLiga,2025/2026,Spain,Girona,18,2025-12-22T19:59:00+00:00,18,17,3,6,8,15,33,-18,15
LaLiga,2025/2026,Spain,Oviedo,18,2025-12-22T19:59:00+00:00,19,17,2,5,10,7,26,-19,11
LaLiga,2025/2026,Spain,Levante,18,2025-12-22T19:59:00+00:00,20,16,2,4,10,17,29,-12,10
LaLiga,2025/2026,Spain,Barcelona,19,2026-01-04T19:59:00+00:00,1,19,16,1,2,53,20,33,49
LaLiga,2025/2026,Spain,Real Madrid,19,2026-01-04T19:59:00+00:00,2,19,14,3,2,41,17,24,45
LaLiga,2025/2026,Spain,Villarreal,19,2026-01-04T19:59:00+00:00,3,17,12,2,3,34,16,18,38
LaLiga,2025/2026,Spain,Ath Madrid,19,2026-01-04T19:59:00+00:00,4,18,11,4,3,33,16,17,37
LaLiga,2025/2026,Spain,Espanol,19,2026-01-04T19:59:00+00:00,5,18,10,3,5,22,19,3,33
LaLiga,2025/2026,Spain,Betis,19,2026-01-04T19:59:00+00:00,6,18,7,7,4,30,24,6,28
LaLiga,2025/2026,Spain,Celta,19,2026-01-04T19:59:00+00:00,7,18,6,8,4,24,20,4,26
LaLiga,2025/2026,Spain,Ath Bilbao,19,2026-01-04T19:59:00+00:00,8,19,7,3,9,17,25,-8,24
LaLiga,2025/2026,Spain,Elche,19,2026-01-04T19:59:00+00:00,9,18,5,7,6,24,23,1,22
LaLiga,2025/2026,Spain,Getafe,19,2026-01-04T19:59:00+00:00,10,18,6,3,9,14,23,-9,21
LaLiga,2025/2026,Spain,Sevilla,19,2026-01-04T19:59:00+00:00,11,18,6,2,10,24,29,-5,20
LaLiga,2025/2026,Spain,Osasuna,19,2026-01-04T19:59:00+00:00,12,18,5,4,9,18,21,-3,19
LaLiga,2025/2026,Spain,Alaves,19,2026-01-04T19:59:00+00:00,13,18,5,4,9,15,21,-6,19
LaLiga,2025/2026,Spain,Vallecano,19,2026-01-04T19:59:00+00:00,14,18,4,7,7,14,21,-7,19
LaLiga,2025/2026,Spain,Mallorca,19,2026-01-04T19:59:00+00:00,15,18,4,6,8,20,26,-6,18
LaLiga,2025/2026,Spain,Girona,19,2026-01-04T19:59:00+00:00,16,18,4,6,8,17,34,-17,18
LaLiga,2025/2026,Spain,Sociedad,19,2026-01-04T19:59:00+00:00,17,17,4,5,8,21,25,-4,17
LaLiga,2025/2026,Spain,Valencia,19,2026-01-04T19:59:00+00:00,18,18,3,7,8,17,30,-13,16
LaLiga,2025/2026,Spain,Levante,19,2026-01-04T19:59:00+00:00,19,17,3,4,10,20,29,-9,13
LaLiga,2025/2026,Spain,Oviedo,19,2026-01-04T19:59:00+00:00,20,18,2,6,10,8,27,-19,12
LaLiga,2025/2026,Spain,Barcelona,20,2026-01-17T19:59:00+00:00,1,19,16,1,2,53,20,33,49
LaLiga,2025/2026,Spain,Real Madrid,20,2026-01-17T19:59:00+00:00,2,19,14,3,2,41,17,24,45
LaLiga,2025/2026,Spain,Villarreal,20,2026-01-17T19:59:00+00:00,3,18,13,2,3,37,17,20,41
LaLiga,2025/2026,Spain,Ath Madrid,20,2026-01-17T19:59:00+00:00,4,19,11,5,3,34,17,17,38
LaLiga,2025/2026,Spain,Espanol,20,2026-01-17T19:59:00+00:00,5,20,10,4,6,23,22,1,34
LaLiga,2025/2026,Spain,Betis,20,2026-01-17T19:59:00+00:00,6,19,7,8,4,31,25,6,29
LaLiga,2025/2026,Spain,Celta,20,2026-01-17T19:59:00+00:00,7,19,7,8,4,25,20,5,29
LaLiga,2025/2026,Spain,Ath Bilbao,20,2026-01-17T19:59:00+00:00,8,19,7,3,9,17,25,-8,24
LaLiga,2025/2026,Spain,Girona,20,2026-01-17T19:59:00+00:00,9,20,6,6,8,20,34,-14,24
LaLiga,2025/2026,Spain,Elche,20,2026-01-17T19:59:00+00:00,10,19,5,8,6,25,24,1,23
LaLiga,2025/2026,Spain,Vallecano,20,2026-01-17T19:59:00+00:00,11,19,5,7,7,16,22,-6,22
LaLiga,2025/2026,Spain,Sociedad,20,2026-01-17T19:59:00+00:00,12,19,5,6,8,24,27,-3,21
LaLiga,2025/2026,Spain,Getafe,20,2026-01-17T19:59:00+00:00,13,19,6,3,10,15,25,-10,21
LaLiga,2025/2026,Spain,Sevilla,20,2026-01-17T19:59:00+00:00,14,19,6,2,11,24,30,-6,20
LaLiga,2025/2026,Spain,Osasuna,20,2026-01-17T19:59:00+00:00,15,19,5,4,10,18,22,-4,19
LaLiga,2025/2026,Spain,Alaves,20,2026-01-17T19:59:00+00:00,16,19,5,4,10,16,24,-8,19
LaLiga,2025/2026,Spain,Mallorca,20,2026-01-17T19:59:00+00:00,17,19,4,6,9,21,28,-7,18
LaLiga,2025/2026,Spain,Valencia,20,2026-01-17T19:59:00+00:00,18,19,3,8,8,18,31,-13,17
LaLiga,2025/2026,Spain,Levante,20,2026-01-17T19:59:00+00:00,19,18,3,5,10,21,30,-9,14
LaLiga,2025/2026,Spain,Oviedo,20,2026-01-17T19:59:00+00:00,20,19,2,7,10,9,28,-19,13
LaLiga,2025/2026,Spain,Barcelona,21,2026-01-24T19:59:00+00:00,1,20,16,1,3,54,22,32,49
LaLiga,2025/2026,Spain,Real Madrid,21,2026-01-24T19:59:00+00:00,2,20,15,3,2,43,17,26,48
LaLiga,2025/2026,Spain,Villarreal,21,2026-01-24T19:59:00+00:00,3,19,13,2,4,37,19,18,41
LaLiga,2025/2026,Spain,Ath Madrid,21,2026-01-24T19:59:00+00:00,4,20,12,5,3,35,17,18,41
LaLiga,2025/2026,Spain,Espanol,21,2026-01-24T19:59:00+00:00,5,20,10,4,6,23,22,1,34
LaLiga,2025/2026,Spain,Betis,21,2026-01-24T19:59:00+00:00,6,20,8,8,4,33,25,8,32
LaLiga,2025/2026,Spain,Celta,21,2026-01-24T19:59:00+00:00,7,20,8,8,4,28,20,8,32
LaLiga,2025/2026,Spain,Elche,21,2026-01-24T19:59:00+00:00,8,21,5,9,7,29,29,0,24
LaLiga,2025/2026,Spain,Sociedad,21,2026-01-24T19:59:00+00:00,9,20,6,6,8,26,28,-2,24
LaLiga,2025/2026,Spain,Ath Bilbao,21,2026-01-24T19:59:00+00:00,10,20,7,3,10,19,28,-9,24
LaLiga,2025/2026,Spain,Girona,21,2026-01-24T19:59:00+00:00,11,20,6,6,8,20,34,-14,24
LaLiga,2025/2026,Spain,Osasuna,21,2026-01-24T19:59:00+00:00,12,20,6,4,10,21,24,-3,22
LaLiga,2025/2026,Spain,Vallecano,21,2026-01-24T19:59:00+00:00,13,20,5,7,8,16,25,-9,22
LaLiga,2025/2026,Spain,Sevilla,21,2026-01-24T19:59:00+00:00,14,20,6,3,11,26,32,-6,21
LaLiga,2025/2026,Spain,Mallorca,21,2026-01-24T19:59:00+00:00,15,20,5,6,9,24,30,-6,21
LaLiga,2025/2026,Spain,Getafe,21,2026-01-24T19:59:00+00:00,16,20,6,3,11,15,26,-11,21
LaLiga,2025/2026,Spain,Valencia,21,2026-01-24T19:59:00+00:00,17,20,4,8,8,19,31,-12,20
LaLiga,2025/2026,Spain,Alaves,21,2026-01-24T19:59:00+00:00,18,20,5,4,11,16,25,-9,19
LaLiga,2025/2026,Spain,Levante,21,2026-01-24T19:59:00+00:00,19,20,4,5,11,24,34,-10,17
LaLiga,2025/2026,Spain,Oviedo,21,2026-01-24T19:59:00+00:00,20,20,2,7,11,11,31,-20,13
LaLiga,2025/2026,Spain,Barcelona,22,2026-01-31T19:59:00+00:00,1,21,17,1,3,57,22,35,52
LaLiga,2025/2026,Spain,Real Madrid,22,2026-01-31T19:59:00+00:00,2,21,16,3,2,45,17,28,51
LaLiga,2025/2026,Spain,Ath Madrid,22,2026-01-31T19:59:00+00:00,3,21,13,5,3,38,17,21,44
LaLiga,2025/2026,Spain,Villarreal,22,2026-01-31T19:59:00+00:00,4,20,13,2,5,37,21,16,41
LaLiga,2025/2026,Spain,Espanol,22,2026-01-31T19:59:00+00:00,5,22,10,4,8,26,27,-1,34
LaLiga,2025/2026,Spain,Betis,22,2026-01-31T19:59:00+00:00,6,21,8,8,5,34,27,7,32
LaLiga,2025/2026,Spain,Celta,22,2026-01-31T19:59:00+00:00,7,21,8,8,5,29,23,6,32
LaLiga,2025/2026,Spain,Sociedad,22,2026-01-31T19:59:00+00:00,8,21,7,6,8,29,29,0,27
LaLiga,2025/2026,Spain,Osasuna,22,2026-01-31T19:59:00+00:00,9,21,7,4,10,24,25,-1,25
LaLiga,2025/2026,Spain,Alaves,22,2026-01-31T19:59:00+00:00,10,22,7,4,11,20,27,-7,25
LaLiga,2025/2026,Spain,Girona,22,2026-01-31T19:59:00+00:00,11,21,6,7,8,21,35,-14,25
LaLiga,2025/2026,Spain,Elche,22,2026-01-31T19:59:00+00:00,12,21,5,9,7,29,29,0,24
LaLiga,2025/2026,Spain,Sevilla,22,2026-01-31T19:59:00+00:00,13,21,7,3,11,28,33,-5,24
LaLiga,2025/2026,Spain,Ath Bilbao,22,2026-01-31T19:59:00+00:00,14,21,7,3,11,20,30,-10,24
LaLiga,2025/2026,Spain,Valencia,22,2026-01-31T19:59:00+00:00,15,21,5,8,8,22,33,-11,23
LaLiga,2025/2026,Spain,Vallecano,22,2026-01-31T19:59:00+00:00,16,21,5,7,9,17,28,-11,22
LaLiga,2025/2026,Spain,Getafe,22,2026-01-31T19:59:00+00:00,17,21,6,4,11,16,27,-11,22
LaLiga,2025/2026,Spain,Mallorca,22,2026-01-31T19:59:00+00:00,18,21,5,6,10,24,33,-9,21
LaLiga,2025/2026,Spain,Levante,22,2026-01-31T19:59:00+00:00,19,20,4,5,11,24,34,-10,17
LaLiga,2025/2026,Spain,Oviedo,22,2026-01-31T19:59:00+00:00,20,21,2,7,12,11,34,-23,13
LaLiga,2025/2026,Spain,Barcelona,23,2026-02-07T19:59:00+00:00,1,22,18,1,3,60,23,37,55
LaLiga,2025/2026,Spain,Real Madrid,23,2026-02-07T19:59:00+00:00,2,22,17,3,2,47,18,29,54
LaLiga,2025/2026,Spain,Ath Madrid,23,2026-02-07T19:59:00+00:00,3,22,13,6,3,38,17,21,45
LaLiga,2025/2026,Spain,Villarreal,23,2026-02-07T19:59:00+00:00,4,21,13,3,5,39,23,16,42
LaLiga,2025/2026,Spain,Betis,23,2026-02-07T19:59:00+00:00,5,22,9,8,5,36,28,8,35
LaLiga,2025/2026,Spain,Espanol,23,2026-02-07T19:59:00+00:00,6,22,10,4,8,26,27,-1,34
LaLiga,2025/2026,Spain,Celta,23,2026-02-07T19:59:00+00:00,7,23,8,9,6,30,25,5,33
LaLiga,2025/2026,Spain,Osasuna,23,2026-02-07T19:59:00+00:00,8,23,8,5,10,28,28,0,29
LaLiga,2025/2026,Spain,Sociedad,23,2026-02-07T19:59:00+00:00,9,22,7,7,8,30,30,0,28
LaLiga,2025/2026,Spain,Alaves,23,2026-02-07T19:59:00+00:00,10,22,7,4,11,20,27,-7,25
LaLiga,2025/2026,Spain,Ath Bilbao,23,2026-02-07T19:59:00+00:00,11,22,7,4,11,21,31,-10,25
LaLiga,2025/2026,Spain,Girona,23,2026-02-07T19:59:00+00:00,12,22,6,7,9,21,36,-15,25
LaLiga,2025/2026,Spain,Elche,23,2026-02-07T19:59:00+00:00,13,22,5,9,8,30,32,-2,24
LaLiga,2025/2026,Spain,Mallorca,23,2026-02-07T19:59:00+00:00,14,22,6,6,10,28,34,-6,24
LaLiga,2025/2026,Spain,Sevilla,23,2026-02-07T19:59:00+00:00,15,22,7,3,12,29,37,-8,24
LaLiga,2025/2026,Spain,Getafe,23,2026-02-07T19:59:00+00:00,16,22,6,5,11,16,27,-11,23
LaLiga,2025/2026,Spain,Valencia,23,2026-02-07T19:59:00+00:00,17,22,5,8,9,23,35,-12,23
LaLiga,2025/2026,Spain,Vallecano,23,2026-02-07T19:59:00+00:00,18,22,5,7,10,18,30,-12,22
LaLiga,2025/2026,Spain,Levante,23,2026-02-07T19:59:00+00:00,19,21,4,6,11,24,34,-10,18
LaLiga,2025/2026,Spain,Oviedo,23,2026-02-07T19:59:00+00:00,20,22,3,7,12,12,34,-22,16
LaLiga,2025/2026,Spain,Barcelona,24,2026-02-14T19:59:00+00:00,1,23,19,1,3,63,23,40,58
LaLiga,2025/2026,Spain,Real Madrid,24,2026-02-14T19:59:00+00:00,2,23,18,3,2,49,18,31,57
LaLiga,2025/2026,Spain,Ath Madrid,24,2026-02-14T19:59:00+00:00,3,23,13,6,4,38,18,20,45
LaLiga,2025/2026,Spain,Villarreal,24,2026-02-14T19:59:00+00:00,4,22,14,3,5,43,24,19,45
LaLiga,2025/2026,Spain,Betis,24,2026-02-14T19:59:00+00:00,5,23,10,8,5,37,28,9,38
LaLiga,2025/2026,Spain,Espanol,24,2026-02-14T19:59:00+00:00,6,24,10,5,9,29,33,-4,35
LaLiga,2025/2026,Spain,Celta,24,2026-02-14T19:59:00+00:00,7,24,8,10,6,32,27,5,34
LaLiga,2025/2026,Spain,Sociedad,24,2026-02-14T19:59:00+00:00,8,23,8,7,8,33,31,2,31
LaLiga,2025/2026,Spain,Osasuna,24,2026-02-14T19:59:00+00:00,9,24,8,6,10,28,28,0,30
LaLiga,2025/2026,Spain,Ath Bilbao,24,2026-02-14T19:59:00+00:00,10,23,8,4,11,25,33,-8,28
LaLiga,2025/2026,Spain,Getafe,24,2026-02-14T19:59:00+00:00,11,23,7,5,11,18,27,-9,26
LaLiga,2025/2026,Spain,Girona,24,2026-02-14T19:59:00+00:00,12,23,6,8,9,22,37,-15,26
LaLiga,2025/2026,Spain,Elche,24,2026-02-14T19:59:00+00:00,13,24,5,10,9,31,35,-4,25
LaLiga,2025/2026,Spain,Sevilla,24,2026-02-14T19:59:00+00:00,14,23,7,4,12,30,38,-8,25
LaLiga,2025/2026,Spain,Alaves,24,2026-02-14T19:59:00+00:00,15,23,7,4,12,20,29,-9,25
LaLiga,2025/2026,Spain,Mallorca,24,2026-02-14T19:59:00+00:00,16,23,6,6,11,28,37,-9,24
LaLiga,2025/2026,Spain,Valencia,24,2026-02-14T19:59:00+00:00,17,23,5,8,10,23,37,-14,23
LaLiga,2025/2026,Spain,Vallecano,24,2026-02-14T19:59:00+00:00,18,22,5,7,10,18,30,-12,22
LaLiga,2025/2026,Spain,Levante,24,2026-02-14T19:59:00+00:00,19,22,4,6,12,26,38,-12,18
LaLiga,2025/2026,Spain,Oviedo,24,2026-02-14T19:59:00+00:00,20,22,3,7,12,12,34,-22,16
LaLiga,2025/2026,Spain,Real Madrid,25,2026-02-21T19:59:00+00:00,1,24,19,3,2,53,19,34,60
LaLiga,2025/2026,Spain,Barcelona,25,2026-02-21T19:59:00+00:00,2,24,19,1,4,64,25,39,58
LaLiga,2025/2026,Spain,Villarreal,25,2026-02-21T19:59:00+00:00,3,24,15,3,6,45,26,19,48
LaLiga,2025/2026,Spain,Ath Madrid,25,2026-02-21T19:59:00+00:00,4,24,13,6,5,38,21,17,45
LaLiga,2025/2026,Spain,Betis,25,2026-02-21T19:59:00+00:00,5,24,11,8,5,39,29,10,41
LaLiga,2025/2026,Spain,Espanol,25,2026-02-21T19:59:00+00:00,6,24,10,5,9,29,33,-4,35
LaLiga,2025/2026,Spain,Celta,25,2026-02-21T19:59:00+00:00,7,24,8,10,6,32,27,5,34
LaLiga,2025/2026,Spain,Ath Bilbao,25,2026-02-21T19:59:00+00:00,8,25,10,4,11,29,35,-6,34
LaLiga,2025/2026,Spain,Sociedad,25,2026-02-21T19:59:00+00:00,9,24,8,7,9,34,35,-1,31
LaLiga,2025/2026,Spain,Osasuna,25,2026-02-21T19:59:00+00:00,10,24,8,6,10,28,28,0,30
LaLiga,2025/2026,Spain,Getafe,25,2026-02-21T19:59:00+00:00,11,24,8,5,11,20,28,-8,29
LaLiga,2025/2026,Spain,Girona,25,2026-02-21T19:59:00+00:00,12,24,7,8,9,24,38,-14,29
LaLiga,2025/2026,Spain,Sevilla,25,2026-02-21T19:59:00+00:00,13,24,7,5,12,31,39,-8,26
LaLiga,2025/2026,Spain,Alaves,25,2026-02-21T19:59:00+00:00,14,24,7,5,12,21,30,-9,26
LaLiga,2025/2026,Spain,Valencia,25,2026-02-21T19:59:00+00:00,15,24,6,8,10,25,37,-12,26
LaLiga,2025/2026,Spain,Elche,25,2026-02-21T19:59:00+00:00,16,25,5,10,10,32,37,-5,25
LaLiga,2025/2026,Spain,Vallecano,25,2026-02-21T19:59:00+00:00,17,23,6,7,10,21,30,-9,25
LaLiga,2025/2026,Spain,Mallorca,25,2026-02-21T19:59:00+00:00,18,24,6,6,12,29,39,-10,24
LaLiga,2025/2026,Spain,Levante,25,2026-02-21T19:59:00+00:00,19,24,4,6,14,26,41,-15,18
LaLiga,2025/2026,Spain,Oviedo,25,2026-02-21T19:59:00+00:00,20,23,3,7,13,13,36,-23,16
LaLiga,2025/2026,Spain,Barcelona,26,2026-02-28T19:59:00+00:00,1,25,20,1,4,67,25,42,61
LaLiga,2025/2026,Spain,Real Madrid,26,2026-02-28T19:59:00+00:00,2,25,19,3,3,54,21,33,60
LaLiga,2025/2026,Spain,Villarreal,26,2026-02-28T19:59:00+00:00,3,25,16,3,6,47,27,20,51
LaLiga,2025/2026,Spain,Ath Madrid,26,2026-02-28T19:59:00+00:00,4,25,14,6,5,42,23,19,48
LaLiga,2025/2026,Spain,Betis,26,2026-02-28T19:59:00+00:00,5,25,11,9,5,40,30,10,42
LaLiga,2025/2026,Spain,Celta,26,2026-02-28T19:59:00+00:00,6,25,9,10,6,34,27,7,37
LaLiga,2025/2026,Spain,Espanol,26,2026-02-28T19:59:00+00:00,7,25,10,5,10,31,37,-6,35
LaLiga,2025/2026,Spain,Ath Bilbao,26,2026-02-28T19:59:00+00:00,8,25,10,4,11,29,35,-6,34
LaLiga,2025/2026,Spain,Osasuna,26,2026-02-28T19:59:00+00:00,9,25,9,6,10,30,29,1,33
LaLiga,2025/2026,Spain,Sociedad,26,2026-02-28T19:59:00+00:00,10,25,8,8,9,37,38,-1,32
LaLiga,2025/2026,Spain,Girona,26,2026-02-28T19:59:00+00:00,11,25,7,9,9,26,40,-14,30
LaLiga,2025/2026,Spain,Sevilla,26,2026-02-28T19:59:00+00:00,12,25,8,5,12,32,39,-7,29
LaLiga,2025/2026,Spain,Getafe,26,2026-02-28T19:59:00+00:00,13,25,8,5,12,20,29,-9,29
LaLiga,2025/2026,Spain,Alaves,26,2026-02-28T19:59:00+00:00,14,26,7,6,13,23,34,-11,27
LaLiga,2025/2026,Spain,Vallecano,26,2026-02-28T19:59:00+00:00,15,24,6,8,10,22,31,-9,26
LaLiga,2025/2026,Spain,Valencia,26,2026-02-28T19:59:00+00:00,16,25,6,8,11,26,39,-13,26
LaLiga,2025/2026,Spain,Elche,26,2026-02-28T19:59:00+00:00,17,25,5,10,10,32,37,-5,25
LaLiga,2025/2026,Spain,Mallorca,26,2026-02-28T19:59:00+00:00,18,25,6,6,13,29,41,-12,24
LaLiga,2025/2026,Spain,Levante,26,2026-02-28T19:59:00+00:00,19,26,5,6,15,28,44,-16,21
LaLiga,2025/2026,Spain,Oviedo,26,2026-02-28T19:59:00+00:00,20,24,3,8,13,16,39,-23,17
LaLiga,2025/2026,Spain,Barcelona,27,2026-03-06T19:59:00+00:00,1,26,21,1,4,71,26,45,64
LaLiga,2025/2026,Spain,Real Madrid,27,2026-03-06T19:59:00+00:00,2,26,19,3,4,54,22,32,60
LaLiga,2025/2026,Spain,Ath Madrid,27,2026-03-06T19:59:00+00:00,3,26,15,6,5,43,23,20,51
LaLiga,2025/2026,Spain,Villarreal,27,2026-03-06T19:59:00+00:00,4,26,16,3,7,48,31,17,51
LaLiga,2025/2026,Spain,Betis,27,2026-03-06T19:59:00+00:00,5,26,11,10,5,42,32,10,43
LaLiga,2025/2026,Spain,Celta,27,2026-03-06T19:59:00+00:00,6,26,10,10,6,36,28,8,40
LaLiga,2025/2026,Spain,Espanol,27,2026-03-06T19:59:00+00:00,7,26,10,6,10,33,39,-6,36
LaLiga,2025/2026,Spain,Sociedad,27,2026-03-06T19:59:00+00:00,8,26,9,8,9,38,38,0,35
LaLiga,2025/2026,Spain,Ath Bilbao,27,2026-03-06T19:59:00+00:00,9,26,10,5,11,30,36,-6,35
LaLiga,2025/2026,Spain,Osasuna,27,2026-03-06T19:59:00+00:00,10,26,9,6,11,30,30,0,33
LaLiga,2025/2026,Spain,Getafe,27,2026-03-06T19:59:00+00:00,11,26,9,5,12,21,29,-8,32
LaLiga,2025/2026,Spain,Vallecano,27,2026-03-06T19:59:00+00:00,12,26,7,9,10,26,32,-6,30
LaLiga,2025/2026,Spain,Sevilla,27,2026-03-06T19:59:00+00:00,13,26,8,6,12,34,41,-7,30
LaLiga,2025/2026,Spain,Girona,27,2026-03-06T19:59:00+00:00,14,26,7,9,10,27,42,-15,30
LaLiga,2025/2026,Spain,Valencia,27,2026-03-06T19:59:00+00:00,15,26,7,8,11,27,39,-12,29
LaLiga,2025/2026,Spain,Alaves,27,2026-03-06T19:59:00+00:00,16,26,7,6,13,23,34,-11,27
LaLiga,2025/2026,Spain,Elche,27,2026-03-06T19:59:00+00:00,17,26,5,11,10,34,39,-5,26
LaLiga,2025/2026,Spain,Mallorca,27,2026-03-06T19:59:00+00:00,18,26,6,6,14,29,42,-13,24
LaLiga,2025/2026,Spain,Levante,27,2026-03-06T19:59:00+00:00,19,26,5,6,15,28,44,-16,21
LaLiga,2025/2026,Spain,Oviedo,27,2026-03-06T19:59:00+00:00,20,26,3,8,15,16,43,-27,17
LaLiga,2025/2026,Spain,Barcelona,28,2026-03-13T19:59:00+00:00,1,27,22,1,4,72,26,46,67
LaLiga,2025/2026,Spain,Real Madrid,28,2026-03-13T19:59:00+00:00,2,27,20,3,4,56,23,33,63
LaLiga,2025/2026,Spain,Ath Madrid,28,2026-03-13T19:59:00+00:00,3,27,16,6,5,46,25,21,54
LaLiga,2025/2026,Spain,Villarreal,28,2026-03-13T19:59:00+00:00,4,27,17,3,7,50,32,18,54
LaLiga,2025/2026,Spain,Betis,28,2026-03-13T19:59:00+00:00,5,27,11,10,6,42,34,8,43
LaLiga,2025/2026,Spain,Celta,28,2026-03-13T19:59:00+00:00,6,27,10,10,7,37,30,7,40
LaLiga,2025/2026,Spain,Espanol,28,2026-03-13T19:59:00+00:00,7,27,10,7,10,34,40,-6,37
LaLiga,2025/2026,Spain,Sociedad,28,2026-03-13T19:59:00+00:00,8,27,9,8,10,40,41,-1,35
LaLiga,2025/2026,Spain,Getafe,28,2026-03-13T19:59:00+00:00,9,27,10,5,12,23,29,-6,35
LaLiga,2025/2026,Spain,Ath Bilbao,28,2026-03-13T19:59:00+00:00,10,27,10,5,12,30,37,-7,35
LaLiga,2025/2026,Spain,Osasuna,28,2026-03-13T19:59:00+00:00,11,27,9,7,11,32,32,0,34
LaLiga,2025/2026,Spain,Valencia,28,2026-03-13T19:59:00+00:00,12,27,8,8,11,30,41,-11,32
LaLiga,2025/2026,Spain,Vallecano,28,2026-03-13T19:59:00+00:00,13,27,7,10,10,27,33,-6,31
LaLiga,2025/2026,Spain,Sevilla,28,2026-03-13T19:59:00+00:00,14,27,8,7,12,35,42,-7,31
LaLiga,2025/2026,Spain,Girona,28,2026-03-13T19:59:00+00:00,15,27,7,10,10,28,43,-15,31
LaLiga,2025/2026,Spain,Alaves,28,2026-03-13T19:59:00+00:00,16,27,7,6,14,25,37,-12,27
LaLiga,2025/2026,Spain,Elche,28,2026-03-13T19:59:00+00:00,17,27,5,11,11,35,41,-6,26
LaLiga,2025/2026,Spain,Mallorca,28,2026-03-13T19:59:00+00:00,18,27,6,7,14,31,44,-13,25
LaLiga,2025/2026,Spain,Levante,28,2026-03-13T19:59:00+00:00,19,27,5,7,15,29,45,-16,22
LaLiga,2025/2026,Spain,Oviedo,28,2026-03-13T19:59:00+00:00,20,27,3,9,15,17,44,-27,18
LaLiga,2025/2026,Spain,Barcelona,29,2026-03-20T19:59:00+00:00,1,28,23,1,4,77,28,49,70
LaLiga,2025/2026,Spain,Real Madrid,29,2026-03-20T19:59:00+00:00,2,28,21,3,4,60,24,36,66
LaLiga,2025/2026,Spain,Ath Madrid,29,2026-03-20T19:59:00+00:00,3,28,17,6,5,47,25,22,57
LaLiga,2025/2026,Spain,Villarreal,29,2026-03-20T19:59:00+00:00,4,28,17,4,7,51,33,18,55
LaLiga,2025/2026,Spain,Betis,29,2026-03-20T19:59:00+00:00,5,28,11,11,6,43,35,8,44
LaLiga,2025/2026,Spain,Celta,29,2026-03-20T19:59:00+00:00,6,28,10,11,7,38,31,7,41
LaLiga,2025/2026,Spain,Sociedad,29,2026-03-20T19:59:00+00:00,7,28,10,8,10,43,42,1,38
LaLiga,2025/2026,Spain,Espanol,29,2026-03-20T19:59:00+00:00,8,28,10,7,11,35,42,-7,37
LaLiga,2025/2026,Spain,Getafe,29,2026-03-20T19:59:00+00:00,9,28,10,5,13,23,30,-7,35
LaLiga,2025/2026,Spain,Ath Bilbao,29,2026-03-20T19:59:00+00:00,10,28,10,5,13,30,40,-10,35
LaLiga,2025/2026,Spain,Osasuna,29,2026-03-20T19:59:00+00:00,11,28,9,7,12,33,35,-2,34
LaLiga,2025/2026,Spain,Girona,29,2026-03-20T19:59:00+00:00,12,28,8,10,10,31,43,-12,34
LaLiga,2025/2026,Spain,Vallecano,29,2026-03-20T19:59:00+00:00,13,28,7,11,10,28,34,-6,32
LaLiga,2025/2026,Spain,Valencia,29,2026-03-20T19:59:00+00:00,14,28,8,8,12,30,42,-12,32
LaLiga,2025/2026,Spain,Sevilla,29,2026-03-20T19:59:00+00:00,15,28,8,7,13,37,47,-10,31
LaLiga,2025/2026,Spain,Mallorca,29,2026-03-20T19:59:00+00:00,16,28,7,7,14,33,45,-12,28
LaLiga,2025/2026,Spain,Alaves,29,2026-03-20T19:59:00+00:00,17,28,7,7,14,26,38,-12,28
LaLiga,2025/2026,Spain,Elche,29,2026-03-20T19:59:00+00:00,18,28,5,11,12,36,45,-9,26
LaLiga,2025/2026,Spain,Levante,29,2026-03-20T19:59:00+00:00,19,28,5,8,15,30,46,-16,23
LaLiga,2025/2026,Spain,Oviedo,29,2026-03-20T19:59:00+00:00,20,28,4,9,15,18,44,-26,21
LaLiga,2025/2026,Spain,Barcelona,30,2026-04-03T19:59:00+00:00,1,29,24,1,4,78,28,50,73
LaLiga,2025/2026,Spain,Real Madrid,30,2026-04-03T19:59:00+00:00,2,29,22,3,4,63,26,37,69
LaLiga,2025/2026,Spain,Villarreal,30,2026-04-03T19:59:00+00:00,3,29,18,4,7,54,34,20,58
LaLiga,2025/2026,Spain,Ath Madrid,30,2026-04-03T19:59:00+00:00,4,29,17,6,6,49,28,21,57
LaLiga,2025/2026,Spain,Betis,30,2026-04-03T19:59:00+00:00,5,29,11,11,7,44,37,7,44
LaLiga,2025/2026,Spain,Celta,30,2026-04-03T19:59:00+00:00,6,29,10,11,8,41,35,6,41
LaLiga,2025/2026,Spain,Sociedad,30,2026-04-03T19:59:00+00:00,7,29,10,8,11,44,45,-1,38
LaLiga,2025/2026,Spain,Getafe,30,2026-04-03T19:59:00+00:00,8,29,11,5,13,25,31,-6,38
LaLiga,2025/2026,Spain,Ath Bilbao,30,2026-04-03T19:59:00+00:00,9,29,11,5,13,32,41,-9,38
LaLiga,2025/2026,Spain,Osasuna,30,2026-04-03T19:59:00+00:00,10,29,10,7,12,34,35,-1,37
LaLiga,2025/2026,Spain,Espanol,30,2026-04-03T19:59:00+00:00,11,29,10,7,12,36,44,-8,37
LaLiga,2025/2026,Spain,Valencia,30,2026-04-03T19:59:00+00:00,12,29,9,8,12,32,42,-10,35
LaLiga,2025/2026,Spain,Girona,30,2026-04-03T19:59:00+00:00,13,29,8,10,11,31,44,-13,34
LaLiga,2025/2026,Spain,Vallecano,30,2026-04-03T19:59:00+00:00,14,29,7,11,11,28,35,-7,32
LaLiga,2025/2026,Spain,Alaves,30,2026-04-03T19:59:00+00:00,15,29,8,7,14,30,41,-11,31
LaLiga,2025/2026,Spain,Sevilla,30,2026-04-03T19:59:00+00:00,16,29,8,7,14,37,49,-12,31
LaLiga,2025/2026,Spain,Elche,30,2026-04-03T19:59:00+00:00,17,29,6,11,12,38,46,-8,29
LaLiga,2025/2026,Spain,Mallorca,30,2026-04-03T19:59:00+00:00,18,29,7,7,15,34,47,-13,28
LaLiga,2025/2026,Spain,Levante,30,2026-04-03T19:59:00+00:00,19,29,6,8,15,34,48,-14,26
LaLiga,2025/2026,Spain,Oviedo,30,2026-04-03T19:59:00+00:00,20,29,4,9,16,20,48,-28,21
LaLiga,2025/2026,Spain,Barcelona,31,2026-04-10T19:59:00+00:00,1,30,25,1,4,80,29,51,76
LaLiga,2025/2026,Spain,Real Madrid,31,2026-04-10T19:59:00+00:00,2,30,22,3,5,64,28,36,69
LaLiga,2025/2026,Spain,Villarreal,31,2026-04-10T19:59:00+00:00,3,30,18,4,8,54,35,19,58
LaLiga,2025/2026,Spain,Ath Madrid,31,2026-04-10T19:59:00+00:00,4,30,17,6,7,50,30,20,57
LaLiga,2025/2026,Spain,Betis,31,2026-04-10T19:59:00+00:00,5,30,11,12,7,44,37,7,45
LaLiga,2025/2026,Spain,Celta,31,2026-04-10T19:59:00+00:00,6,30,11,11,8,44,37,7,44
LaLiga,2025/2026,Spain,Sociedad,31,2026-04-10T19:59:00+00:00,7,30,11,8,11,46,45,1,41
LaLiga,2025/2026,Spain,Getafe,31,2026-04-10T19:59:00+00:00,8,30,12,5,13,27,31,-4,41
LaLiga,2025/2026,Spain,Osasuna,31,2026-04-10T19:59:00+00:00,9,30,10,8,12,36,37,-1,38
LaLiga,2025/2026,Spain,Espanol,31,2026-04-10T19:59:00+00:00,10,30,10,8,12,36,44,-8,38
LaLiga,2025/2026,Spain,Ath Bilbao,31,2026-04-10T19:59:00+00:00,11,30,11,5,14,32,43,-11,38
LaLiga,2025/2026,Spain,Girona,31,2026-04-10T19:59:00+00:00,12,30,9,10,11,32,44,-12,37
LaLiga,2025/2026,Spain,Vallecano,31,2026-04-10T19:59:00+00:00,13,30,8,11,11,29,35,-6,35
LaLiga,2025/2026,Spain,Valencia,31,2026-04-10T19:59:00+00:00,14,30,9,8,13,34,45,-11,35
LaLiga,2025/2026,Spain,Alaves,31,2026-04-10T19:59:00+00:00,15,30,8,8,14,32,43,-11,32
LaLiga,2025/2026,Spain,Mallorca,31,2026-04-10T19:59:00+00:00,16,30,8,7,15,36,48,-12,31
LaLiga,2025/2026,Spain,Sevilla,31,2026-04-10T19:59:00+00:00,17,30,8,7,15,37,50,-13,31
LaLiga,2025/2026,Spain,Elche,31,2026-04-10T19:59:00+00:00,18,30,6,11,13,38,47,-9,29
LaLiga,2025/2026,Spain,Levante,31,2026-04-10T19:59:00+00:00,19,30,6,8,16,34,50,-16,26
LaLiga,2025/2026,Spain,Oviedo,31,2026-04-10T19:59:00+00:00,20,30,5,9,16,21,48,-27,24
LaLiga,2025/2026,Spain,Barcelona,32,2026-04-21T19:59:00+00:00,1,31,26,1,4,84,30,54,79
LaLiga,2025/2026,Spain,Real Madrid,32,2026-04-21T19:59:00+00:00,2,31,22,4,5,65,29,36,70
LaLiga,2025/2026,Spain,Villarreal,32,2026-04-21T19:59:00+00:00,3,31,19,4,8,56,36,20,61
LaLiga,2025/2026,Spain,Ath Madrid,32,2026-04-21T19:59:00+00:00,4,31,17,6,8,51,32,19,57
LaLiga,2025/2026,Spain,Betis,32,2026-04-21T19:59:00+00:00,5,31,11,13,7,45,38,7,46
LaLiga,2025/2026,Spain,Celta,32,2026-04-21T19:59:00+00:00,6,31,11,11,9,44,40,4,44
LaLiga,2025/2026,Spain,Sociedad,32,2026-04-21T19:59:00+00:00,7,31,11,9,11,49,48,1,42
LaLiga,2025/2026,Spain,Getafe,32,2026-04-21T19:59:00+00:00,8,31,12,5,14,27,32,-5,41
LaLiga,2025/2026,Spain,Osasuna,32,2026-04-21T19:59:00+00:00,9,31,10,9,12,37,38,-1,39
LaLiga,2025/2026,Spain,Espanol,32,2026-04-21T19:59:00+00:00,10,31,10,8,13,37,48,-11,38
LaLiga,2025/2026,Spain,Ath Bilbao,32,2026-04-21T19:59:00+00:00,11,31,11,5,15,33,45,-12,38
LaLiga,2025/2026,Spain,Girona,32,2026-04-21T19:59:00+00:00,12,31,9,11,11,33,45,-12,38
LaLiga,2025/2026,Spain,Vallecano,32,2026-04-21T19:59:00+00:00,13,31,8,11,12,29,38,-9,35
LaLiga,2025/2026,Spain,Valencia,32,2026-04-21T19:59:00+00:00,14,31,9,8,14,34,46,-12,35
LaLiga,2025/2026,Spain,Mallorca,32,2026-04-21T19:59:00+00:00,15,31,9,7,15,39,48,-9,34
LaLiga,2025/2026,Spain,Sevilla,32,2026-04-21T19:59:00+00:00,16,31,9,7,15,39,51,-12,34
LaLiga,2025/2026,Spain,Alaves,32,2026-04-21T19:59:00+00:00,17,31,8,9,14,35,46,-11,33
LaLiga,2025/2026,Spain,Elche,32,2026-04-21T19:59:00+00:00,18,31,7,11,13,39,47,-8,32
LaLiga,2025/2026,Spain,Levante,32,2026-04-21T19:59:00+00:00,19,31,7,8,16,35,50,-15,29
LaLiga,2025/2026,Spain,Oviedo,32,2026-04-21T19:59:00+00:00,20,31,6,9,16,24,48,-24,27
LaLiga,2025/2026,Spain,Barcelona,33,2026-04-24T19:59:00+00:00,1,32,27,1,4,85,30,55,82
LaLiga,2025/2026,Spain,Real Madrid,33,2026-04-24T19:59:00+00:00,2,32,23,4,5,67,30,37,73
LaLiga,2025/2026,Spain,Villarreal,33,2026-04-24T19:59:00+00:00,3,32,19,5,8,57,37,20,62
LaLiga,2025/2026,Spain,Ath Madrid,33,2026-04-24T19:59:00+00:00,4,32,17,6,9,53,35,18,57
LaLiga,2025/2026,Spain,Betis,33,2026-04-24T19:59:00+00:00,5,32,12,13,7,48,40,8,49
LaLiga,2025/2026,Spain,Celta,33,2026-04-24T19:59:00+00:00,6,32,11,11,10,44,41,3,44
LaLiga,2025/2026,Spain,Getafe,33,2026-04-24T19:59:00+00:00,7,32,13,5,14,28,32,-4,44
LaLiga,2025/2026,Spain,Sociedad,33,2026-04-24T19:59:00+00:00,8,32,11,9,12,49,49,0,42
LaLiga,2025/2026,Spain,Ath Bilbao,33,2026-04-24T19:59:00+00:00,9,32,12,5,15,34,45,-11,41
LaLiga,2025/2026,Spain,Osasuna,33,2026-04-24T19:59:00+00:00,10,32,10,9,13,37,39,-2,39
LaLiga,2025/2026,Spain,Vallecano,33,2026-04-24T19:59:00+00:00,11,32,9,11,12,30,38,-8,38
LaLiga,2025/2026,Spain,Espanol,33,2026-04-24T19:59:00+00:00,12,32,10,8,14,37,49,-12,38
LaLiga,2025/2026,Spain,Girona,33,2026-04-24T19:59:00+00:00,13,32,9,11,12,35,48,-13,38
LaLiga,2025/2026,Spain,Valencia,33,2026-04-24T19:59:00+00:00,14,32,9,9,14,35,47,-12,36
LaLiga,2025/2026,Spain,Elche,33,2026-04-24T19:59:00+00:00,15,32,8,11,13,42,49,-7,35
LaLiga,2025/2026,Spain,Mallorca,33,2026-04-24T19:59:00+00:00,16,32,9,8,15,40,49,-9,35
LaLiga,2025/2026,Spain,Sevilla,33,2026-04-24T19:59:00+00:00,17,32,9,7,16,39,53,-14,34
LaLiga,2025/2026,Spain,Alaves,33,2026-04-24T19:59:00+00:00,18,32,8,9,15,36,48,-12,33
LaLiga,2025/2026,Spain,Levante,33,2026-04-24T19:59:00+00:00,19,32,8,8,16,37,50,-13,32
LaLiga,2025/2026,Spain,Oviedo,33,2026-04-24T19:59:00+00:00,20,32,6,10,16,25,49,-24,28
LaLiga,2025/2026,Spain,Barcelona,34,2026-05-01T19:59:00+00:00,1,33,28,1,4,87,30,57,85
LaLiga,2025/2026,Spain,Real Madrid,34,2026-05-01T19:59:00+00:00,2,33,23,5,5,68,31,37,74
LaLiga,2025/2026,Spain,Villarreal,34,2026-05-01T19:59:00+00:00,3,33,20,5,8,59,38,21,65
LaLiga,2025/2026,Spain,Ath Madrid,34,2026-05-01T19:59:00+00:00,4,33,18,6,9,56,37,19,60
LaLiga,2025/2026,Spain,Betis,34,2026-05-01T19:59:00+00:00,5,33,12,14,7,49,41,8,50
LaLiga,2025/2026,Spain,Celta,34,2026-05-01T19:59:00+00:00,6,33,11,11,11,45,43,2,44
LaLiga,2025/2026,Spain,Getafe,34,2026-05-01T19:59:00+00:00,7,33,13,5,15,28,34,-6,44
LaLiga,2025/2026,Spain,Sociedad,34,2026-05-01T19:59:00+00:00,8,33,11,10,12,52,52,0,43
LaLiga,2025/2026,Spain,Osasuna,34,2026-05-01T19:59:00+00:00,9,33,11,9,13,39,40,-1,42
LaLiga,2025/2026,Spain,Ath Bilbao,34,2026-05-01T19:59:00+00:00,10,33,12,5,16,36,48,-12,41
LaLiga,2025/2026,Spain,Vallecano,34,2026-05-01T19:59:00+00:00,11,33,9,12,12,33,41,-8,39
LaLiga,2025/2026,Spain,Valencia,34,2026-05-01T19:59:00+00:00,12,33,10,9,14,37,48,-11,39
LaLiga,2025/2026,Spain,Espanol,34,2026-05-01T19:59:00+00:00,13,33,10,9,14,37,49,-12,39
LaLiga,2025/2026,Spain,Elche,34,2026-05-01T19:59:00+00:00,14,33,9,11,13,44,50,-6,38
LaLiga,2025/2026,Spain,Girona,34,2026-05-01T19:59:00+00:00,15,33,9,11,13,36,50,-14,38
LaLiga,2025/2026,Spain,Alaves,34,2026-05-01T19:59:00+00:00,16,33,9,9,15,38,49,-11,36
LaLiga,2025/2026,Spain,Mallorca,34,2026-05-01T19:59:00+00:00,17,33,9,8,16,41,51,-10,35
LaLiga,2025/2026,Spain,Sevilla,34,2026-05-01T19:59:00+00:00,18,33,9,7,17,40,55,-15,34
LaLiga,2025/2026,Spain,Levante,34,2026-05-01T19:59:00+00:00,19,33,8,9,16,37,50,-13,33
LaLiga,2025/2026,Spain,Oviedo,34,2026-05-01T19:59:00+00:00,20,33,6,10,17,26,51,-25,28
LaLiga,2025/2026,Spain,Barcelona,35,2026-05-08T19:59:00+00:00,1,34,29,1,4,89,31,58,88
LaLiga,2025/2026,Spain,Real Madrid,35,2026-05-08T19:59:00+00:00,2,34,24,5,5,70,31,39,77
LaLiga,2025/2026,Spain,Villarreal,35,2026-05-08T19:59:00+00:00,3,34,21,5,8,64,39,25,68
LaLiga,2025/2026,Spain,Ath Madrid,35,2026-05-08T19:59:00+00:00,4,34,19,6,9,58,37,21,63
LaLiga,2025/2026,Spain,Betis,35,2026-05-08T19:59:00+00:00,5,34,13,14,7,52,41,11,53
LaLiga,2025/2026,Spain,Celta,35,2026-05-08T19:59:00+00:00,6,34,12,11,11,48,44,4,47
LaLiga,2025/2026,Spain,Getafe,35,2026-05-08T19:59:00+00:00,7,34,13,5,16,28,36,-8,44
LaLiga,2025/2026,Spain,Ath Bilbao,35,2026-05-08T19:59:00+00:00,8,34,13,5,16,40,50,-10,44
LaLiga,2025/2026,Spain,Sociedad,35,2026-05-08T19:59:00+00:00,9,34,11,10,13,52,53,-1,43
LaLiga,2025/2026,Spain,Osasuna,35,2026-05-08T19:59:00+00:00,10,34,11,9,14,40,42,-2,42
LaLiga,2025/2026,Spain,Vallecano,35,2026-05-08T19:59:00+00:00,11,34,10,12,12,35,41,-6,42
LaLiga,2025/2026,Spain,Valencia,35,2026-05-08T19:59:00+00:00,12,34,10,9,15,37,50,-13,39
LaLiga,2025/2026,Spain,Espanol,35,2026-05-08T19:59:00+00:00,13,34,10,9,15,37,51,-14,39
LaLiga,2025/2026,Spain,Elche,35,2026-05-08T19:59:00+00:00,14,34,9,11,14,45,53,-8,38
LaLiga,2025/2026,Spain,Mallorca,35,2026-05-08T19:59:00+00:00,15,34,10,8,16,42,51,-9,38
LaLiga,2025/2026,Spain,Girona,35,2026-05-08T19:59:00+00:00,16,34,9,11,14,36,51,-15,38
LaLiga,2025/2026,Spain,Sevilla,35,2026-05-08T19:59:00+00:00,17,34,10,7,17,41,55,-14,37
LaLiga,2025/2026,Spain,Alaves,35,2026-05-08T19:59:00+00:00,18,34,9,9,16,40,53,-13,36
LaLiga,2025/2026,Spain,Levante,35,2026-05-08T19:59:00+00:00,19,34,8,9,17,38,55,-17,33
LaLiga,2025/2026,Spain,Oviedo,35,2026-05-08T19:59:00+00:00,20,34,6,10,18,26,54,-28,28
LaLiga,2025/2026,Spain,Barcelona,36,2026-05-12T19:59:00+00:00,1,35,30,1,4,91,31,60,91
LaLiga,2025/2026,Spain,Real Madrid,36,2026-05-12T19:59:00+00:00,2,35,24,5,6,70,33,37,77
LaLiga,2025/2026,Spain,Villarreal,36,2026-05-12T19:59:00+00:00,3,35,21,6,8,65,40,25,69
LaLiga,2025/2026,Spain,Ath Madrid,36,2026-05-12T19:59:00+00:00,4,35,19,6,10,58,38,20,63
LaLiga,2025/2026,Spain,Betis,36,2026-05-12T19:59:00+00:00,5,35,13,15,7,54,43,11,54
LaLiga,2025/2026,Spain,Celta,36,2026-05-12T19:59:00+00:00,6,35,13,11,11,49,44,5,50
LaLiga,2025/2026,Spain,Getafe,36,2026-05-12T19:59:00+00:00,7,35,13,6,16,28,36,-8,45
LaLiga,2025/2026,Spain,Sociedad,36,2026-05-12T19:59:00+00:00,8,35,11,11,13,54,55,-1,44
LaLiga,2025/2026,Spain,Ath Bilbao,36,2026-05-12T19:59:00+00:00,9,35,13,5,17,40,51,-11,44
LaLiga,2025/2026,Spain,Vallecano,36,2026-05-12T19:59:00+00:00,10,35,10,13,12,36,42,-6,43
LaLiga,2025/2026,Spain,Osasuna,36,2026-05-12T19:59:00+00:00,11,35,11,9,15,42,45,-3,42
LaLiga,2025/2026,Spain,Valencia,36,2026-05-12T19:59:00+00:00,12,35,11,9,15,38,50,-12,42
LaLiga,2025/2026,Spain,Sevilla,36,2026-05-12T19:59:00+00:00,13,35,11,7,17,43,56,-13,40
LaLiga,2025/2026,Spain,Elche,36,2026-05-12T19:59:00+00:00,14,35,9,12,14,46,54,-8,39
LaLiga,2025/2026,Spain,Mallorca,36,2026-05-12T19:59:00+00:00,15,35,10,9,16,43,52,-9,39
LaLiga,2025/2026,Spain,Espanol,36,2026-05-12T19:59:00+00:00,16,35,10,9,16,38,53,-15,39
LaLiga,2025/2026,Spain,Girona,36,2026-05-12T19:59:00+00:00,17,35,9,12,14,37,52,-15,39
LaLiga,2025/2026,Spain,Alaves,36,2026-05-12T19:59:00+00:00,18,35,9,10,16,41,54,-13,37
LaLiga,2025/2026,Spain,Levante,36,2026-05-12T19:59:00+00:00,19,35,9,9,17,41,57,-16,36
LaLiga,2025/2026,Spain,Oviedo,36,2026-05-12T19:59:00+00:00,20,35,6,11,18,26,54,-28,29
LaLiga,2025/2026,Spain,Barcelona,37,2026-05-17T19:59:00+00:00,1,36,30,1,5,91,32,59,91
LaLiga,2025/2026,Spain,Real Madrid,37,2026-05-17T19:59:00+00:00,2,36,25,5,6,72,33,39,80
LaLiga,2025/2026,Spain,Villarreal,37,2026-05-17T19:59:00+00:00,3,36,21,6,9,67,43,24,69
LaLiga,2025/2026,Spain,Ath Madrid,37,2026-05-17T19:59:00+00:00,4,36,20,6,10,60,39,21,66
LaLiga,2025/2026,Spain,Betis,37,2026-05-17T19:59:00+00:00,5,36,14,15,7,56,44,12,57
LaLiga,2025/2026,Spain,Celta,37,2026-05-17T19:59:00+00:00,6,36,13,11,12,51,47,4,50
LaLiga,2025/2026,Spain,Getafe,37,2026-05-17T19:59:00+00:00,7,36,14,6,16,31,37,-6,48
LaLiga,2025/2026,Spain,Sociedad,37,2026-05-17T19:59:00+00:00,8,36,11,12,13,55,56,-1,45
LaLiga,2025/2026,Spain,Vallecano,37,2026-05-17T19:59:00+00:00,9,36,10,14,12,37,43,-6,44
LaLiga,2025/2026,Spain,Ath Bilbao,37,2026-05-17T19:59:00+00:00,10,36,13,5,18,40,53,-13,44
LaLiga,2025/2026,Spain,Sevilla,37,2026-05-17T19:59:00+00:00,11,36,12,7,17,46,58,-12,43
LaLiga,2025/2026,Spain,Valencia,37,2026-05-17T19:59:00+00:00,12,36,11,10,15,39,51,-12,43
LaLiga,2025/2026,Spain,Osasuna,37,2026-05-17T19:59:00+00:00,13,36,11,9,16,43,47,-4,42
LaLiga,2025/2026,Spain,Espanol,37,2026-05-17T19:59:00+00:00,14,36,11,9,16,40,53,-13,42
LaLiga,2025/2026,Spain,Alaves,37,2026-05-17T19:59:00+00:00,15,36,10,10,16,42,54,-12,40
LaLiga,2025/2026,Spain,Girona,37,2026-05-17T19:59:00+00:00,16,36,9,13,14,38,53,-15,40
LaLiga,2025/2026,Spain,Elche,37,2026-05-17T19:59:00+00:00,17,36,9,12,15,47,56,-9,39
LaLiga,2025/2026,Spain,Mallorca,37,2026-05-17T19:59:00+00:00,18,36,10,9,17,44,55,-11,39
LaLiga,2025/2026,Spain,Levante,37,2026-05-17T19:59:00+00:00,19,36,10,9,17,44,59,-15,39
LaLiga,2025/2026,Spain,Oviedo,37,2026-05-17T19:59:00+00:00,20,36,6,11,19,26,56,-30,29
LaLiga,2025/2026,Spain,Barcelona,38,2026-05-23T19:59:00+00:00,1,37,31,1,5,94,33,61,94
LaLiga,2025/2026,Spain,Real Madrid,38,2026-05-23T19:59:00+00:00,2,37,26,5,6,73,33,40,83
LaLiga,2025/2026,Spain,Villarreal,38,2026-05-23T19:59:00+00:00,3,37,21,6,10,67,45,22,69
LaLiga,2025/2026,Spain,Ath Madrid,38,2026-05-23T19:59:00+00:00,4,37,21,6,10,61,39,22,69
LaLiga,2025/2026,Spain,Betis,38,2026-05-23T19:59:00+00:00,5,37,14,15,8,57,47,10,57
LaLiga,2025/2026,Spain,Celta,38,2026-05-23T19:59:00+00:00,6,37,13,12,12,52,48,4,51
LaLiga,2025/2026,Spain,Getafe,38,2026-05-23T19:59:00+00:00,7,37,14,6,17,31,38,-7,48
LaLiga,2025/2026,Spain,Vallecano,38,2026-05-23T19:59:00+00:00,8,37,11,14,12,39,43,-4,47
LaLiga,2025/2026,Spain,Valencia,38,2026-05-23T19:59:00+00:00,9,37,12,10,15,43,54,-11,46
LaLiga,2025/2026,Spain,Sociedad,38,2026-05-23T19:59:00+00:00,10,37,11,12,14,58,60,-2,45
LaLiga,2025/2026,Spain,Espanol,38,2026-05-23T19:59:00+00:00,11,37,12,9,16,42,54,-12,45
LaLiga,2025/2026,Spain,Ath Bilbao,38,2026-05-23T19:59:00+00:00,12,37,13,6,18,41,54,-13,45
LaLiga,2025/2026,Spain,Alaves,38,2026-05-23T19:59:00+00:00,13,37,11,10,16,43,54,-11,43
LaLiga,2025/2026,Spain,Sevilla,38,2026-05-23T19:59:00+00:00,14,37,12,7,18,46,59,-13,43
LaLiga,2025/2026,Spain,Osasuna,38,2026-05-23T19:59:00+00:00,15,37,11,9,17,44,49,-5,42
LaLiga,2025/2026,Spain,Elche,38,2026-05-23T19:59:00+00:00,16,37,10,12,15,48,56,-8,42
LaLiga,2025/2026,Spain,Levante,38,2026-05-23T19:59:00+00:00,17,37,11,9,17,46,59,-13,42
LaLiga,2025/2026,Spain,Girona,38,2026-05-23T19:59:00+00:00,18,37,9,13,15,38,54,-16,40
LaLiga,2025/2026,Spain,Mallorca,38,2026-05-23T19:59:00+00:00,19,37,10,9,18,44,57,-13,39
LaLiga,2025/2026,Spain,Oviedo,38,2026-05-23T19:59:00+00:00,20,37,6,11,20,26,57,-31,29
