match_source,match_external_id,team,minute,period
datahub-football-data,laliga-2023-2024-2023-08-11-almeria-vallecano,Vallecano,9,primera
datahub-football-data,laliga-2023-2024-2023-08-11-almeria-vallecano,Vallecano,20,primera
datahub-football-data,laliga-2023-2024-2023-08-11-sevilla-valencia,Sevilla,63,segunda
datahub-football-data,laliga-2023-2024-2023-08-11-sevilla-valencia,Valencia,74,segunda
datahub-football-data,laliga-2023-2024-2023-08-11-sevilla-valencia,Valencia,83,segunda
datahub-football-data,laliga-2023-2024-2023-08-12-ath-bilbao-real-madrid,Real Madrid,38,primera
datahub-football-data,laliga-2023-2024-2023-08-12-ath-bilbao-real-madrid,Real Madrid,54,segunda
datahub-football-data,laliga-2023-2024-2023-08-12-las-palmas-mallorca,Las Palmas,80,segunda
datahub-football-data,laliga-2023-2024-2023-08-12-las-palmas-mallorca,Mallorca,87,segunda
datahub-football-data,laliga-2023-2024-2023-08-12-sociedad-girona,Sociedad,64,segunda
datahub-football-data,laliga-2023-2024-2023-08-12-sociedad-girona,Girona,75,segunda
datahub-football-data,laliga-2023-2024-2023-08-13-celta-osasuna,Osasuna,10,primera
datahub-football-data,laliga-2023-2024-2023-08-13-celta-osasuna,Osasuna,89,segunda
datahub-football-data,laliga-2023-2024-2023-08-13-villarreal-betis,Villarreal,40,primera
datahub-football-data,laliga-2023-2024-2023-08-13-villarreal-betis,Betis,51,segunda
datahub-football-data,laliga-2023-2024-2023-08-13-villarreal-betis,Betis,63,segunda
datahub-football-data,laliga-2023-2024-2023-08-14-ath-madrid-granada,Ath Madrid,6,primera
datahub-football-data,laliga-2023-2024-2023-08-14-ath-madrid-granada,Ath Madrid,17,primera
datahub-football-data,laliga-2023-2024-2023-08-14-ath-madrid-granada,Ath Madrid,29,primera
datahub-football-data,laliga-2023-2024-2023-08-14-ath-madrid-granada,Granada,90,segunda
datahub-football-data,laliga-2023-2024-2023-08-14-cadiz-alaves,Cadiz,29,primera
datahub-football-data,laliga-2023-2024-2023-08-18-mallorca-villarreal,Villarreal,54,segunda
datahub-football-data,laliga-2023-2024-2023-08-18-valencia-las-palmas,Valencia,88,segunda
datahub-football-data,laliga-2023-2024-2023-08-19-almeria-real-madrid,Almeria,10,primera
datahub-football-data,laliga-2023-2024-2023-08-19-almeria-real-madrid,Real Madrid,16,primera
datahub-football-data,laliga-2023-2024-2023-08-19-almeria-real-madrid,Real Madrid,28,primera
datahub-football-data,laliga-2023-2024-2023-08-19-almeria-real-madrid,Real Madrid,38,primera
datahub-football-data,laliga-2023-2024-2023-08-19-osasuna-ath-bilbao,Ath Bilbao,16,primera
datahub-football-data,laliga-2023-2024-2023-08-19-osasuna-ath-bilbao,Ath Bilbao,28,primera
datahub-football-data,laliga-2023-2024-2023-08-19-sociedad-celta,Sociedad,82,segunda
datahub-football-data,laliga-2023-2024-2023-08-19-sociedad-celta,Celta,89,segunda
datahub-football-data,laliga-2023-2024-2023-08-20-barcelona-cadiz,Barcelona,20,primera
datahub-football-data,laliga-2023-2024-2023-08-20-barcelona-cadiz,Barcelona,27,primera
datahub-football-data,laliga-2023-2024-2023-08-20-girona-getafe,Girona,28,primera
datahub-football-data,laliga-2023-2024-2023-08-20-girona-getafe,Girona,38,primera
datahub-football-data,laliga-2023-2024-2023-08-20-girona-getafe,Girona,54,segunda
datahub-football-data,laliga-2023-2024-2023-08-21-alaves-sevilla,Alaves,10,primera
datahub-football-data,laliga-2023-2024-2023-08-21-alaves-sevilla,Alaves,16,primera
datahub-football-data,laliga-2023-2024-2023-08-21-alaves-sevilla,Alaves,28,primera
datahub-football-data,laliga-2023-2024-2023-08-21-alaves-sevilla,Alaves,38,primera
datahub-football-data,laliga-2023-2024-2023-08-21-alaves-sevilla,Sevilla,54,segunda
datahub-football-data,laliga-2023-2024-2023-08-21-alaves-sevilla,Sevilla,66,segunda
datahub-football-data,laliga-2023-2024-2023-08-21-alaves-sevilla,Sevilla,89,segunda
datahub-football-data,laliga-2023-2024-2023-08-21-granada-vallecano,Vallecano,72,segunda
datahub-football-data,laliga-2023-2024-2023-08-21-granada-vallecano,Vallecano,81,segunda
datahub-football-data,laliga-2023-2024-2023-08-25-celta-real-madrid,Real Madrid,84,segunda
datahub-football-data,laliga-2023-2024-2023-08-26-cadiz-almeria,Cadiz,81,segunda
datahub-football-data,laliga-2023-2024-2023-08-26-cadiz-almeria,Almeria,88,segunda
datahub-football-data,laliga-2023-2024-2023-08-26-granada-mallorca,Granada,10,primera
datahub-football-data,laliga-2023-2024-2023-08-26-granada-mallorca,Granada,62,segunda
datahub-football-data,laliga-2023-2024-2023-08-26-granada-mallorca,Granada,73,segunda
datahub-football-data,laliga-2023-2024-2023-08-26-granada-mallorca,Mallorca,82,segunda
datahub-football-data,laliga-2023-2024-2023-08-26-granada-mallorca,Mallorca,89,segunda
datahub-football-data,laliga-2023-2024-2023-08-26-sevilla-girona,Sevilla,18,primera
datahub-football-data,laliga-2023-2024-2023-08-26-sevilla-girona,Girona,30,primera
datahub-football-data,laliga-2023-2024-2023-08-26-sevilla-girona,Girona,40,primera
datahub-football-data,laliga-2023-2024-2023-08-27-ath-bilbao-betis,Ath Bilbao,18,primera
datahub-football-data,laliga-2023-2024-2023-08-27-ath-bilbao-betis,Ath Bilbao,30,primera
datahub-football-data,laliga-2023-2024-2023-08-27-ath-bilbao-betis,Ath Bilbao,40,primera
datahub-football-data,laliga-2023-2024-2023-08-27-ath-bilbao-betis,Ath Bilbao,51,segunda
datahub-football-data,laliga-2023-2024-2023-08-27-ath-bilbao-betis,Betis,63,segunda
datahub-football-data,laliga-2023-2024-2023-08-27-ath-bilbao-betis,Betis,74,segunda
datahub-football-data,laliga-2023-2024-2023-08-27-valencia-osasuna,Valencia,7,primera
datahub-football-data,laliga-2023-2024-2023-08-27-valencia-osasuna,Osasuna,18,primera
datahub-football-data,laliga-2023-2024-2023-08-27-valencia-osasuna,Osasuna,86,segunda
datahub-football-data,laliga-2023-2024-2023-08-27-villarreal-barcelona,Villarreal,9,primera
datahub-football-data,laliga-2023-2024-2023-08-27-villarreal-barcelona,Villarreal,20,primera
datahub-football-data,laliga-2023-2024-2023-08-27-villarreal-barcelona,Villarreal,27,primera
datahub-football-data,laliga-2023-2024-2023-08-27-villarreal-barcelona,Barcelona,37,primera
datahub-football-data,laliga-2023-2024-2023-08-27-villarreal-barcelona,Barcelona,53,segunda
datahub-football-data,laliga-2023-2024-2023-08-27-villarreal-barcelona,Barcelona,81,segunda
datahub-football-data,laliga-2023-2024-2023-08-27-villarreal-barcelona,Barcelona,88,segunda
datahub-football-data,laliga-2023-2024-2023-08-28-getafe-alaves,Getafe,17,primera
datahub-football-data,laliga-2023-2024-2023-08-28-vallecano-ath-madrid,Ath Madrid,16,primera
datahub-football-data,laliga-2023-2024-2023-08-28-vallecano-ath-madrid,Ath Madrid,28,primera
datahub-football-data,laliga-2023-2024-2023-08-28-vallecano-ath-madrid,Ath Madrid,38,primera
datahub-football-data,laliga-2023-2024-2023-08-28-vallecano-ath-madrid,Ath Madrid,54,segunda
datahub-football-data,laliga-2023-2024-2023-08-28-vallecano-ath-madrid,Ath Madrid,66,segunda
datahub-football-data,laliga-2023-2024-2023-08-28-vallecano-ath-madrid,Ath Madrid,72,segunda
datahub-football-data,laliga-2023-2024-2023-08-28-vallecano-ath-madrid,Ath Madrid,81,segunda
datahub-football-data,laliga-2023-2024-2023-09-01-almeria-celta,Almeria,6,primera
datahub-football-data,laliga-2023-2024-2023-09-01-almeria-celta,Almeria,17,primera
datahub-football-data,laliga-2023-2024-2023-09-01-almeria-celta,Celta,29,primera
datahub-football-data,laliga-2023-2024-2023-09-01-almeria-celta,Celta,39,primera
datahub-football-data,laliga-2023-2024-2023-09-01-almeria-celta,Celta,90,segunda
datahub-football-data,laliga-2023-2024-2023-09-01-cadiz-villarreal,Cadiz,37,primera
datahub-football-data,laliga-2023-2024-2023-09-01-cadiz-villarreal,Cadiz,53,segunda
datahub-football-data,laliga-2023-2024-2023-09-01-cadiz-villarreal,Cadiz,65,segunda
datahub-football-data,laliga-2023-2024-2023-09-01-cadiz-villarreal,Villarreal,76,segunda
datahub-football-data,laliga-2023-2024-2023-09-02-alaves-valencia,Alaves,90,segunda
datahub-football-data,laliga-2023-2024-2023-09-02-betis-vallecano,Betis,74,segunda
datahub-football-data,laliga-2023-2024-2023-09-02-real-madrid-getafe,Real Madrid,9,primera
datahub-football-data,laliga-2023-2024-2023-09-02-real-madrid-getafe,Real Madrid,20,primera
datahub-football-data,laliga-2023-2024-2023-09-02-real-madrid-getafe,Getafe,27,primera
datahub-football-data,laliga-2023-2024-2023-09-02-sociedad-granada,Sociedad,10,primera
datahub-football-data,laliga-2023-2024-2023-09-02-sociedad-granada,Sociedad,16,primera
datahub-football-data,laliga-2023-2024-2023-09-02-sociedad-granada,Sociedad,28,primera
datahub-football-data,laliga-2023-2024-2023-09-02-sociedad-granada,Sociedad,38,primera
datahub-football-data,laliga-2023-2024-2023-09-02-sociedad-granada,Sociedad,54,segunda
datahub-football-data,laliga-2023-2024-2023-09-02-sociedad-granada,Granada,66,segunda
datahub-football-data,laliga-2023-2024-2023-09-02-sociedad-granada,Granada,72,segunda
datahub-football-data,laliga-2023-2024-2023-09-02-sociedad-granada,Granada,81,segunda
datahub-football-data,laliga-2023-2024-2023-09-03-girona-las-palmas,Girona,10,primera
datahub-football-data,laliga-2023-2024-2023-09-03-osasuna-barcelona,Osasuna,6,primera
datahub-football-data,laliga-2023-2024-2023-09-03-osasuna-barcelona,Barcelona,17,primera
datahub-football-data,laliga-2023-2024-2023-09-03-osasuna-barcelona,Barcelona,90,segunda
datahub-football-data,laliga-2023-2024-2023-09-15-vallecano-alaves,Vallecano,82,segunda
datahub-football-data,laliga-2023-2024-2023-09-15-vallecano-alaves,Vallecano,89,segunda
datahub-football-data,laliga-2023-2024-2023-09-16-ath-bilbao-cadiz,Ath Bilbao,40,primera
datahub-football-data,laliga-2023-2024-2023-09-16-ath-bilbao-cadiz,Ath Bilbao,51,segunda
datahub-football-data,laliga-2023-2024-2023-09-16-ath-bilbao-cadiz,Ath Bilbao,63,segunda
datahub-football-data,laliga-2023-2024-2023-09-16-barcelona-betis,Barcelona,40,primera
datahub-football-data,laliga-2023-2024-2023-09-16-barcelona-betis,Barcelona,51,segunda
datahub-football-data,laliga-2023-2024-2023-09-16-barcelona-betis,Barcelona,63,segunda
datahub-football-data,laliga-2023-2024-2023-09-16-barcelona-betis,Barcelona,74,segunda
datahub-football-data,laliga-2023-2024-2023-09-16-barcelona-betis,Barcelona,83,segunda
datahub-football-data,laliga-2023-2024-2023-09-16-celta-mallorca,Mallorca,40,primera
datahub-football-data,laliga-2023-2024-2023-09-16-valencia-ath-madrid,Valencia,16,primera
datahub-football-data,laliga-2023-2024-2023-09-16-valencia-ath-madrid,Valencia,28,primera
datahub-football-data,laliga-2023-2024-2023-09-16-valencia-ath-madrid,Valencia,38,primera
datahub-football-data,laliga-2023-2024-2023-09-17-getafe-osasuna,Getafe,9,primera
datahub-football-data,laliga-2023-2024-2023-09-17-getafe-osasuna,Getafe,20,primera
datahub-football-data,laliga-2023-2024-2023-09-17-getafe-osasuna,Getafe,27,primera
datahub-football-data,laliga-2023-2024-2023-09-17-getafe-osasuna,Osasuna,81,segunda
datahub-football-data,laliga-2023-2024-2023-09-17-getafe-osasuna,Osasuna,88,segunda
datahub-football-data,laliga-2023-2024-2023-09-17-real-madrid-sociedad,Real Madrid,27,primera
datahub-football-data,laliga-2023-2024-2023-09-17-real-madrid-sociedad,Real Madrid,37,primera
datahub-football-data,laliga-2023-2024-2023-09-17-real-madrid-sociedad,Sociedad,53,segunda
datahub-football-data,laliga-2023-2024-2023-09-17-sevilla-las-palmas,Sevilla,6,primera
datahub-football-data,laliga-2023-2024-2023-09-17-villarreal-almeria,Villarreal,62,segunda
datahub-football-data,laliga-2023-2024-2023-09-17-villarreal-almeria,Villarreal,73,segunda
datahub-football-data,laliga-2023-2024-2023-09-17-villarreal-almeria,Almeria,82,segunda
datahub-football-data,laliga-2023-2024-2023-09-18-granada-girona,Granada,10,primera
datahub-football-data,laliga-2023-2024-2023-09-18-granada-girona,Granada,16,primera
datahub-football-data,laliga-2023-2024-2023-09-18-granada-girona,Girona,28,primera
datahub-football-data,laliga-2023-2024-2023-09-18-granada-girona,Girona,38,primera
datahub-football-data,laliga-2023-2024-2023-09-18-granada-girona,Girona,54,segunda
datahub-football-data,laliga-2023-2024-2023-09-18-granada-girona,Girona,89,segunda
datahub-football-data,laliga-2023-2024-2023-09-22-alaves-ath-bilbao,Ath Bilbao,17,primera
datahub-football-data,laliga-2023-2024-2023-09-22-alaves-ath-bilbao,Ath Bilbao,29,primera
datahub-football-data,laliga-2023-2024-2023-09-23-almeria-valencia,Almeria,9,primera
datahub-football-data,laliga-2023-2024-2023-09-23-almeria-valencia,Almeria,20,primera
datahub-football-data,laliga-2023-2024-2023-09-23-almeria-valencia,Valencia,27,primera
datahub-football-data,laliga-2023-2024-2023-09-23-almeria-valencia,Valencia,37,primera
datahub-football-data,laliga-2023-2024-2023-09-23-barcelona-celta,Barcelona,19,primera
datahub-football-data,laliga-2023-2024-2023-09-23-barcelona-celta,Barcelona,31,primera
datahub-football-data,laliga-2023-2024-2023-09-23-barcelona-celta,Barcelona,36,primera
datahub-football-data,laliga-2023-2024-2023-09-23-barcelona-celta,Celta,52,segunda
datahub-football-data,laliga-2023-2024-2023-09-23-barcelona-celta,Celta,64,segunda
datahub-football-data,laliga-2023-2024-2023-09-23-girona-mallorca,Girona,8,primera
datahub-football-data,laliga-2023-2024-2023-09-23-girona-mallorca,Girona,19,primera
datahub-football-data,laliga-2023-2024-2023-09-23-girona-mallorca,Girona,31,primera
datahub-football-data,laliga-2023-2024-2023-09-23-girona-mallorca,Girona,36,primera
datahub-football-data,laliga-2023-2024-2023-09-23-girona-mallorca,Girona,52,segunda
datahub-football-data,laliga-2023-2024-2023-09-23-girona-mallorca,Mallorca,64,segunda
datahub-football-data,laliga-2023-2024-2023-09-23-girona-mallorca,Mallorca,75,segunda
datahub-football-data,laliga-2023-2024-2023-09-23-girona-mallorca,Mallorca,87,segunda
datahub-football-data,laliga-2023-2024-2023-09-24-ath-madrid-real-madrid,Ath Madrid,8,primera
datahub-football-data,laliga-2023-2024-2023-09-24-ath-madrid-real-madrid,Ath Madrid,19,primera
datahub-football-data,laliga-2023-2024-2023-09-24-ath-madrid-real-madrid,Ath Madrid,31,primera
datahub-football-data,laliga-2023-2024-2023-09-24-ath-madrid-real-madrid,Real Madrid,87,segunda
datahub-football-data,laliga-2023-2024-2023-09-24-betis-cadiz,Betis,7,primera
datahub-football-data,laliga-2023-2024-2023-09-24-betis-cadiz,Cadiz,18,primera
datahub-football-data,laliga-2023-2024-2023-09-24-las-palmas-granada,Las Palmas,8,primera
datahub-football-data,laliga-2023-2024-2023-09-24-sociedad-getafe,Sociedad,7,primera
datahub-football-data,laliga-2023-2024-2023-09-24-sociedad-getafe,Sociedad,18,primera
datahub-football-data,laliga-2023-2024-2023-09-24-sociedad-getafe,Sociedad,52,segunda
datahub-football-data,laliga-2023-2024-2023-09-24-sociedad-getafe,Sociedad,64,segunda
datahub-football-data,laliga-2023-2024-2023-09-24-sociedad-getafe,Getafe,75,segunda
datahub-football-data,laliga-2023-2024-2023-09-24-sociedad-getafe,Getafe,84,segunda
datahub-football-data,laliga-2023-2024-2023-09-24-sociedad-getafe,Getafe,86,segunda
datahub-football-data,laliga-2023-2024-2023-09-24-vallecano-villarreal,Vallecano,6,primera
datahub-football-data,laliga-2023-2024-2023-09-24-vallecano-villarreal,Villarreal,90,segunda
datahub-football-data,laliga-2023-2024-2023-09-26-mallorca-barcelona,Mallorca,28,primera
datahub-football-data,laliga-2023-2024-2023-09-26-mallorca-barcelona,Mallorca,38,primera
datahub-football-data,laliga-2023-2024-2023-09-26-mallorca-barcelona,Barcelona,54,segunda
datahub-football-data,laliga-2023-2024-2023-09-26-mallorca-barcelona,Barcelona,66,segunda
datahub-football-data,laliga-2023-2024-2023-09-26-sevilla-almeria,Sevilla,9,primera
datahub-football-data,laliga-2023-2024-2023-09-26-sevilla-almeria,Sevilla,54,segunda
datahub-football-data,laliga-2023-2024-2023-09-26-sevilla-almeria,Sevilla,66,segunda
datahub-football-data,laliga-2023-2024-2023-09-26-sevilla-almeria,Sevilla,72,segunda
datahub-football-data,laliga-2023-2024-2023-09-26-sevilla-almeria,Sevilla,81,segunda
datahub-football-data,laliga-2023-2024-2023-09-26-sevilla-almeria,Almeria,88,segunda
datahub-football-data,laliga-2023-2024-2023-09-27-ath-bilbao-getafe,Ath Bilbao,8,primera
datahub-football-data,laliga-2023-2024-2023-09-27-ath-bilbao-getafe,Ath Bilbao,19,primera
datahub-football-data,laliga-2023-2024-2023-09-27-ath-bilbao-getafe,Getafe,80,segunda
datahub-football-data,laliga-2023-2024-2023-09-27-ath-bilbao-getafe,Getafe,87,segunda
datahub-football-data,laliga-2023-2024-2023-09-27-real-madrid-las-palmas,Real Madrid,29,primera
datahub-football-data,laliga-2023-2024-2023-09-27-real-madrid-las-palmas,Real Madrid,39,primera
datahub-football-data,laliga-2023-2024-2023-09-27-valencia-sociedad,Sociedad,38,primera
datahub-football-data,laliga-2023-2024-2023-09-27-villarreal-girona,Villarreal,9,primera
datahub-football-data,laliga-2023-2024-2023-09-27-villarreal-girona,Girona,81,segunda
datahub-football-data,laliga-2023-2024-2023-09-27-villarreal-girona,Girona,88,segunda
datahub-football-data,laliga-2023-2024-2023-09-28-celta-alaves,Celta,72,segunda
datahub-football-data,laliga-2023-2024-2023-09-28-celta-alaves,Alaves,81,segunda
datahub-football-data,laliga-2023-2024-2023-09-28-granada-betis,Granada,76,segunda
datahub-football-data,laliga-2023-2024-2023-09-28-granada-betis,Betis,80,segunda
datahub-football-data,laliga-2023-2024-2023-09-28-osasuna-ath-madrid,Ath Madrid,65,segunda
datahub-football-data,laliga-2023-2024-2023-09-28-osasuna-ath-madrid,Ath Madrid,76,segunda
datahub-football-data,laliga-2023-2024-2023-09-29-barcelona-sevilla,Barcelona,19,primera
datahub-football-data,laliga-2023-2024-2023-09-30-girona-real-madrid,Real Madrid,55,segunda
datahub-football-data,laliga-2023-2024-2023-09-30-girona-real-madrid,Real Madrid,62,segunda
datahub-football-data,laliga-2023-2024-2023-09-30-girona-real-madrid,Real Madrid,73,segunda
datahub-football-data,laliga-2023-2024-2023-09-30-sociedad-ath-bilbao,Sociedad,6,primera
datahub-football-data,laliga-2023-2024-2023-09-30-sociedad-ath-bilbao,Sociedad,83,segunda
datahub-football-data,laliga-2023-2024-2023-09-30-sociedad-ath-bilbao,Sociedad,90,segunda
datahub-football-data,laliga-2023-2024-2023-09-30-vallecano-mallorca,Vallecano,20,primera
datahub-football-data,laliga-2023-2024-2023-09-30-vallecano-mallorca,Vallecano,27,primera
datahub-football-data,laliga-2023-2024-2023-09-30-vallecano-mallorca,Mallorca,37,primera
datahub-football-data,laliga-2023-2024-2023-09-30-vallecano-mallorca,Mallorca,53,segunda
datahub-football-data,laliga-2023-2024-2023-10-01-alaves-osasuna,Osasuna,8,primera
datahub-football-data,laliga-2023-2024-2023-10-01-alaves-osasuna,Osasuna,87,segunda
datahub-football-data,laliga-2023-2024-2023-10-01-almeria-granada,Almeria,9,primera
datahub-football-data,laliga-2023-2024-2023-10-01-almeria-granada,Almeria,20,primera
datahub-football-data,laliga-2023-2024-2023-10-01-almeria-granada,Almeria,66,segunda
datahub-football-data,laliga-2023-2024-2023-10-01-almeria-granada,Granada,72,segunda
datahub-football-data,laliga-2023-2024-2023-10-01-almeria-granada,Granada,81,segunda
datahub-football-data,laliga-2023-2024-2023-10-01-almeria-granada,Granada,88,segunda
datahub-football-data,laliga-2023-2024-2023-10-01-ath-madrid-cadiz,Ath Madrid,40,primera
datahub-football-data,laliga-2023-2024-2023-10-01-ath-madrid-cadiz,Ath Madrid,51,segunda
datahub-football-data,laliga-2023-2024-2023-10-01-ath-madrid-cadiz,Ath Madrid,63,segunda
datahub-football-data,laliga-2023-2024-2023-10-01-ath-madrid-cadiz,Cadiz,74,segunda
datahub-football-data,laliga-2023-2024-2023-10-01-ath-madrid-cadiz,Cadiz,83,segunda
datahub-football-data,laliga-2023-2024-2023-10-01-betis-valencia,Betis,74,segunda
datahub-football-data,laliga-2023-2024-2023-10-01-betis-valencia,Betis,83,segunda
datahub-football-data,laliga-2023-2024-2023-10-01-betis-valencia,Betis,90,segunda
datahub-football-data,laliga-2023-2024-2023-10-02-las-palmas-celta,Las Palmas,16,primera
datahub-football-data,laliga-2023-2024-2023-10-02-las-palmas-celta,Las Palmas,28,primera
datahub-football-data,laliga-2023-2024-2023-10-02-las-palmas-celta,Celta,38,primera
datahub-football-data,laliga-2023-2024-2023-10-06-ath-bilbao-almeria,Ath Bilbao,51,segunda
datahub-football-data,laliga-2023-2024-2023-10-06-ath-bilbao-almeria,Ath Bilbao,63,segunda
datahub-football-data,laliga-2023-2024-2023-10-06-ath-bilbao-almeria,Ath Bilbao,74,segunda
datahub-football-data,laliga-2023-2024-2023-10-07-cadiz-girona,Girona,19,primera
datahub-football-data,laliga-2023-2024-2023-10-07-mallorca-valencia,Mallorca,64,segunda
datahub-football-data,laliga-2023-2024-2023-10-07-mallorca-valencia,Valencia,75,segunda
datahub-football-data,laliga-2023-2024-2023-10-07-real-madrid-osasuna,Real Madrid,51,segunda
datahub-football-data,laliga-2023-2024-2023-10-07-real-madrid-osasuna,Real Madrid,63,segunda
datahub-football-data,laliga-2023-2024-2023-10-07-real-madrid-osasuna,Real Madrid,74,segunda
datahub-football-data,laliga-2023-2024-2023-10-07-real-madrid-osasuna,Real Madrid,83,segunda
datahub-football-data,laliga-2023-2024-2023-10-07-sevilla-vallecano,Sevilla,30,primera
datahub-football-data,laliga-2023-2024-2023-10-07-sevilla-vallecano,Sevilla,40,primera
datahub-football-data,laliga-2023-2024-2023-10-07-sevilla-vallecano,Vallecano,51,segunda
datahub-football-data,laliga-2023-2024-2023-10-07-sevilla-vallecano,Vallecano,63,segunda
datahub-football-data,laliga-2023-2024-2023-10-08-alaves-betis,Alaves,18,primera
datahub-football-data,laliga-2023-2024-2023-10-08-alaves-betis,Betis,30,primera
datahub-football-data,laliga-2023-2024-2023-10-08-ath-madrid-sociedad,Ath Madrid,6,primera
datahub-football-data,laliga-2023-2024-2023-10-08-ath-madrid-sociedad,Ath Madrid,17,primera
datahub-football-data,laliga-2023-2024-2023-10-08-ath-madrid-sociedad,Sociedad,29,primera
datahub-football-data,laliga-2023-2024-2023-10-08-celta-getafe,Celta,8,primera
datahub-football-data,laliga-2023-2024-2023-10-08-celta-getafe,Celta,19,primera
datahub-football-data,laliga-2023-2024-2023-10-08-celta-getafe,Getafe,31,primera
datahub-football-data,laliga-2023-2024-2023-10-08-celta-getafe,Getafe,36,primera
datahub-football-data,laliga-2023-2024-2023-10-08-granada-barcelona,Granada,9,primera
datahub-football-data,laliga-2023-2024-2023-10-08-granada-barcelona,Granada,20,primera
datahub-football-data,laliga-2023-2024-2023-10-08-granada-barcelona,Barcelona,81,segunda
datahub-football-data,laliga-2023-2024-2023-10-08-granada-barcelona,Barcelona,88,segunda
datahub-football-data,laliga-2023-2024-2023-10-08-villarreal-las-palmas,Villarreal,6,primera
datahub-football-data,laliga-2023-2024-2023-10-08-villarreal-las-palmas,Las Palmas,17,primera
datahub-football-data,laliga-2023-2024-2023-10-08-villarreal-las-palmas,Las Palmas,90,segunda
datahub-football-data,laliga-2023-2024-2023-10-20-osasuna-granada,Osasuna,9,primera
datahub-football-data,laliga-2023-2024-2023-10-20-osasuna-granada,Osasuna,20,primera
datahub-football-data,laliga-2023-2024-2023-10-21-celta-ath-madrid,Ath Madrid,9,primera
datahub-football-data,laliga-2023-2024-2023-10-21-celta-ath-madrid,Ath Madrid,20,primera
datahub-football-data,laliga-2023-2024-2023-10-21-celta-ath-madrid,Ath Madrid,27,primera
datahub-football-data,laliga-2023-2024-2023-10-21-getafe-betis,Getafe,7,primera
datahub-football-data,laliga-2023-2024-2023-10-21-getafe-betis,Betis,18,primera
datahub-football-data,laliga-2023-2024-2023-10-21-sevilla-real-madrid,Sevilla,62,segunda
datahub-football-data,laliga-2023-2024-2023-10-21-sevilla-real-madrid,Real Madrid,73,segunda
datahub-football-data,laliga-2023-2024-2023-10-21-sociedad-mallorca,Sociedad,29,primera
datahub-football-data,laliga-2023-2024-2023-10-22-barcelona-ath-bilbao,Barcelona,83,segunda
datahub-football-data,laliga-2023-2024-2023-10-22-girona-almeria,Girona,9,primera
datahub-football-data,laliga-2023-2024-2023-10-22-girona-almeria,Girona,20,primera
datahub-football-data,laliga-2023-2024-2023-10-22-girona-almeria,Girona,27,primera
datahub-football-data,laliga-2023-2024-2023-10-22-girona-almeria,Girona,66,segunda
datahub-football-data,laliga-2023-2024-2023-10-22-girona-almeria,Girona,72,segunda
datahub-football-data,laliga-2023-2024-2023-10-22-girona-almeria,Almeria,81,segunda
datahub-football-data,laliga-2023-2024-2023-10-22-girona-almeria,Almeria,88,segunda
datahub-football-data,laliga-2023-2024-2023-10-22-las-palmas-vallecano,Vallecano,55,segunda
datahub-football-data,laliga-2023-2024-2023-10-22-villarreal-alaves,Villarreal,54,segunda
datahub-football-data,laliga-2023-2024-2023-10-22-villarreal-alaves,Alaves,66,segunda
datahub-football-data,laliga-2023-2024-2023-10-23-valencia-cadiz,Valencia,31,primera
datahub-football-data,laliga-2023-2024-2023-10-23-valencia-cadiz,Valencia,36,primera
datahub-football-data,laliga-2023-2024-2023-10-27-girona-celta,Girona,65,segunda
datahub-football-data,laliga-2023-2024-2023-10-28-almeria-las-palmas,Almeria,8,primera
datahub-football-data,laliga-2023-2024-2023-10-28-almeria-las-palmas,Las Palmas,19,primera
datahub-football-data,laliga-2023-2024-2023-10-28-almeria-las-palmas,Las Palmas,87,segunda
datahub-football-data,laliga-2023-2024-2023-10-28-barcelona-real-madrid,Barcelona,28,primera
datahub-football-data,laliga-2023-2024-2023-10-28-barcelona-real-madrid,Real Madrid,38,primera
datahub-football-data,laliga-2023-2024-2023-10-28-barcelona-real-madrid,Real Madrid,54,segunda
datahub-football-data,laliga-2023-2024-2023-10-28-cadiz-sevilla,Cadiz,27,primera
datahub-football-data,laliga-2023-2024-2023-10-28-cadiz-sevilla,Cadiz,37,primera
datahub-football-data,laliga-2023-2024-2023-10-28-cadiz-sevilla,Sevilla,53,segunda
datahub-football-data,laliga-2023-2024-2023-10-28-cadiz-sevilla,Sevilla,65,segunda
datahub-football-data,laliga-2023-2024-2023-10-29-ath-bilbao-valencia,Ath Bilbao,6,primera
datahub-football-data,laliga-2023-2024-2023-10-29-ath-bilbao-valencia,Ath Bilbao,17,primera
datahub-football-data,laliga-2023-2024-2023-10-29-ath-bilbao-valencia,Valencia,29,primera
datahub-football-data,laliga-2023-2024-2023-10-29-ath-bilbao-valencia,Valencia,39,primera
datahub-football-data,laliga-2023-2024-2023-10-29-ath-madrid-alaves,Ath Madrid,75,segunda
datahub-football-data,laliga-2023-2024-2023-10-29-ath-madrid-alaves,Ath Madrid,84,segunda
datahub-football-data,laliga-2023-2024-2023-10-29-ath-madrid-alaves,Alaves,86,segunda
datahub-football-data,laliga-2023-2024-2023-10-29-betis-osasuna,Betis,55,segunda
datahub-football-data,laliga-2023-2024-2023-10-29-betis-osasuna,Betis,62,segunda
datahub-football-data,laliga-2023-2024-2023-10-29-betis-osasuna,Osasuna,73,segunda
datahub-football-data,laliga-2023-2024-2023-10-29-vallecano-sociedad,Vallecano,36,primera
datahub-football-data,laliga-2023-2024-2023-10-29-vallecano-sociedad,Vallecano,52,segunda
datahub-football-data,laliga-2023-2024-2023-10-29-vallecano-sociedad,Sociedad,64,segunda
datahub-football-data,laliga-2023-2024-2023-10-29-vallecano-sociedad,Sociedad,75,segunda
datahub-football-data,laliga-2023-2024-2023-10-30-granada-villarreal,Granada,54,segunda
datahub-football-data,laliga-2023-2024-2023-10-30-granada-villarreal,Granada,66,segunda
datahub-football-data,laliga-2023-2024-2023-10-30-granada-villarreal,Villarreal,72,segunda
datahub-football-data,laliga-2023-2024-2023-10-30-granada-villarreal,Villarreal,81,segunda
datahub-football-data,laliga-2023-2024-2023-10-30-granada-villarreal,Villarreal,88,segunda
datahub-football-data,laliga-2023-2024-2023-11-03-las-palmas-ath-madrid,Las Palmas,27,primera
datahub-football-data,laliga-2023-2024-2023-11-03-las-palmas-ath-madrid,Las Palmas,37,primera
datahub-football-data,laliga-2023-2024-2023-11-03-las-palmas-ath-madrid,Ath Madrid,53,segunda
datahub-football-data,laliga-2023-2024-2023-11-04-betis-mallorca,Betis,62,segunda
datahub-football-data,laliga-2023-2024-2023-11-04-betis-mallorca,Betis,73,segunda
datahub-football-data,laliga-2023-2024-2023-11-04-celta-sevilla,Celta,36,primera
datahub-football-data,laliga-2023-2024-2023-11-04-celta-sevilla,Sevilla,52,segunda
datahub-football-data,laliga-2023-2024-2023-11-04-osasuna-girona,Osasuna,37,primera
datahub-football-data,laliga-2023-2024-2023-11-04-osasuna-girona,Osasuna,53,segunda
datahub-football-data,laliga-2023-2024-2023-11-04-osasuna-girona,Girona,65,segunda
datahub-football-data,laliga-2023-2024-2023-11-04-osasuna-girona,Girona,76,segunda
datahub-football-data,laliga-2023-2024-2023-11-04-osasuna-girona,Girona,80,segunda
datahub-football-data,laliga-2023-2024-2023-11-04-osasuna-girona,Girona,87,segunda
datahub-football-data,laliga-2023-2024-2023-11-04-sociedad-barcelona,Barcelona,10,primera
datahub-football-data,laliga-2023-2024-2023-11-05-alaves-almeria,Alaves,86,segunda
datahub-football-data,laliga-2023-2024-2023-11-05-valencia-granada,Valencia,20,primera
datahub-football-data,laliga-2023-2024-2023-11-05-villarreal-ath-bilbao,Villarreal,18,primera
datahub-football-data,laliga-2023-2024-2023-11-05-villarreal-ath-bilbao,Villarreal,30,primera
datahub-football-data,laliga-2023-2024-2023-11-05-villarreal-ath-bilbao,Ath Bilbao,40,primera
datahub-football-data,laliga-2023-2024-2023-11-05-villarreal-ath-bilbao,Ath Bilbao,51,segunda
datahub-football-data,laliga-2023-2024-2023-11-05-villarreal-ath-bilbao,Ath Bilbao,63,segunda
datahub-football-data,laliga-2023-2024-2023-11-06-getafe-cadiz,Getafe,37,primera
datahub-football-data,laliga-2023-2024-2023-11-10-ath-bilbao-celta,Ath Bilbao,8,primera
datahub-football-data,laliga-2023-2024-2023-11-10-ath-bilbao-celta,Ath Bilbao,19,primera
datahub-football-data,laliga-2023-2024-2023-11-10-ath-bilbao-celta,Ath Bilbao,31,primera
datahub-football-data,laliga-2023-2024-2023-11-10-ath-bilbao-celta,Ath Bilbao,65,segunda
datahub-football-data,laliga-2023-2024-2023-11-10-ath-bilbao-celta,Celta,76,segunda
datahub-football-data,laliga-2023-2024-2023-11-10-ath-bilbao-celta,Celta,80,segunda
datahub-football-data,laliga-2023-2024-2023-11-10-ath-bilbao-celta,Celta,87,segunda
datahub-football-data,laliga-2023-2024-2023-11-11-almeria-sociedad,Almeria,65,segunda
datahub-football-data,laliga-2023-2024-2023-11-11-almeria-sociedad,Sociedad,76,segunda
datahub-football-data,laliga-2023-2024-2023-11-11-almeria-sociedad,Sociedad,80,segunda
datahub-football-data,laliga-2023-2024-2023-11-11-almeria-sociedad,Sociedad,87,segunda
datahub-football-data,laliga-2023-2024-2023-11-11-granada-getafe,Granada,39,primera
datahub-football-data,laliga-2023-2024-2023-11-11-granada-getafe,Getafe,55,segunda
datahub-football-data,laliga-2023-2024-2023-11-11-osasuna-las-palmas,Osasuna,37,primera
datahub-football-data,laliga-2023-2024-2023-11-11-osasuna-las-palmas,Las Palmas,53,segunda
datahub-football-data,laliga-2023-2024-2023-11-11-real-madrid-valencia,Real Madrid,29,primera
datahub-football-data,laliga-2023-2024-2023-11-11-real-madrid-valencia,Real Madrid,39,primera
datahub-football-data,laliga-2023-2024-2023-11-11-real-madrid-valencia,Real Madrid,55,segunda
datahub-football-data,laliga-2023-2024-2023-11-11-real-madrid-valencia,Real Madrid,62,segunda
datahub-football-data,laliga-2023-2024-2023-11-11-real-madrid-valencia,Real Madrid,73,segunda
datahub-football-data,laliga-2023-2024-2023-11-11-real-madrid-valencia,Valencia,82,segunda
datahub-football-data,laliga-2023-2024-2023-11-11-vallecano-girona,Vallecano,17,primera
datahub-football-data,laliga-2023-2024-2023-11-11-vallecano-girona,Girona,29,primera
datahub-football-data,laliga-2023-2024-2023-11-11-vallecano-girona,Girona,39,primera
datahub-football-data,laliga-2023-2024-2023-11-12-ath-madrid-villarreal,Ath Madrid,51,segunda
datahub-football-data,laliga-2023-2024-2023-11-12-ath-madrid-villarreal,Ath Madrid,63,segunda
datahub-football-data,laliga-2023-2024-2023-11-12-ath-madrid-villarreal,Ath Madrid,74,segunda
datahub-football-data,laliga-2023-2024-2023-11-12-ath-madrid-villarreal,Villarreal,83,segunda
datahub-football-data,laliga-2023-2024-2023-11-12-barcelona-alaves,Barcelona,73,segunda
datahub-football-data,laliga-2023-2024-2023-11-12-barcelona-alaves,Barcelona,82,segunda
datahub-football-data,laliga-2023-2024-2023-11-12-barcelona-alaves,Alaves,89,segunda
datahub-football-data,laliga-2023-2024-2023-11-12-sevilla-betis,Sevilla,20,primera
datahub-football-data,laliga-2023-2024-2023-11-12-sevilla-betis,Betis,27,primera
datahub-football-data,laliga-2023-2024-2023-11-24-alaves-granada,Alaves,39,primera
datahub-football-data,laliga-2023-2024-2023-11-24-alaves-granada,Alaves,55,segunda
datahub-football-data,laliga-2023-2024-2023-11-24-alaves-granada,Alaves,62,segunda
datahub-football-data,laliga-2023-2024-2023-11-24-alaves-granada,Granada,73,segunda
datahub-football-data,laliga-2023-2024-2023-11-25-ath-madrid-mallorca,Ath Madrid,39,primera
datahub-football-data,laliga-2023-2024-2023-11-25-getafe-almeria,Getafe,10,primera
datahub-football-data,laliga-2023-2024-2023-11-25-getafe-almeria,Getafe,16,primera
datahub-football-data,laliga-2023-2024-2023-11-25-getafe-almeria,Almeria,28,primera
datahub-football-data,laliga-2023-2024-2023-11-25-vallecano-barcelona,Vallecano,52,segunda
datahub-football-data,laliga-2023-2024-2023-11-25-vallecano-barcelona,Barcelona,64,segunda
datahub-football-data,laliga-2023-2024-2023-11-26-betis-las-palmas,Betis,84,segunda
datahub-football-data,laliga-2023-2024-2023-11-26-cadiz-real-madrid,Real Madrid,31,primera
datahub-football-data,laliga-2023-2024-2023-11-26-cadiz-real-madrid,Real Madrid,36,primera
datahub-football-data,laliga-2023-2024-2023-11-26-cadiz-real-madrid,Real Madrid,52,segunda
datahub-football-data,laliga-2023-2024-2023-11-26-sociedad-sevilla,Sociedad,39,primera
datahub-football-data,laliga-2023-2024-2023-11-26-sociedad-sevilla,Sociedad,55,segunda
datahub-football-data,laliga-2023-2024-2023-11-26-sociedad-sevilla,Sevilla,62,segunda
datahub-football-data,laliga-2023-2024-2023-11-26-villarreal-osasuna,Villarreal,7,primera
datahub-football-data,laliga-2023-2024-2023-11-26-villarreal-osasuna,Villarreal,18,primera
datahub-football-data,laliga-2023-2024-2023-11-26-villarreal-osasuna,Villarreal,30,primera
datahub-football-data,laliga-2023-2024-2023-11-26-villarreal-osasuna,Osasuna,40,primera
datahub-football-data,laliga-2023-2024-2023-11-27-girona-ath-bilbao,Girona,63,segunda
datahub-football-data,laliga-2023-2024-2023-11-27-girona-ath-bilbao,Ath Bilbao,74,segunda
datahub-football-data,laliga-2023-2024-2023-11-29-mallorca-cadiz,Mallorca,30,primera
datahub-football-data,laliga-2023-2024-2023-11-29-mallorca-cadiz,Cadiz,40,primera
datahub-football-data,laliga-2023-2024-2023-12-01-las-palmas-getafe,Las Palmas,53,segunda
datahub-football-data,laliga-2023-2024-2023-12-01-las-palmas-getafe,Las Palmas,65,segunda
datahub-football-data,laliga-2023-2024-2023-12-02-ath-bilbao-vallecano,Ath Bilbao,31,primera
datahub-football-data,laliga-2023-2024-2023-12-02-ath-bilbao-vallecano,Ath Bilbao,36,primera
datahub-football-data,laliga-2023-2024-2023-12-02-ath-bilbao-vallecano,Ath Bilbao,52,segunda
datahub-football-data,laliga-2023-2024-2023-12-02-ath-bilbao-vallecano,Ath Bilbao,64,segunda
datahub-football-data,laliga-2023-2024-2023-12-02-girona-valencia,Girona,51,segunda
datahub-football-data,laliga-2023-2024-2023-12-02-girona-valencia,Girona,63,segunda
datahub-football-data,laliga-2023-2024-2023-12-02-girona-valencia,Valencia,74,segunda
datahub-football-data,laliga-2023-2024-2023-12-02-osasuna-sociedad,Osasuna,72,segunda
datahub-football-data,laliga-2023-2024-2023-12-02-osasuna-sociedad,Sociedad,81,segunda
datahub-football-data,laliga-2023-2024-2023-12-02-real-madrid-granada,Real Madrid,9,primera
datahub-football-data,laliga-2023-2024-2023-12-02-real-madrid-granada,Real Madrid,20,primera
datahub-football-data,laliga-2023-2024-2023-12-03-barcelona-ath-madrid,Barcelona,66,segunda
datahub-football-data,laliga-2023-2024-2023-12-03-sevilla-villarreal,Sevilla,30,primera
datahub-football-data,laliga-2023-2024-2023-12-03-sevilla-villarreal,Villarreal,40,primera
datahub-football-data,laliga-2023-2024-2023-12-04-celta-cadiz,Celta,10,primera
datahub-football-data,laliga-2023-2024-2023-12-04-celta-cadiz,Cadiz,89,segunda
datahub-football-data,laliga-2023-2024-2023-12-08-getafe-valencia,Getafe,73,segunda
datahub-football-data,laliga-2023-2024-2023-12-09-alaves-las-palmas,Las Palmas,52,segunda
datahub-football-data,laliga-2023-2024-2023-12-09-betis-real-madrid,Betis,19,primera
datahub-football-data,laliga-2023-2024-2023-12-09-betis-real-madrid,Real Madrid,31,primera
datahub-football-data,laliga-2023-2024-2023-12-09-mallorca-sevilla,Mallorca,53,segunda
datahub-football-data,laliga-2023-2024-2023-12-09-villarreal-sociedad,Sociedad,65,segunda
datahub-football-data,laliga-2023-2024-2023-12-09-villarreal-sociedad,Sociedad,76,segunda
datahub-football-data,laliga-2023-2024-2023-12-09-villarreal-sociedad,Sociedad,80,segunda
datahub-football-data,laliga-2023-2024-2023-12-10-ath-madrid-almeria,Ath Madrid,30,primera
datahub-football-data,laliga-2023-2024-2023-12-10-ath-madrid-almeria,Ath Madrid,40,primera
datahub-football-data,laliga-2023-2024-2023-12-10-ath-madrid-almeria,Almeria,51,segunda
datahub-football-data,laliga-2023-2024-2023-12-10-barcelona-girona,Barcelona,9,primera
datahub-football-data,laliga-2023-2024-2023-12-10-barcelona-girona,Barcelona,20,primera
datahub-football-data,laliga-2023-2024-2023-12-10-barcelona-girona,Girona,27,primera
datahub-football-data,laliga-2023-2024-2023-12-10-barcelona-girona,Girona,37,primera
datahub-football-data,laliga-2023-2024-2023-12-10-barcelona-girona,Girona,53,segunda
datahub-football-data,laliga-2023-2024-2023-12-10-barcelona-girona,Girona,65,segunda
datahub-football-data,laliga-2023-2024-2023-12-10-cadiz-osasuna,Cadiz,29,primera
datahub-football-data,laliga-2023-2024-2023-12-10-cadiz-osasuna,Osasuna,39,primera
datahub-football-data,laliga-2023-2024-2023-12-11-granada-ath-bilbao,Granada,82,segunda
datahub-football-data,laliga-2023-2024-2023-12-11-granada-ath-bilbao,Ath Bilbao,89,segunda
datahub-football-data,laliga-2023-2024-2023-12-15-osasuna-vallecano,Osasuna,74,segunda
datahub-football-data,laliga-2023-2024-2023-12-16-ath-bilbao-ath-madrid,Ath Bilbao,72,segunda
datahub-football-data,laliga-2023-2024-2023-12-16-ath-bilbao-ath-madrid,Ath Bilbao,81,segunda
datahub-football-data,laliga-2023-2024-2023-12-16-celta-granada,Celta,19,primera
datahub-football-data,laliga-2023-2024-2023-12-16-sevilla-getafe,Getafe,51,segunda
datahub-football-data,laliga-2023-2024-2023-12-16-sevilla-getafe,Getafe,63,segunda
datahub-football-data,laliga-2023-2024-2023-12-16-sevilla-getafe,Getafe,74,segunda
datahub-football-data,laliga-2023-2024-2023-12-16-valencia-barcelona,Valencia,28,primera
datahub-football-data,laliga-2023-2024-2023-12-16-valencia-barcelona,Barcelona,38,primera
datahub-football-data,laliga-2023-2024-2023-12-17-las-palmas-cadiz,Las Palmas,39,primera
datahub-football-data,laliga-2023-2024-2023-12-17-las-palmas-cadiz,Cadiz,55,segunda
datahub-football-data,laliga-2023-2024-2023-12-17-real-madrid-villarreal,Real Madrid,7,primera
datahub-football-data,laliga-2023-2024-2023-12-17-real-madrid-villarreal,Real Madrid,18,primera
datahub-football-data,laliga-2023-2024-2023-12-17-real-madrid-villarreal,Real Madrid,30,primera
datahub-football-data,laliga-2023-2024-2023-12-17-real-madrid-villarreal,Real Madrid,40,primera
datahub-football-data,laliga-2023-2024-2023-12-17-real-madrid-villarreal,Villarreal,51,segunda
datahub-football-data,laliga-2023-2024-2023-12-18-girona-alaves,Girona,75,segunda
datahub-football-data,laliga-2023-2024-2023-12-18-girona-alaves,Girona,84,segunda
datahub-football-data,laliga-2023-2024-2023-12-18-girona-alaves,Girona,86,segunda
datahub-football-data,laliga-2023-2024-2023-12-19-ath-madrid-getafe,Ath Madrid,28,primera
datahub-football-data,laliga-2023-2024-2023-12-19-ath-madrid-getafe,Ath Madrid,38,primera
datahub-football-data,laliga-2023-2024-2023-12-19-ath-madrid-getafe,Ath Madrid,54,segunda
datahub-football-data,laliga-2023-2024-2023-12-19-ath-madrid-getafe,Getafe,66,segunda
datahub-football-data,laliga-2023-2024-2023-12-19-ath-madrid-getafe,Getafe,72,segunda
datahub-football-data,laliga-2023-2024-2023-12-19-ath-madrid-getafe,Getafe,81,segunda
datahub-football-data,laliga-2023-2024-2023-12-19-granada-sevilla,Sevilla,74,segunda
datahub-football-data,laliga-2023-2024-2023-12-19-granada-sevilla,Sevilla,83,segunda
datahub-football-data,laliga-2023-2024-2023-12-19-granada-sevilla,Sevilla,90,segunda
datahub-football-data,laliga-2023-2024-2023-12-19-vallecano-valencia,Valencia,54,segunda
datahub-football-data,laliga-2023-2024-2023-12-20-ath-bilbao-las-palmas,Ath Bilbao,84,segunda
datahub-football-data,laliga-2023-2024-2023-12-20-barcelona-almeria,Barcelona,53,segunda
datahub-football-data,laliga-2023-2024-2023-12-20-barcelona-almeria,Barcelona,65,segunda
datahub-football-data,laliga-2023-2024-2023-12-20-barcelona-almeria,Barcelona,76,segunda
datahub-football-data,laliga-2023-2024-2023-12-20-barcelona-almeria,Almeria,80,segunda
datahub-football-data,laliga-2023-2024-2023-12-20-barcelona-almeria,Almeria,87,segunda
datahub-football-data,laliga-2023-2024-2023-12-20-villarreal-celta,Villarreal,36,primera
datahub-football-data,laliga-2023-2024-2023-12-20-villarreal-celta,Villarreal,52,segunda
datahub-football-data,laliga-2023-2024-2023-12-20-villarreal-celta,Villarreal,64,segunda
datahub-football-data,laliga-2023-2024-2023-12-20-villarreal-celta,Celta,75,segunda
datahub-football-data,laliga-2023-2024-2023-12-20-villarreal-celta,Celta,84,segunda
datahub-football-data,laliga-2023-2024-2023-12-21-alaves-real-madrid,Real Madrid,38,primera
datahub-football-data,laliga-2023-2024-2023-12-21-betis-girona,Betis,28,primera
datahub-football-data,laliga-2023-2024-2023-12-21-betis-girona,Girona,38,primera
datahub-football-data,laliga-2023-2024-2023-12-21-mallorca-osasuna,Mallorca,9,primera
datahub-football-data,laliga-2023-2024-2023-12-21-mallorca-osasuna,Mallorca,20,primera
datahub-football-data,laliga-2023-2024-2023-12-21-mallorca-osasuna,Mallorca,27,primera
datahub-football-data,laliga-2023-2024-2023-12-21-mallorca-osasuna,Osasuna,37,primera
datahub-football-data,laliga-2023-2024-2023-12-21-mallorca-osasuna,Osasuna,53,segunda
datahub-football-data,laliga-2023-2024-2023-12-23-ath-madrid-sevilla,Ath Madrid,65,segunda
datahub-football-data,laliga-2023-2024-2024-01-02-getafe-vallecano,Vallecano,84,segunda
datahub-football-data,laliga-2023-2024-2024-01-02-getafe-vallecano,Vallecano,86,segunda
datahub-football-data,laliga-2023-2024-2024-01-02-sociedad-alaves,Sociedad,54,segunda
datahub-football-data,laliga-2023-2024-2024-01-02-sociedad-alaves,Alaves,66,segunda
datahub-football-data,laliga-2023-2024-2024-01-02-valencia-villarreal,Valencia,10,primera
datahub-football-data,laliga-2023-2024-2024-01-02-valencia-villarreal,Valencia,16,primera
datahub-football-data,laliga-2023-2024-2024-01-02-valencia-villarreal,Valencia,28,primera
datahub-football-data,laliga-2023-2024-2024-01-02-valencia-villarreal,Villarreal,38,primera
datahub-football-data,laliga-2023-2024-2024-01-03-celta-betis,Celta,9,primera
datahub-football-data,laliga-2023-2024-2024-01-03-celta-betis,Celta,81,segunda
datahub-football-data,laliga-2023-2024-2024-01-03-celta-betis,Betis,88,segunda
datahub-football-data,laliga-2023-2024-2024-01-03-girona-ath-madrid,Girona,8,primera
datahub-football-data,laliga-2023-2024-2024-01-03-girona-ath-madrid,Girona,19,primera
datahub-football-data,laliga-2023-2024-2024-01-03-girona-ath-madrid,Girona,31,primera
datahub-football-data,laliga-2023-2024-2024-01-03-girona-ath-madrid,Girona,36,primera
datahub-football-data,laliga-2023-2024-2024-01-03-girona-ath-madrid,Ath Madrid,52,segunda
datahub-football-data,laliga-2023-2024-2024-01-03-girona-ath-madrid,Ath Madrid,64,segunda
datahub-football-data,laliga-2023-2024-2024-01-03-girona-ath-madrid,Ath Madrid,75,segunda
datahub-football-data,laliga-2023-2024-2024-01-03-granada-cadiz,Granada,38,primera
datahub-football-data,laliga-2023-2024-2024-01-03-granada-cadiz,Granada,54,segunda
datahub-football-data,laliga-2023-2024-2024-01-03-real-madrid-mallorca,Real Madrid,28,primera
datahub-football-data,laliga-2023-2024-2024-01-04-las-palmas-barcelona,Las Palmas,36,primera
datahub-football-data,laliga-2023-2024-2024-01-04-las-palmas-barcelona,Barcelona,52,segunda
datahub-football-data,laliga-2023-2024-2024-01-04-las-palmas-barcelona,Barcelona,64,segunda
datahub-football-data,laliga-2023-2024-2024-01-04-osasuna-almeria,Osasuna,19,primera
datahub-football-data,laliga-2023-2024-2024-01-04-sevilla-ath-bilbao,Ath Bilbao,8,primera
datahub-football-data,laliga-2023-2024-2024-01-04-sevilla-ath-bilbao,Ath Bilbao,87,segunda
datahub-football-data,laliga-2023-2024-2024-01-12-sevilla-alaves,Sevilla,19,primera
datahub-football-data,laliga-2023-2024-2024-01-12-sevilla-alaves,Sevilla,31,primera
datahub-football-data,laliga-2023-2024-2024-01-12-sevilla-alaves,Alaves,36,primera
datahub-football-data,laliga-2023-2024-2024-01-12-sevilla-alaves,Alaves,52,segunda
datahub-football-data,laliga-2023-2024-2024-01-12-sevilla-alaves,Alaves,64,segunda
datahub-football-data,laliga-2023-2024-2024-01-13-ath-bilbao-sociedad,Ath Bilbao,38,primera
datahub-football-data,laliga-2023-2024-2024-01-13-ath-bilbao-sociedad,Ath Bilbao,54,segunda
datahub-football-data,laliga-2023-2024-2024-01-13-ath-bilbao-sociedad,Sociedad,66,segunda
datahub-football-data,laliga-2023-2024-2024-01-13-betis-granada,Betis,74,segunda
datahub-football-data,laliga-2023-2024-2024-01-13-las-palmas-villarreal,Las Palmas,38,primera
datahub-football-data,laliga-2023-2024-2024-01-13-las-palmas-villarreal,Las Palmas,54,segunda
datahub-football-data,laliga-2023-2024-2024-01-13-las-palmas-villarreal,Las Palmas,66,segunda
datahub-football-data,laliga-2023-2024-2024-01-13-mallorca-celta,Mallorca,84,segunda
datahub-football-data,laliga-2023-2024-2024-01-13-mallorca-celta,Celta,86,segunda
datahub-football-data,laliga-2023-2024-2024-01-14-cadiz-valencia,Cadiz,9,primera
datahub-football-data,laliga-2023-2024-2024-01-14-cadiz-valencia,Valencia,20,primera
datahub-football-data,laliga-2023-2024-2024-01-14-cadiz-valencia,Valencia,27,primera
datahub-football-data,laliga-2023-2024-2024-01-14-cadiz-valencia,Valencia,37,primera
datahub-football-data,laliga-2023-2024-2024-01-14-cadiz-valencia,Valencia,88,segunda
datahub-football-data,laliga-2023-2024-2024-01-19-alaves-cadiz,Alaves,18,primera
datahub-football-data,laliga-2023-2024-2024-01-20-celta-sociedad,Sociedad,10,primera
datahub-football-data,laliga-2023-2024-2024-01-20-valencia-ath-bilbao,Valencia,7,primera
datahub-football-data,laliga-2023-2024-2024-01-20-vallecano-las-palmas,Las Palmas,9,primera
datahub-football-data,laliga-2023-2024-2024-01-20-vallecano-las-palmas,Las Palmas,88,segunda
datahub-football-data,laliga-2023-2024-2024-01-20-villarreal-mallorca,Villarreal,84,segunda
datahub-football-data,laliga-2023-2024-2024-01-20-villarreal-mallorca,Mallorca,86,segunda
datahub-football-data,laliga-2023-2024-2024-01-21-betis-barcelona,Betis,18,primera
datahub-football-data,laliga-2023-2024-2024-01-21-betis-barcelona,Betis,30,primera
datahub-football-data,laliga-2023-2024-2024-01-21-betis-barcelona,Barcelona,40,primera
datahub-football-data,laliga-2023-2024-2024-01-21-betis-barcelona,Barcelona,51,segunda
datahub-football-data,laliga-2023-2024-2024-01-21-betis-barcelona,Barcelona,63,segunda
datahub-football-data,laliga-2023-2024-2024-01-21-betis-barcelona,Barcelona,74,segunda
datahub-football-data,laliga-2023-2024-2024-01-21-girona-sevilla,Girona,9,primera
datahub-football-data,laliga-2023-2024-2024-01-21-girona-sevilla,Girona,54,segunda
datahub-football-data,laliga-2023-2024-2024-01-21-girona-sevilla,Girona,66,segunda
datahub-football-data,laliga-2023-2024-2024-01-21-girona-sevilla,Girona,72,segunda
datahub-football-data,laliga-2023-2024-2024-01-21-girona-sevilla,Girona,81,segunda
datahub-football-data,laliga-2023-2024-2024-01-21-girona-sevilla,Sevilla,88,segunda
datahub-football-data,laliga-2023-2024-2024-01-21-osasuna-getafe,Osasuna,28,primera
datahub-football-data,laliga-2023-2024-2024-01-21-osasuna-getafe,Osasuna,38,primera
datahub-football-data,laliga-2023-2024-2024-01-21-osasuna-getafe,Osasuna,54,segunda
datahub-football-data,laliga-2023-2024-2024-01-21-osasuna-getafe,Getafe,66,segunda
datahub-football-data,laliga-2023-2024-2024-01-21-osasuna-getafe,Getafe,72,segunda
datahub-football-data,laliga-2023-2024-2024-01-21-real-madrid-almeria,Real Madrid,10,primera
datahub-football-data,laliga-2023-2024-2024-01-21-real-madrid-almeria,Real Madrid,16,primera
datahub-football-data,laliga-2023-2024-2024-01-21-real-madrid-almeria,Real Madrid,28,primera
datahub-football-data,laliga-2023-2024-2024-01-21-real-madrid-almeria,Almeria,82,segunda
datahub-football-data,laliga-2023-2024-2024-01-21-real-madrid-almeria,Almeria,89,segunda
datahub-football-data,laliga-2023-2024-2024-01-22-granada-ath-madrid,Ath Madrid,72,segunda
datahub-football-data,laliga-2023-2024-2024-01-26-almeria-alaves,Alaves,51,segunda
datahub-football-data,laliga-2023-2024-2024-01-26-almeria-alaves,Alaves,63,segunda
datahub-football-data,laliga-2023-2024-2024-01-26-almeria-alaves,Alaves,74,segunda
datahub-football-data,laliga-2023-2024-2024-01-27-barcelona-villarreal,Barcelona,7,primera
datahub-football-data,laliga-2023-2024-2024-01-27-barcelona-villarreal,Barcelona,18,primera
datahub-football-data,laliga-2023-2024-2024-01-27-barcelona-villarreal,Barcelona,30,primera
datahub-football-data,laliga-2023-2024-2024-01-27-barcelona-villarreal,Villarreal,40,primera
datahub-football-data,laliga-2023-2024-2024-01-27-barcelona-villarreal,Villarreal,51,segunda
datahub-football-data,laliga-2023-2024-2024-01-27-barcelona-villarreal,Villarreal,63,segunda
datahub-football-data,laliga-2023-2024-2024-01-27-barcelona-villarreal,Villarreal,84,segunda
datahub-football-data,laliga-2023-2024-2024-01-27-barcelona-villarreal,Villarreal,86,segunda
datahub-football-data,laliga-2023-2024-2024-01-27-las-palmas-real-madrid,Las Palmas,20,primera
datahub-football-data,laliga-2023-2024-2024-01-27-las-palmas-real-madrid,Real Madrid,27,primera
datahub-football-data,laliga-2023-2024-2024-01-27-las-palmas-real-madrid,Real Madrid,37,primera
datahub-football-data,laliga-2023-2024-2024-01-27-mallorca-betis,Betis,73,segunda
datahub-football-data,laliga-2023-2024-2024-01-28-ath-madrid-valencia,Ath Madrid,28,primera
datahub-football-data,laliga-2023-2024-2024-01-28-ath-madrid-valencia,Ath Madrid,38,primera
datahub-football-data,laliga-2023-2024-2024-01-28-celta-girona,Girona,66,segunda
datahub-football-data,laliga-2023-2024-2024-01-28-sevilla-osasuna,Sevilla,27,primera
datahub-football-data,laliga-2023-2024-2024-01-28-sevilla-osasuna,Osasuna,37,primera
datahub-football-data,laliga-2023-2024-2024-01-29-getafe-granada,Getafe,75,segunda
datahub-football-data,laliga-2023-2024-2024-01-29-getafe-granada,Getafe,84,segunda
datahub-football-data,laliga-2023-2024-2024-01-31-ath-madrid-vallecano,Ath Madrid,20,primera
datahub-football-data,laliga-2023-2024-2024-01-31-ath-madrid-vallecano,Ath Madrid,27,primera
datahub-football-data,laliga-2023-2024-2024-01-31-ath-madrid-vallecano,Vallecano,37,primera
datahub-football-data,laliga-2023-2024-2024-01-31-barcelona-osasuna,Barcelona,81,segunda
datahub-football-data,laliga-2023-2024-2024-02-01-getafe-real-madrid,Real Madrid,80,segunda
datahub-football-data,laliga-2023-2024-2024-02-01-getafe-real-madrid,Real Madrid,87,segunda
datahub-football-data,laliga-2023-2024-2024-02-02-ath-bilbao-mallorca,Ath Bilbao,6,primera
datahub-football-data,laliga-2023-2024-2024-02-02-ath-bilbao-mallorca,Ath Bilbao,17,primera
datahub-football-data,laliga-2023-2024-2024-02-02-ath-bilbao-mallorca,Ath Bilbao,29,primera
datahub-football-data,laliga-2023-2024-2024-02-02-ath-bilbao-mallorca,Ath Bilbao,39,primera
datahub-football-data,laliga-2023-2024-2024-02-03-alaves-barcelona,Alaves,9,primera
datahub-football-data,laliga-2023-2024-2024-02-03-alaves-barcelona,Barcelona,72,segunda
datahub-football-data,laliga-2023-2024-2024-02-03-alaves-barcelona,Barcelona,81,segunda
datahub-football-data,laliga-2023-2024-2024-02-03-alaves-barcelona,Barcelona,88,segunda
datahub-football-data,laliga-2023-2024-2024-02-03-granada-las-palmas,Granada,10,primera
datahub-football-data,laliga-2023-2024-2024-02-03-granada-las-palmas,Las Palmas,89,segunda
datahub-football-data,laliga-2023-2024-2024-02-03-valencia-almeria,Valencia,65,segunda
datahub-football-data,laliga-2023-2024-2024-02-03-valencia-almeria,Valencia,76,segunda
datahub-football-data,laliga-2023-2024-2024-02-03-valencia-almeria,Almeria,80,segunda
datahub-football-data,laliga-2023-2024-2024-02-04-betis-getafe,Betis,66,segunda
datahub-football-data,laliga-2023-2024-2024-02-04-betis-getafe,Getafe,72,segunda
datahub-football-data,laliga-2023-2024-2024-02-04-osasuna-celta,Celta,20,primera
datahub-football-data,laliga-2023-2024-2024-02-04-osasuna-celta,Celta,27,primera
datahub-football-data,laliga-2023-2024-2024-02-04-osasuna-celta,Celta,37,primera
datahub-football-data,laliga-2023-2024-2024-02-04-real-madrid-ath-madrid,Real Madrid,51,segunda
datahub-football-data,laliga-2023-2024-2024-02-04-real-madrid-ath-madrid,Ath Madrid,63,segunda
datahub-football-data,laliga-2023-2024-2024-02-05-vallecano-sevilla,Vallecano,10,primera
datahub-football-data,laliga-2023-2024-2024-02-05-vallecano-sevilla,Sevilla,16,primera
datahub-football-data,laliga-2023-2024-2024-02-05-vallecano-sevilla,Sevilla,28,primera
datahub-football-data,laliga-2023-2024-2024-02-09-cadiz-betis,Betis,64,segunda
datahub-football-data,laliga-2023-2024-2024-02-09-cadiz-betis,Betis,75,segunda
datahub-football-data,laliga-2023-2024-2024-02-10-alaves-villarreal,Alaves,17,primera
datahub-football-data,laliga-2023-2024-2024-02-10-alaves-villarreal,Villarreal,29,primera
datahub-football-data,laliga-2023-2024-2024-02-10-las-palmas-valencia,Las Palmas,27,primera
datahub-football-data,laliga-2023-2024-2024-02-10-las-palmas-valencia,Las Palmas,37,primera
datahub-football-data,laliga-2023-2024-2024-02-10-real-madrid-girona,Real Madrid,8,primera
datahub-football-data,laliga-2023-2024-2024-02-10-real-madrid-girona,Real Madrid,76,segunda
datahub-football-data,laliga-2023-2024-2024-02-10-real-madrid-girona,Real Madrid,80,segunda
datahub-football-data,laliga-2023-2024-2024-02-10-real-madrid-girona,Real Madrid,87,segunda
datahub-football-data,laliga-2023-2024-2024-02-10-sociedad-osasuna,Osasuna,37,primera
datahub-football-data,laliga-2023-2024-2024-02-11-barcelona-granada,Barcelona,6,primera
datahub-football-data,laliga-2023-2024-2024-02-11-barcelona-granada,Barcelona,51,segunda
datahub-football-data,laliga-2023-2024-2024-02-11-barcelona-granada,Barcelona,63,segunda
datahub-football-data,laliga-2023-2024-2024-02-11-barcelona-granada,Granada,74,segunda
datahub-football-data,laliga-2023-2024-2024-02-11-barcelona-granada,Granada,83,segunda
datahub-football-data,laliga-2023-2024-2024-02-11-barcelona-granada,Granada,90,segunda
datahub-football-data,laliga-2023-2024-2024-02-11-getafe-celta,Getafe,36,primera
datahub-football-data,laliga-2023-2024-2024-02-11-getafe-celta,Getafe,52,segunda
datahub-football-data,laliga-2023-2024-2024-02-11-getafe-celta,Getafe,64,segunda
datahub-football-data,laliga-2023-2024-2024-02-11-getafe-celta,Celta,75,segunda
datahub-football-data,laliga-2023-2024-2024-02-11-getafe-celta,Celta,84,segunda
datahub-football-data,laliga-2023-2024-2024-02-11-mallorca-vallecano,Mallorca,8,primera
datahub-football-data,laliga-2023-2024-2024-02-11-mallorca-vallecano,Mallorca,80,segunda
datahub-football-data,laliga-2023-2024-2024-02-11-mallorca-vallecano,Vallecano,87,segunda
datahub-football-data,laliga-2023-2024-2024-02-11-sevilla-ath-madrid,Sevilla,89,segunda
datahub-football-data,laliga-2023-2024-2024-02-16-villarreal-getafe,Villarreal,38,primera
datahub-football-data,laliga-2023-2024-2024-02-16-villarreal-getafe,Getafe,54,segunda
datahub-football-data,laliga-2023-2024-2024-02-17-ath-madrid-las-palmas,Ath Madrid,6,primera
datahub-football-data,laliga-2023-2024-2024-02-17-ath-madrid-las-palmas,Ath Madrid,17,primera
datahub-football-data,laliga-2023-2024-2024-02-17-ath-madrid-las-palmas,Ath Madrid,29,primera
datahub-football-data,laliga-2023-2024-2024-02-17-ath-madrid-las-palmas,Ath Madrid,39,primera
datahub-football-data,laliga-2023-2024-2024-02-17-ath-madrid-las-palmas,Ath Madrid,90,segunda
datahub-football-data,laliga-2023-2024-2024-02-17-celta-barcelona,Celta,9,primera
datahub-football-data,laliga-2023-2024-2024-02-17-celta-barcelona,Barcelona,20,primera
datahub-football-data,laliga-2023-2024-2024-02-17-celta-barcelona,Barcelona,27,primera
datahub-football-data,laliga-2023-2024-2024-02-17-osasuna-cadiz,Osasuna,40,primera
datahub-football-data,laliga-2023-2024-2024-02-17-osasuna-cadiz,Osasuna,51,segunda
datahub-football-data,laliga-2023-2024-2024-02-18-granada-almeria,Granada,54,segunda
datahub-football-data,laliga-2023-2024-2024-02-18-granada-almeria,Almeria,66,segunda
datahub-football-data,laliga-2023-2024-2024-02-18-mallorca-sociedad,Mallorca,40,primera
datahub-football-data,laliga-2023-2024-2024-02-18-mallorca-sociedad,Sociedad,51,segunda
datahub-football-data,laliga-2023-2024-2024-02-18-mallorca-sociedad,Sociedad,63,segunda
datahub-football-data,laliga-2023-2024-2024-02-18-vallecano-real-madrid,Vallecano,29,primera
datahub-football-data,laliga-2023-2024-2024-02-18-vallecano-real-madrid,Real Madrid,39,primera
datahub-football-data,laliga-2023-2024-2024-02-19-ath-bilbao-girona,Ath Bilbao,36,primera
datahub-football-data,laliga-2023-2024-2024-02-19-ath-bilbao-girona,Ath Bilbao,52,segunda
datahub-football-data,laliga-2023-2024-2024-02-19-ath-bilbao-girona,Ath Bilbao,64,segunda
datahub-football-data,laliga-2023-2024-2024-02-19-ath-bilbao-girona,Girona,75,segunda
datahub-football-data,laliga-2023-2024-2024-02-19-ath-bilbao-girona,Girona,84,segunda
datahub-football-data,laliga-2023-2024-2024-02-23-sociedad-villarreal,Sociedad,62,segunda
datahub-football-data,laliga-2023-2024-2024-02-23-sociedad-villarreal,Villarreal,73,segunda
datahub-football-data,laliga-2023-2024-2024-02-23-sociedad-villarreal,Villarreal,82,segunda
datahub-football-data,laliga-2023-2024-2024-02-23-sociedad-villarreal,Villarreal,89,segunda
datahub-football-data,laliga-2023-2024-2024-02-24-alaves-mallorca,Alaves,62,segunda
datahub-football-data,laliga-2023-2024-2024-02-24-alaves-mallorca,Mallorca,73,segunda
datahub-football-data,laliga-2023-2024-2024-02-24-almeria-ath-madrid,Almeria,29,primera
datahub-football-data,laliga-2023-2024-2024-02-24-almeria-ath-madrid,Almeria,39,primera
datahub-football-data,laliga-2023-2024-2024-02-24-almeria-ath-madrid,Ath Madrid,55,segunda
datahub-football-data,laliga-2023-2024-2024-02-24-almeria-ath-madrid,Ath Madrid,62,segunda
datahub-football-data,laliga-2023-2024-2024-02-24-barcelona-getafe,Barcelona,8,primera
datahub-football-data,laliga-2023-2024-2024-02-24-barcelona-getafe,Barcelona,76,segunda
datahub-football-data,laliga-2023-2024-2024-02-24-barcelona-getafe,Barcelona,80,segunda
datahub-football-data,laliga-2023-2024-2024-02-24-barcelona-getafe,Barcelona,87,segunda
datahub-football-data,laliga-2023-2024-2024-02-25-betis-ath-bilbao,Betis,16,primera
datahub-football-data,laliga-2023-2024-2024-02-25-betis-ath-bilbao,Betis,28,primera
datahub-football-data,laliga-2023-2024-2024-02-25-betis-ath-bilbao,Betis,38,primera
datahub-football-data,laliga-2023-2024-2024-02-25-betis-ath-bilbao,Ath Bilbao,54,segunda
datahub-football-data,laliga-2023-2024-2024-02-25-cadiz-celta,Cadiz,66,segunda
datahub-football-data,laliga-2023-2024-2024-02-25-cadiz-celta,Cadiz,72,segunda
datahub-football-data,laliga-2023-2024-2024-02-25-cadiz-celta,Celta,81,segunda
datahub-football-data,laliga-2023-2024-2024-02-25-cadiz-celta,Celta,88,segunda
datahub-football-data,laliga-2023-2024-2024-02-25-las-palmas-osasuna,Las Palmas,7,primera
datahub-football-data,laliga-2023-2024-2024-02-25-las-palmas-osasuna,Osasuna,18,primera
datahub-football-data,laliga-2023-2024-2024-02-25-real-madrid-sevilla,Real Madrid,39,primera
datahub-football-data,laliga-2023-2024-2024-02-26-girona-vallecano,Girona,18,primera
datahub-football-data,laliga-2023-2024-2024-02-26-girona-vallecano,Girona,30,primera
datahub-football-data,laliga-2023-2024-2024-02-26-girona-vallecano,Girona,40,primera
datahub-football-data,laliga-2023-2024-2024-03-01-celta-almeria,Celta,73,segunda
datahub-football-data,laliga-2023-2024-2024-03-02-getafe-las-palmas,Getafe,28,primera
datahub-football-data,laliga-2023-2024-2024-03-02-getafe-las-palmas,Getafe,38,primera
datahub-football-data,laliga-2023-2024-2024-03-02-getafe-las-palmas,Getafe,54,segunda
datahub-football-data,laliga-2023-2024-2024-03-02-getafe-las-palmas,Las Palmas,66,segunda
datahub-football-data,laliga-2023-2024-2024-03-02-getafe-las-palmas,Las Palmas,72,segunda
datahub-football-data,laliga-2023-2024-2024-03-02-getafe-las-palmas,Las Palmas,81,segunda
datahub-football-data,laliga-2023-2024-2024-03-02-sevilla-sociedad,Sevilla,9,primera
datahub-football-data,laliga-2023-2024-2024-03-02-sevilla-sociedad,Sevilla,20,primera
datahub-football-data,laliga-2023-2024-2024-03-02-sevilla-sociedad,Sevilla,27,primera
datahub-football-data,laliga-2023-2024-2024-03-02-sevilla-sociedad,Sociedad,37,primera
datahub-football-data,laliga-2023-2024-2024-03-02-sevilla-sociedad,Sociedad,53,segunda
datahub-football-data,laliga-2023-2024-2024-03-02-valencia-real-madrid,Valencia,7,primera
datahub-football-data,laliga-2023-2024-2024-03-02-valencia-real-madrid,Valencia,18,primera
datahub-football-data,laliga-2023-2024-2024-03-02-valencia-real-madrid,Real Madrid,84,segunda
datahub-football-data,laliga-2023-2024-2024-03-02-valencia-real-madrid,Real Madrid,86,segunda
datahub-football-data,laliga-2023-2024-2024-03-02-vallecano-cadiz,Vallecano,74,segunda
datahub-football-data,laliga-2023-2024-2024-03-02-vallecano-cadiz,Cadiz,83,segunda
datahub-football-data,laliga-2023-2024-2024-03-03-ath-madrid-betis,Ath Madrid,74,segunda
datahub-football-data,laliga-2023-2024-2024-03-03-ath-madrid-betis,Ath Madrid,83,segunda
datahub-football-data,laliga-2023-2024-2024-03-03-ath-madrid-betis,Betis,90,segunda
datahub-football-data,laliga-2023-2024-2024-03-03-mallorca-girona,Mallorca,89,segunda
datahub-football-data,laliga-2023-2024-2024-03-03-villarreal-granada,Villarreal,8,primera
datahub-football-data,laliga-2023-2024-2024-03-03-villarreal-granada,Villarreal,53,segunda
datahub-football-data,laliga-2023-2024-2024-03-03-villarreal-granada,Villarreal,65,segunda
datahub-football-data,laliga-2023-2024-2024-03-03-villarreal-granada,Villarreal,76,segunda
datahub-football-data,laliga-2023-2024-2024-03-03-villarreal-granada,Villarreal,80,segunda
datahub-football-data,laliga-2023-2024-2024-03-03-villarreal-granada,Granada,87,segunda
datahub-football-data,laliga-2023-2024-2024-03-04-osasuna-alaves,Osasuna,63,segunda
datahub-football-data,laliga-2023-2024-2024-03-08-barcelona-mallorca,Barcelona,28,primera
datahub-football-data,laliga-2023-2024-2024-03-09-cadiz-ath-madrid,Cadiz,20,primera
datahub-football-data,laliga-2023-2024-2024-03-09-cadiz-ath-madrid,Cadiz,27,primera
datahub-football-data,laliga-2023-2024-2024-03-09-girona-osasuna,Girona,40,primera
datahub-football-data,laliga-2023-2024-2024-03-09-girona-osasuna,Girona,51,segunda
datahub-football-data,laliga-2023-2024-2024-03-09-granada-sociedad,Granada,8,primera
datahub-football-data,laliga-2023-2024-2024-03-09-granada-sociedad,Granada,19,primera
datahub-football-data,laliga-2023-2024-2024-03-09-granada-sociedad,Sociedad,31,primera
datahub-football-data,laliga-2023-2024-2024-03-09-granada-sociedad,Sociedad,36,primera
datahub-football-data,laliga-2023-2024-2024-03-09-granada-sociedad,Sociedad,87,segunda
datahub-football-data,laliga-2023-2024-2024-03-09-valencia-getafe,Valencia,84,segunda
datahub-football-data,laliga-2023-2024-2024-03-10-alaves-vallecano,Alaves,55,segunda
datahub-football-data,laliga-2023-2024-2024-03-10-betis-villarreal,Betis,7,primera
datahub-football-data,laliga-2023-2024-2024-03-10-betis-villarreal,Betis,18,primera
datahub-football-data,laliga-2023-2024-2024-03-10-betis-villarreal,Villarreal,30,primera
datahub-football-data,laliga-2023-2024-2024-03-10-betis-villarreal,Villarreal,40,primera
datahub-football-data,laliga-2023-2024-2024-03-10-betis-villarreal,Villarreal,51,segunda
datahub-football-data,laliga-2023-2024-2024-03-10-las-palmas-ath-bilbao,Ath Bilbao,19,primera
datahub-football-data,laliga-2023-2024-2024-03-10-las-palmas-ath-bilbao,Ath Bilbao,31,primera
datahub-football-data,laliga-2023-2024-2024-03-10-real-madrid-celta,Real Madrid,10,primera
datahub-football-data,laliga-2023-2024-2024-03-10-real-madrid-celta,Real Madrid,16,primera
datahub-football-data,laliga-2023-2024-2024-03-10-real-madrid-celta,Real Madrid,82,segunda
datahub-football-data,laliga-2023-2024-2024-03-10-real-madrid-celta,Real Madrid,89,segunda
datahub-football-data,laliga-2023-2024-2024-03-11-almeria-sevilla,Almeria,7,primera
datahub-football-data,laliga-2023-2024-2024-03-11-almeria-sevilla,Almeria,18,primera
datahub-football-data,laliga-2023-2024-2024-03-11-almeria-sevilla,Sevilla,30,primera
datahub-football-data,laliga-2023-2024-2024-03-11-almeria-sevilla,Sevilla,40,primera
datahub-football-data,laliga-2023-2024-2024-03-15-sociedad-cadiz,Sociedad,64,segunda
datahub-football-data,laliga-2023-2024-2024-03-15-sociedad-cadiz,Sociedad,75,segunda
datahub-football-data,laliga-2023-2024-2024-03-16-ath-bilbao-alaves,Ath Bilbao,31,primera
datahub-football-data,laliga-2023-2024-2024-03-16-ath-bilbao-alaves,Ath Bilbao,36,primera
datahub-football-data,laliga-2023-2024-2024-03-16-getafe-girona,Getafe,51,segunda
datahub-football-data,laliga-2023-2024-2024-03-16-mallorca-granada,Mallorca,62,segunda
datahub-football-data,laliga-2023-2024-2024-03-16-osasuna-real-madrid,Osasuna,6,primera
datahub-football-data,laliga-2023-2024-2024-03-16-osasuna-real-madrid,Osasuna,17,primera
datahub-football-data,laliga-2023-2024-2024-03-16-osasuna-real-madrid,Real Madrid,29,primera
datahub-football-data,laliga-2023-2024-2024-03-16-osasuna-real-madrid,Real Madrid,39,primera
datahub-football-data,laliga-2023-2024-2024-03-16-osasuna-real-madrid,Real Madrid,55,segunda
datahub-football-data,laliga-2023-2024-2024-03-16-osasuna-real-madrid,Real Madrid,62,segunda
datahub-football-data,laliga-2023-2024-2024-03-17-ath-madrid-barcelona,Barcelona,28,primera
datahub-football-data,laliga-2023-2024-2024-03-17-ath-madrid-barcelona,Barcelona,38,primera
datahub-football-data,laliga-2023-2024-2024-03-17-ath-madrid-barcelona,Barcelona,54,segunda
datahub-football-data,laliga-2023-2024-2024-03-17-las-palmas-almeria,Almeria,63,segunda
datahub-football-data,laliga-2023-2024-2024-03-17-sevilla-celta,Sevilla,53,segunda
datahub-football-data,laliga-2023-2024-2024-03-17-sevilla-celta,Celta,65,segunda
datahub-football-data,laliga-2023-2024-2024-03-17-sevilla-celta,Celta,76,segunda
datahub-football-data,laliga-2023-2024-2024-03-17-vallecano-betis,Vallecano,39,primera
datahub-football-data,laliga-2023-2024-2024-03-17-vallecano-betis,Vallecano,55,segunda
datahub-football-data,laliga-2023-2024-2024-03-17-villarreal-valencia,Villarreal,81,segunda
datahub-football-data,laliga-2023-2024-2024-03-29-cadiz-granada,Cadiz,63,segunda
datahub-football-data,laliga-2023-2024-2024-03-30-almeria-osasuna,Osasuna,52,segunda
datahub-football-data,laliga-2023-2024-2024-03-30-almeria-osasuna,Osasuna,64,segunda
datahub-football-data,laliga-2023-2024-2024-03-30-almeria-osasuna,Osasuna,75,segunda
datahub-football-data,laliga-2023-2024-2024-03-30-barcelona-las-palmas,Barcelona,87,segunda
datahub-football-data,laliga-2023-2024-2024-03-30-getafe-sevilla,Sevilla,9,primera
datahub-football-data,laliga-2023-2024-2024-03-31-alaves-sociedad,Sociedad,76,segunda
datahub-football-data,laliga-2023-2024-2024-03-31-girona-betis,Girona,10,primera
datahub-football-data,laliga-2023-2024-2024-03-31-girona-betis,Girona,16,primera
datahub-football-data,laliga-2023-2024-2024-03-31-girona-betis,Girona,28,primera
datahub-football-data,laliga-2023-2024-2024-03-31-girona-betis,Betis,82,segunda
datahub-football-data,laliga-2023-2024-2024-03-31-girona-betis,Betis,89,segunda
datahub-football-data,laliga-2023-2024-2024-03-31-real-madrid-ath-bilbao,Real Madrid,62,segunda
datahub-football-data,laliga-2023-2024-2024-03-31-real-madrid-ath-bilbao,Real Madrid,73,segunda
datahub-football-data,laliga-2023-2024-2024-04-01-villarreal-ath-madrid,Villarreal,37,primera
datahub-football-data,laliga-2023-2024-2024-04-01-villarreal-ath-madrid,Ath Madrid,53,segunda
datahub-football-data,laliga-2023-2024-2024-04-01-villarreal-ath-madrid,Ath Madrid,65,segunda
datahub-football-data,laliga-2023-2024-2024-04-04-granada-valencia,Valencia,27,primera
datahub-football-data,laliga-2023-2024-2024-04-12-betis-celta,Betis,7,primera
datahub-football-data,laliga-2023-2024-2024-04-12-betis-celta,Betis,18,primera
datahub-football-data,laliga-2023-2024-2024-04-12-betis-celta,Celta,86,segunda
datahub-football-data,laliga-2023-2024-2024-04-13-ath-madrid-girona,Ath Madrid,39,primera
datahub-football-data,laliga-2023-2024-2024-04-13-ath-madrid-girona,Ath Madrid,55,segunda
datahub-football-data,laliga-2023-2024-2024-04-13-ath-madrid-girona,Ath Madrid,62,segunda
datahub-football-data,laliga-2023-2024-2024-04-13-ath-madrid-girona,Girona,73,segunda
datahub-football-data,laliga-2023-2024-2024-04-13-cadiz-barcelona,Barcelona,36,primera
datahub-football-data,laliga-2023-2024-2024-04-13-mallorca-real-madrid,Real Madrid,29,primera
datahub-football-data,laliga-2023-2024-2024-04-14-ath-bilbao-villarreal,Ath Bilbao,30,primera
datahub-football-data,laliga-2023-2024-2024-04-14-ath-bilbao-villarreal,Villarreal,40,primera
datahub-football-data,laliga-2023-2024-2024-04-14-granada-alaves,Granada,19,primera
datahub-football-data,laliga-2023-2024-2024-04-14-granada-alaves,Granada,31,primera
datahub-football-data,laliga-2023-2024-2024-04-14-las-palmas-sevilla,Sevilla,75,segunda
datahub-football-data,laliga-2023-2024-2024-04-14-las-palmas-sevilla,Sevilla,84,segunda
datahub-football-data,laliga-2023-2024-2024-04-14-sociedad-almeria,Sociedad,66,segunda
datahub-football-data,laliga-2023-2024-2024-04-14-sociedad-almeria,Sociedad,72,segunda
datahub-football-data,laliga-2023-2024-2024-04-14-sociedad-almeria,Almeria,81,segunda
datahub-football-data,laliga-2023-2024-2024-04-14-sociedad-almeria,Almeria,88,segunda
datahub-football-data,laliga-2023-2024-2024-04-15-osasuna-valencia,Valencia,82,segunda
datahub-football-data,laliga-2023-2024-2024-04-19-ath-bilbao-granada,Ath Bilbao,7,primera
datahub-football-data,laliga-2023-2024-2024-04-19-ath-bilbao-granada,Granada,86,segunda
datahub-football-data,laliga-2023-2024-2024-04-20-celta-las-palmas,Celta,27,primera
datahub-football-data,laliga-2023-2024-2024-04-20-celta-las-palmas,Celta,37,primera
datahub-football-data,laliga-2023-2024-2024-04-20-celta-las-palmas,Celta,53,segunda
datahub-football-data,laliga-2023-2024-2024-04-20-celta-las-palmas,Celta,65,segunda
datahub-football-data,laliga-2023-2024-2024-04-20-celta-las-palmas,Las Palmas,76,segunda
datahub-football-data,laliga-2023-2024-2024-04-20-girona-cadiz,Girona,18,primera
datahub-football-data,laliga-2023-2024-2024-04-20-girona-cadiz,Girona,30,primera
datahub-football-data,laliga-2023-2024-2024-04-20-girona-cadiz,Girona,40,primera
datahub-football-data,laliga-2023-2024-2024-04-20-girona-cadiz,Girona,51,segunda
datahub-football-data,laliga-2023-2024-2024-04-20-girona-cadiz,Cadiz,63,segunda
datahub-football-data,laliga-2023-2024-2024-04-20-valencia-betis,Valencia,16,primera
datahub-football-data,laliga-2023-2024-2024-04-20-valencia-betis,Betis,28,primera
datahub-football-data,laliga-2023-2024-2024-04-20-valencia-betis,Betis,38,primera
datahub-football-data,laliga-2023-2024-2024-04-20-vallecano-osasuna,Vallecano,28,primera
datahub-football-data,laliga-2023-2024-2024-04-20-vallecano-osasuna,Vallecano,38,primera
datahub-football-data,laliga-2023-2024-2024-04-20-vallecano-osasuna,Osasuna,54,segunda
datahub-football-data,laliga-2023-2024-2024-04-21-alaves-ath-madrid,Alaves,72,segunda
datahub-football-data,laliga-2023-2024-2024-04-21-alaves-ath-madrid,Alaves,81,segunda
datahub-football-data,laliga-2023-2024-2024-04-21-almeria-villarreal,Almeria,17,primera
datahub-football-data,laliga-2023-2024-2024-04-21-almeria-villarreal,Villarreal,29,primera
datahub-football-data,laliga-2023-2024-2024-04-21-almeria-villarreal,Villarreal,39,primera
datahub-football-data,laliga-2023-2024-2024-04-21-getafe-sociedad,Getafe,84,segunda
datahub-football-data,laliga-2023-2024-2024-04-21-getafe-sociedad,Sociedad,86,segunda
datahub-football-data,laliga-2023-2024-2024-04-21-real-madrid-barcelona,Real Madrid,6,primera
datahub-football-data,laliga-2023-2024-2024-04-21-real-madrid-barcelona,Real Madrid,17,primera
datahub-football-data,laliga-2023-2024-2024-04-21-real-madrid-barcelona,Real Madrid,74,segunda
datahub-football-data,laliga-2023-2024-2024-04-21-real-madrid-barcelona,Barcelona,83,segunda
datahub-football-data,laliga-2023-2024-2024-04-21-real-madrid-barcelona,Barcelona,90,segunda
datahub-football-data,laliga-2023-2024-2024-04-22-sevilla-mallorca,Sevilla,27,primera
datahub-football-data,laliga-2023-2024-2024-04-22-sevilla-mallorca,Sevilla,37,primera
datahub-football-data,laliga-2023-2024-2024-04-22-sevilla-mallorca,Mallorca,53,segunda
datahub-football-data,laliga-2023-2024-2024-04-26-sociedad-real-madrid,Real Madrid,74,segunda
datahub-football-data,laliga-2023-2024-2024-04-27-alaves-celta,Alaves,6,primera
datahub-football-data,laliga-2023-2024-2024-04-27-alaves-celta,Alaves,17,primera
datahub-football-data,laliga-2023-2024-2024-04-27-alaves-celta,Alaves,90,segunda
datahub-football-data,laliga-2023-2024-2024-04-27-almeria-getafe,Almeria,36,primera
datahub-football-data,laliga-2023-2024-2024-04-27-almeria-getafe,Getafe,52,segunda
datahub-football-data,laliga-2023-2024-2024-04-27-almeria-getafe,Getafe,64,segunda
datahub-football-data,laliga-2023-2024-2024-04-27-almeria-getafe,Getafe,75,segunda
datahub-football-data,laliga-2023-2024-2024-04-27-ath-madrid-ath-bilbao,Ath Madrid,7,primera
datahub-football-data,laliga-2023-2024-2024-04-27-ath-madrid-ath-bilbao,Ath Madrid,75,segunda
datahub-football-data,laliga-2023-2024-2024-04-27-ath-madrid-ath-bilbao,Ath Madrid,84,segunda
datahub-football-data,laliga-2023-2024-2024-04-27-ath-madrid-ath-bilbao,Ath Bilbao,86,segunda
datahub-football-data,laliga-2023-2024-2024-04-27-las-palmas-girona,Girona,40,primera
datahub-football-data,laliga-2023-2024-2024-04-27-las-palmas-girona,Girona,51,segunda
datahub-football-data,laliga-2023-2024-2024-04-28-betis-sevilla,Betis,30,primera
datahub-football-data,laliga-2023-2024-2024-04-28-betis-sevilla,Sevilla,40,primera
datahub-football-data,laliga-2023-2024-2024-04-28-cadiz-mallorca,Cadiz,80,segunda
datahub-football-data,laliga-2023-2024-2024-04-28-cadiz-mallorca,Mallorca,87,segunda
datahub-football-data,laliga-2023-2024-2024-04-28-granada-osasuna,Granada,39,primera
datahub-football-data,laliga-2023-2024-2024-04-28-granada-osasuna,Granada,55,segunda
datahub-football-data,laliga-2023-2024-2024-04-28-granada-osasuna,Granada,62,segunda
datahub-football-data,laliga-2023-2024-2024-04-28-villarreal-vallecano,Villarreal,75,segunda
datahub-football-data,laliga-2023-2024-2024-04-28-villarreal-vallecano,Villarreal,84,segunda
datahub-football-data,laliga-2023-2024-2024-04-28-villarreal-vallecano,Villarreal,86,segunda
datahub-football-data,laliga-2023-2024-2024-04-29-barcelona-valencia,Barcelona,8,primera
datahub-football-data,laliga-2023-2024-2024-04-29-barcelona-valencia,Barcelona,19,primera
datahub-football-data,laliga-2023-2024-2024-04-29-barcelona-valencia,Barcelona,31,primera
datahub-football-data,laliga-2023-2024-2024-04-29-barcelona-valencia,Barcelona,76,segunda
datahub-football-data,laliga-2023-2024-2024-04-29-barcelona-valencia,Valencia,80,segunda
datahub-football-data,laliga-2023-2024-2024-04-29-barcelona-valencia,Valencia,87,segunda
datahub-football-data,laliga-2023-2024-2024-05-03-getafe-ath-bilbao,Ath Bilbao,37,primera
datahub-football-data,laliga-2023-2024-2024-05-03-getafe-ath-bilbao,Ath Bilbao,53,segunda
datahub-football-data,laliga-2023-2024-2024-05-04-girona-barcelona,Girona,9,primera
datahub-football-data,laliga-2023-2024-2024-05-04-girona-barcelona,Girona,54,segunda
datahub-football-data,laliga-2023-2024-2024-05-04-girona-barcelona,Girona,66,segunda
datahub-football-data,laliga-2023-2024-2024-05-04-girona-barcelona,Girona,72,segunda
datahub-football-data,laliga-2023-2024-2024-05-04-girona-barcelona,Barcelona,81,segunda
datahub-football-data,laliga-2023-2024-2024-05-04-girona-barcelona,Barcelona,88,segunda
datahub-football-data,laliga-2023-2024-2024-05-04-mallorca-ath-madrid,Ath Madrid,88,segunda
datahub-football-data,laliga-2023-2024-2024-05-04-real-madrid-cadiz,Real Madrid,73,segunda
datahub-football-data,laliga-2023-2024-2024-05-04-real-madrid-cadiz,Real Madrid,82,segunda
datahub-football-data,laliga-2023-2024-2024-05-04-real-madrid-cadiz,Real Madrid,89,segunda
datahub-football-data,laliga-2023-2024-2024-05-04-sociedad-las-palmas,Sociedad,6,primera
datahub-football-data,laliga-2023-2024-2024-05-04-sociedad-las-palmas,Sociedad,17,primera
datahub-football-data,laliga-2023-2024-2024-05-05-celta-villarreal,Celta,38,primera
datahub-football-data,laliga-2023-2024-2024-05-05-celta-villarreal,Celta,54,segunda
datahub-football-data,laliga-2023-2024-2024-05-05-celta-villarreal,Celta,66,segunda
datahub-football-data,laliga-2023-2024-2024-05-05-celta-villarreal,Villarreal,72,segunda
datahub-football-data,laliga-2023-2024-2024-05-05-celta-villarreal,Villarreal,81,segunda
datahub-football-data,laliga-2023-2024-2024-05-05-osasuna-betis,Betis,38,primera
datahub-football-data,laliga-2023-2024-2024-05-05-osasuna-betis,Betis,54,segunda
datahub-football-data,laliga-2023-2024-2024-05-05-sevilla-granada,Sevilla,10,primera
datahub-football-data,laliga-2023-2024-2024-05-05-sevilla-granada,Sevilla,16,primera
datahub-football-data,laliga-2023-2024-2024-05-05-sevilla-granada,Sevilla,89,segunda
datahub-football-data,laliga-2023-2024-2024-05-05-valencia-alaves,Alaves,64,segunda
datahub-football-data,laliga-2023-2024-2024-05-05-vallecano-almeria,Almeria,83,segunda
datahub-football-data,laliga-2023-2024-2024-05-10-alaves-girona,Alaves,10,primera
datahub-football-data,laliga-2023-2024-2024-05-10-alaves-girona,Alaves,16,primera
datahub-football-data,laliga-2023-2024-2024-05-10-alaves-girona,Girona,28,primera
datahub-football-data,laliga-2023-2024-2024-05-10-alaves-girona,Girona,89,segunda
datahub-football-data,laliga-2023-2024-2024-05-11-ath-bilbao-osasuna,Ath Bilbao,28,primera
datahub-football-data,laliga-2023-2024-2024-05-11-ath-bilbao-osasuna,Ath Bilbao,38,primera
datahub-football-data,laliga-2023-2024-2024-05-11-ath-bilbao-osasuna,Osasuna,54,segunda
datahub-football-data,laliga-2023-2024-2024-05-11-ath-bilbao-osasuna,Osasuna,66,segunda
datahub-football-data,laliga-2023-2024-2024-05-11-granada-real-madrid,Real Madrid,64,segunda
datahub-football-data,laliga-2023-2024-2024-05-11-granada-real-madrid,Real Madrid,75,segunda
datahub-football-data,laliga-2023-2024-2024-05-11-granada-real-madrid,Real Madrid,84,segunda
datahub-football-data,laliga-2023-2024-2024-05-11-granada-real-madrid,Real Madrid,86,segunda
datahub-football-data,laliga-2023-2024-2024-05-11-mallorca-las-palmas,Mallorca,52,segunda
datahub-football-data,laliga-2023-2024-2024-05-11-villarreal-sevilla,Villarreal,40,primera
datahub-football-data,laliga-2023-2024-2024-05-11-villarreal-sevilla,Villarreal,51,segunda
datahub-football-data,laliga-2023-2024-2024-05-11-villarreal-sevilla,Villarreal,63,segunda
datahub-football-data,laliga-2023-2024-2024-05-11-villarreal-sevilla,Sevilla,74,segunda
datahub-football-data,laliga-2023-2024-2024-05-11-villarreal-sevilla,Sevilla,83,segunda
datahub-football-data,laliga-2023-2024-2024-05-12-ath-madrid-celta,Ath Madrid,31,primera
datahub-football-data,laliga-2023-2024-2024-05-12-betis-almeria,Betis,8,primera
datahub-football-data,laliga-2023-2024-2024-05-12-betis-almeria,Betis,19,primera
datahub-football-data,laliga-2023-2024-2024-05-12-betis-almeria,Betis,31,primera
datahub-football-data,laliga-2023-2024-2024-05-12-betis-almeria,Almeria,36,primera
datahub-football-data,laliga-2023-2024-2024-05-12-betis-almeria,Almeria,52,segunda
datahub-football-data,laliga-2023-2024-2024-05-12-cadiz-getafe,Cadiz,16,primera
datahub-football-data,laliga-2023-2024-2024-05-13-barcelona-sociedad,Barcelona,51,segunda
datahub-football-data,laliga-2023-2024-2024-05-13-barcelona-sociedad,Barcelona,63,segunda
datahub-football-data,laliga-2023-2024-2024-05-14-girona-villarreal,Villarreal,65,segunda
datahub-football-data,laliga-2023-2024-2024-05-14-osasuna-mallorca,Osasuna,80,segunda
datahub-football-data,laliga-2023-2024-2024-05-14-osasuna-mallorca,Mallorca,87,segunda
datahub-football-data,laliga-2023-2024-2024-05-14-real-madrid-alaves,Real Madrid,28,primera
datahub-football-data,laliga-2023-2024-2024-05-14-real-madrid-alaves,Real Madrid,38,primera
datahub-football-data,laliga-2023-2024-2024-05-14-real-madrid-alaves,Real Madrid,54,segunda
datahub-football-data,laliga-2023-2024-2024-05-14-real-madrid-alaves,Real Madrid,66,segunda
datahub-football-data,laliga-2023-2024-2024-05-14-real-madrid-alaves,Real Madrid,72,segunda
datahub-football-data,laliga-2023-2024-2024-05-15-celta-ath-bilbao,Celta,8,primera
datahub-football-data,laliga-2023-2024-2024-05-15-celta-ath-bilbao,Celta,80,segunda
datahub-football-data,laliga-2023-2024-2024-05-15-celta-ath-bilbao,Ath Bilbao,87,segunda
datahub-football-data,laliga-2023-2024-2024-05-15-getafe-ath-madrid,Ath Madrid,9,primera
datahub-football-data,laliga-2023-2024-2024-05-15-getafe-ath-madrid,Ath Madrid,20,primera
datahub-football-data,laliga-2023-2024-2024-05-15-getafe-ath-madrid,Ath Madrid,27,primera
datahub-football-data,laliga-2023-2024-2024-05-15-sevilla-cadiz,Cadiz,18,primera
datahub-football-data,laliga-2023-2024-2024-05-15-vallecano-granada,Vallecano,20,primera
datahub-football-data,laliga-2023-2024-2024-05-15-vallecano-granada,Vallecano,27,primera
datahub-football-data,laliga-2023-2024-2024-05-15-vallecano-granada,Granada,37,primera
datahub-football-data,laliga-2023-2024-2024-05-16-almeria-barcelona,Barcelona,83,segunda
datahub-football-data,laliga-2023-2024-2024-05-16-almeria-barcelona,Barcelona,90,segunda
datahub-football-data,laliga-2023-2024-2024-05-16-las-palmas-betis,Las Palmas,54,segunda
datahub-football-data,laliga-2023-2024-2024-05-16-las-palmas-betis,Las Palmas,66,segunda
datahub-football-data,laliga-2023-2024-2024-05-16-las-palmas-betis,Betis,72,segunda
datahub-football-data,laliga-2023-2024-2024-05-16-las-palmas-betis,Betis,81,segunda
datahub-football-data,laliga-2023-2024-2024-05-16-sociedad-valencia,Sociedad,54,segunda
datahub-football-data,laliga-2023-2024-2024-05-18-alaves-getafe,Alaves,55,segunda
datahub-football-data,laliga-2023-2024-2024-05-19-ath-bilbao-sevilla,Ath Bilbao,30,primera
datahub-football-data,laliga-2023-2024-2024-05-19-ath-bilbao-sevilla,Ath Bilbao,40,primera
datahub-football-data,laliga-2023-2024-2024-05-19-ath-madrid-osasuna,Ath Madrid,51,segunda
datahub-football-data,laliga-2023-2024-2024-05-19-ath-madrid-osasuna,Osasuna,63,segunda
datahub-football-data,laliga-2023-2024-2024-05-19-ath-madrid-osasuna,Osasuna,74,segunda
datahub-football-data,laliga-2023-2024-2024-05-19-ath-madrid-osasuna,Osasuna,83,segunda
datahub-football-data,laliga-2023-2024-2024-05-19-ath-madrid-osasuna,Osasuna,90,segunda
datahub-football-data,laliga-2023-2024-2024-05-19-barcelona-vallecano,Barcelona,9,primera
datahub-football-data,laliga-2023-2024-2024-05-19-barcelona-vallecano,Barcelona,81,segunda
datahub-football-data,laliga-2023-2024-2024-05-19-barcelona-vallecano,Barcelona,88,segunda
datahub-football-data,laliga-2023-2024-2024-05-19-betis-sociedad,Sociedad,8,primera
datahub-football-data,laliga-2023-2024-2024-05-19-betis-sociedad,Sociedad,87,segunda
datahub-football-data,laliga-2023-2024-2024-05-19-granada-celta,Granada,28,primera
datahub-football-data,laliga-2023-2024-2024-05-19-granada-celta,Celta,38,primera
datahub-football-data,laliga-2023-2024-2024-05-19-granada-celta,Celta,54,segunda
datahub-football-data,laliga-2023-2024-2024-05-19-mallorca-almeria,Mallorca,19,primera
datahub-football-data,laliga-2023-2024-2024-05-19-mallorca-almeria,Mallorca,31,primera
datahub-football-data,laliga-2023-2024-2024-05-19-mallorca-almeria,Almeria,36,primera
datahub-football-data,laliga-2023-2024-2024-05-19-mallorca-almeria,Almeria,52,segunda
datahub-football-data,laliga-2023-2024-2024-05-19-valencia-girona,Valencia,18,primera
datahub-football-data,laliga-2023-2024-2024-05-19-valencia-girona,Girona,30,primera
datahub-football-data,laliga-2023-2024-2024-05-19-valencia-girona,Girona,40,primera
datahub-football-data,laliga-2023-2024-2024-05-19-valencia-girona,Girona,51,segunda
datahub-football-data,laliga-2023-2024-2024-05-19-villarreal-real-madrid,Villarreal,9,primera
datahub-football-data,laliga-2023-2024-2024-05-19-villarreal-real-madrid,Villarreal,20,primera
datahub-football-data,laliga-2023-2024-2024-05-19-villarreal-real-madrid,Villarreal,27,primera
datahub-football-data,laliga-2023-2024-2024-05-19-villarreal-real-madrid,Villarreal,37,primera
datahub-football-data,laliga-2023-2024-2024-05-19-villarreal-real-madrid,Real Madrid,53,segunda
datahub-football-data,laliga-2023-2024-2024-05-19-villarreal-real-madrid,Real Madrid,65,segunda
datahub-football-data,laliga-2023-2024-2024-05-19-villarreal-real-madrid,Real Madrid,76,segunda
datahub-football-data,laliga-2023-2024-2024-05-19-villarreal-real-madrid,Real Madrid,80,segunda
datahub-football-data,laliga-2023-2024-2024-05-24-girona-granada,Girona,10,primera
datahub-football-data,laliga-2023-2024-2024-05-24-girona-granada,Girona,16,primera
datahub-football-data,laliga-2023-2024-2024-05-24-girona-granada,Girona,28,primera
datahub-football-data,laliga-2023-2024-2024-05-24-girona-granada,Girona,38,primera
datahub-football-data,laliga-2023-2024-2024-05-24-girona-granada,Girona,73,segunda
datahub-football-data,laliga-2023-2024-2024-05-24-girona-granada,Girona,82,segunda
datahub-football-data,laliga-2023-2024-2024-05-24-girona-granada,Girona,89,segunda
datahub-football-data,laliga-2023-2024-2024-05-25-almeria-cadiz,Almeria,8,primera
datahub-football-data,laliga-2023-2024-2024-05-25-almeria-cadiz,Almeria,37,primera
datahub-football-data,laliga-2023-2024-2024-05-25-almeria-cadiz,Almeria,53,segunda
datahub-football-data,laliga-2023-2024-2024-05-25-almeria-cadiz,Almeria,65,segunda
datahub-football-data,laliga-2023-2024-2024-05-25-almeria-cadiz,Almeria,76,segunda
datahub-football-data,laliga-2023-2024-2024-05-25-almeria-cadiz,Almeria,80,segunda
datahub-football-data,laliga-2023-2024-2024-05-25-almeria-cadiz,Cadiz,87,segunda
datahub-football-data,laliga-2023-2024-2024-05-25-osasuna-villarreal,Osasuna,30,primera
datahub-football-data,laliga-2023-2024-2024-05-25-osasuna-villarreal,Villarreal,40,primera
datahub-football-data,laliga-2023-2024-2024-05-25-sociedad-ath-madrid,Ath Madrid,74,segunda
datahub-football-data,laliga-2023-2024-2024-05-25-sociedad-ath-madrid,Ath Madrid,83,segunda
datahub-football-data,laliga-2023-2024-2024-05-25-vallecano-ath-bilbao,Ath Bilbao,7,primera
datahub-football-data,laliga-2023-2024-2024-05-26-celta-valencia,Celta,30,primera
datahub-football-data,laliga-2023-2024-2024-05-26-celta-valencia,Celta,40,primera
datahub-football-data,laliga-2023-2024-2024-05-26-celta-valencia,Valencia,51,segunda
datahub-football-data,laliga-2023-2024-2024-05-26-celta-valencia,Valencia,63,segunda
datahub-football-data,laliga-2023-2024-2024-05-26-getafe-mallorca,Getafe,6,primera
datahub-football-data,laliga-2023-2024-2024-05-26-getafe-mallorca,Mallorca,17,primera
datahub-football-data,laliga-2023-2024-2024-05-26-getafe-mallorca,Mallorca,29,primera
datahub-football-data,laliga-2023-2024-2024-05-26-las-palmas-alaves,Las Palmas,20,primera
datahub-football-data,laliga-2023-2024-2024-05-26-las-palmas-alaves,Alaves,27,primera
datahub-football-data,laliga-2023-2024-2024-05-26-sevilla-barcelona,Sevilla,65,segunda
datahub-football-data,laliga-2023-2024-2024-05-26-sevilla-barcelona,Barcelona,76,segunda
datahub-football-data,laliga-2023-2024-2024-05-26-sevilla-barcelona,Barcelona,80,segunda
datahub-football-data,laliga-2024-2025-2024-08-15-ath-bilbao-getafe,Ath Bilbao,16,primera
datahub-football-data,laliga-2024-2025-2024-08-15-ath-bilbao-getafe,Getafe,28,primera
datahub-football-data,laliga-2024-2025-2024-08-15-betis-girona,Betis,73,segunda
datahub-football-data,laliga-2024-2025-2024-08-15-betis-girona,Girona,82,segunda
datahub-football-data,laliga-2024-2025-2024-08-16-celta-alaves,Celta,28,primera
datahub-football-data,laliga-2024-2025-2024-08-16-celta-alaves,Celta,38,primera
datahub-football-data,laliga-2024-2025-2024-08-16-celta-alaves,Alaves,54,segunda
datahub-football-data,laliga-2024-2025-2024-08-16-las-palmas-sevilla,Las Palmas,6,primera
datahub-football-data,laliga-2024-2025-2024-08-16-las-palmas-sevilla,Las Palmas,17,primera
datahub-football-data,laliga-2024-2025-2024-08-16-las-palmas-sevilla,Sevilla,83,segunda
datahub-football-data,laliga-2024-2025-2024-08-16-las-palmas-sevilla,Sevilla,90,segunda
datahub-football-data,laliga-2024-2025-2024-08-17-osasuna-leganes,Osasuna,20,primera
datahub-football-data,laliga-2024-2025-2024-08-17-osasuna-leganes,Leganes,27,primera
datahub-football-data,laliga-2024-2025-2024-08-17-valencia-barcelona,Valencia,6,primera
datahub-football-data,laliga-2024-2025-2024-08-17-valencia-barcelona,Barcelona,83,segunda
datahub-football-data,laliga-2024-2025-2024-08-17-valencia-barcelona,Barcelona,90,segunda
datahub-football-data,laliga-2024-2025-2024-08-18-mallorca-real-madrid,Mallorca,83,segunda
datahub-football-data,laliga-2024-2025-2024-08-18-mallorca-real-madrid,Real Madrid,90,segunda
datahub-football-data,laliga-2024-2025-2024-08-18-sociedad-vallecano,Sociedad,54,segunda
datahub-football-data,laliga-2024-2025-2024-08-18-sociedad-vallecano,Vallecano,66,segunda
datahub-football-data,laliga-2024-2025-2024-08-18-sociedad-vallecano,Vallecano,72,segunda
datahub-football-data,laliga-2024-2025-2024-08-19-valladolid-espanol,Valladolid,9,primera
datahub-football-data,laliga-2024-2025-2024-08-19-villarreal-ath-madrid,Villarreal,6,primera
datahub-football-data,laliga-2024-2025-2024-08-19-villarreal-ath-madrid,Villarreal,17,primera
datahub-football-data,laliga-2024-2025-2024-08-19-villarreal-ath-madrid,Ath Madrid,29,primera
datahub-football-data,laliga-2024-2025-2024-08-19-villarreal-ath-madrid,Ath Madrid,39,primera
datahub-football-data,laliga-2024-2025-2024-08-23-celta-valencia,Celta,64,segunda
datahub-football-data,laliga-2024-2025-2024-08-23-celta-valencia,Celta,75,segunda
datahub-football-data,laliga-2024-2025-2024-08-23-celta-valencia,Celta,84,segunda
datahub-football-data,laliga-2024-2025-2024-08-23-celta-valencia,Valencia,86,segunda
datahub-football-data,laliga-2024-2025-2024-08-23-sevilla-villarreal,Sevilla,8,primera
datahub-football-data,laliga-2024-2025-2024-08-23-sevilla-villarreal,Villarreal,80,segunda
datahub-football-data,laliga-2024-2025-2024-08-23-sevilla-villarreal,Villarreal,87,segunda
datahub-football-data,laliga-2024-2025-2024-08-24-barcelona-ath-bilbao,Barcelona,55,segunda
datahub-football-data,laliga-2024-2025-2024-08-24-barcelona-ath-bilbao,Barcelona,62,segunda
datahub-football-data,laliga-2024-2025-2024-08-24-barcelona-ath-bilbao,Ath Bilbao,73,segunda
datahub-football-data,laliga-2024-2025-2024-08-24-espanol-sociedad,Sociedad,38,primera
datahub-football-data,laliga-2024-2025-2024-08-24-osasuna-mallorca,Osasuna,55,segunda
datahub-football-data,laliga-2024-2025-2024-08-25-ath-madrid-girona,Ath Madrid,10,primera
datahub-football-data,laliga-2024-2025-2024-08-25-ath-madrid-girona,Ath Madrid,16,primera
datahub-football-data,laliga-2024-2025-2024-08-25-ath-madrid-girona,Ath Madrid,89,segunda
datahub-football-data,laliga-2024-2025-2024-08-25-leganes-las-palmas,Leganes,52,segunda
datahub-football-data,laliga-2024-2025-2024-08-25-leganes-las-palmas,Leganes,64,segunda
datahub-football-data,laliga-2024-2025-2024-08-25-leganes-las-palmas,Las Palmas,75,segunda
datahub-football-data,laliga-2024-2025-2024-08-25-real-madrid-valladolid,Real Madrid,30,primera
datahub-football-data,laliga-2024-2025-2024-08-25-real-madrid-valladolid,Real Madrid,40,primera
datahub-football-data,laliga-2024-2025-2024-08-25-real-madrid-valladolid,Real Madrid,51,segunda
datahub-football-data,laliga-2024-2025-2024-08-26-villarreal-celta,Villarreal,9,primera
datahub-football-data,laliga-2024-2025-2024-08-26-villarreal-celta,Villarreal,20,primera
datahub-football-data,laliga-2024-2025-2024-08-26-villarreal-celta,Villarreal,27,primera
datahub-football-data,laliga-2024-2025-2024-08-26-villarreal-celta,Villarreal,66,segunda
datahub-football-data,laliga-2024-2025-2024-08-26-villarreal-celta,Celta,72,segunda
datahub-football-data,laliga-2024-2025-2024-08-26-villarreal-celta,Celta,81,segunda
datahub-football-data,laliga-2024-2025-2024-08-26-villarreal-celta,Celta,88,segunda
datahub-football-data,laliga-2024-2025-2024-08-27-vallecano-barcelona,Vallecano,55,segunda
datahub-football-data,laliga-2024-2025-2024-08-27-vallecano-barcelona,Barcelona,62,segunda
datahub-football-data,laliga-2024-2025-2024-08-27-vallecano-barcelona,Barcelona,73,segunda
datahub-football-data,laliga-2024-2025-2024-08-28-ath-bilbao-valencia,Ath Bilbao,89,segunda
datahub-football-data,laliga-2024-2025-2024-08-28-sociedad-alaves,Sociedad,39,primera
datahub-football-data,laliga-2024-2025-2024-08-28-sociedad-alaves,Alaves,55,segunda
datahub-football-data,laliga-2024-2025-2024-08-28-sociedad-alaves,Alaves,62,segunda
datahub-football-data,laliga-2024-2025-2024-08-29-girona-osasuna,Girona,30,primera
datahub-football-data,laliga-2024-2025-2024-08-29-girona-osasuna,Girona,40,primera
datahub-football-data,laliga-2024-2025-2024-08-29-girona-osasuna,Girona,51,segunda
datahub-football-data,laliga-2024-2025-2024-08-29-girona-osasuna,Girona,63,segunda
datahub-football-data,laliga-2024-2025-2024-08-29-las-palmas-real-madrid,Las Palmas,83,segunda
datahub-football-data,laliga-2024-2025-2024-08-29-las-palmas-real-madrid,Real Madrid,90,segunda
datahub-football-data,laliga-2024-2025-2024-08-31-ath-bilbao-ath-madrid,Ath Madrid,89,segunda
datahub-football-data,laliga-2024-2025-2024-08-31-barcelona-valladolid,Barcelona,8,primera
datahub-football-data,laliga-2024-2025-2024-08-31-barcelona-valladolid,Barcelona,19,primera
datahub-football-data,laliga-2024-2025-2024-08-31-barcelona-valladolid,Barcelona,31,primera
datahub-football-data,laliga-2024-2025-2024-08-31-barcelona-valladolid,Barcelona,36,primera
datahub-football-data,laliga-2024-2025-2024-08-31-barcelona-valladolid,Barcelona,52,segunda
datahub-football-data,laliga-2024-2025-2024-08-31-barcelona-valladolid,Barcelona,64,segunda
datahub-football-data,laliga-2024-2025-2024-08-31-barcelona-valladolid,Barcelona,87,segunda
datahub-football-data,laliga-2024-2025-2024-08-31-espanol-vallecano,Espanol,55,segunda
datahub-football-data,laliga-2024-2025-2024-08-31-espanol-vallecano,Espanol,62,segunda
datahub-football-data,laliga-2024-2025-2024-08-31-espanol-vallecano,Vallecano,73,segunda
datahub-football-data,laliga-2024-2025-2024-08-31-leganes-mallorca,Mallorca,87,segunda
datahub-football-data,laliga-2024-2025-2024-08-31-valencia-villarreal,Valencia,8,primera
datahub-football-data,laliga-2024-2025-2024-08-31-valencia-villarreal,Villarreal,87,segunda
datahub-football-data,laliga-2024-2025-2024-09-01-alaves-las-palmas,Alaves,9,primera
datahub-football-data,laliga-2024-2025-2024-09-01-alaves-las-palmas,Alaves,20,primera
datahub-football-data,laliga-2024-2025-2024-09-01-osasuna-celta,Osasuna,9,primera
datahub-football-data,laliga-2024-2025-2024-09-01-osasuna-celta,Osasuna,20,primera
datahub-football-data,laliga-2024-2025-2024-09-01-osasuna-celta,Osasuna,72,segunda
datahub-football-data,laliga-2024-2025-2024-09-01-osasuna-celta,Celta,81,segunda
datahub-football-data,laliga-2024-2025-2024-09-01-osasuna-celta,Celta,88,segunda
datahub-football-data,laliga-2024-2025-2024-09-01-real-madrid-betis,Real Madrid,55,segunda
datahub-football-data,laliga-2024-2025-2024-09-01-real-madrid-betis,Real Madrid,62,segunda
datahub-football-data,laliga-2024-2025-2024-09-01-sevilla-girona,Girona,31,primera
datahub-football-data,laliga-2024-2025-2024-09-01-sevilla-girona,Girona,36,primera
datahub-football-data,laliga-2024-2025-2024-09-13-betis-leganes,Betis,37,primera
datahub-football-data,laliga-2024-2025-2024-09-13-betis-leganes,Betis,53,segunda
datahub-football-data,laliga-2024-2025-2024-09-14-espanol-alaves,Espanol,37,primera
datahub-football-data,laliga-2024-2025-2024-09-14-espanol-alaves,Espanol,53,segunda
datahub-football-data,laliga-2024-2025-2024-09-14-espanol-alaves,Espanol,65,segunda
datahub-football-data,laliga-2024-2025-2024-09-14-espanol-alaves,Alaves,76,segunda
datahub-football-data,laliga-2024-2025-2024-09-14-espanol-alaves,Alaves,80,segunda
datahub-football-data,laliga-2024-2025-2024-09-14-mallorca-villarreal,Mallorca,7,primera
datahub-football-data,laliga-2024-2025-2024-09-14-mallorca-villarreal,Villarreal,18,primera
datahub-football-data,laliga-2024-2025-2024-09-14-mallorca-villarreal,Villarreal,86,segunda
datahub-football-data,laliga-2024-2025-2024-09-14-sevilla-getafe,Sevilla,18,primera
datahub-football-data,laliga-2024-2025-2024-09-14-sociedad-real-madrid,Real Madrid,54,segunda
datahub-football-data,laliga-2024-2025-2024-09-14-sociedad-real-madrid,Real Madrid,66,segunda
datahub-football-data,laliga-2024-2025-2024-09-15-ath-madrid-valencia,Ath Madrid,40,primera
datahub-football-data,laliga-2024-2025-2024-09-15-ath-madrid-valencia,Ath Madrid,51,segunda
datahub-football-data,laliga-2024-2025-2024-09-15-ath-madrid-valencia,Ath Madrid,63,segunda
datahub-football-data,laliga-2024-2025-2024-09-15-celta-valladolid,Celta,6,primera
datahub-football-data,laliga-2024-2025-2024-09-15-celta-valladolid,Celta,17,primera
datahub-football-data,laliga-2024-2025-2024-09-15-celta-valladolid,Celta,29,primera
datahub-football-data,laliga-2024-2025-2024-09-15-celta-valladolid,Valladolid,39,primera
datahub-football-data,laliga-2024-2025-2024-09-15-girona-barcelona,Girona,52,segunda
datahub-football-data,laliga-2024-2025-2024-09-15-girona-barcelona,Barcelona,64,segunda
datahub-football-data,laliga-2024-2025-2024-09-15-girona-barcelona,Barcelona,75,segunda
datahub-football-data,laliga-2024-2025-2024-09-15-girona-barcelona,Barcelona,84,segunda
datahub-football-data,laliga-2024-2025-2024-09-15-girona-barcelona,Barcelona,86,segunda
datahub-football-data,laliga-2024-2025-2024-09-15-las-palmas-ath-bilbao,Las Palmas,7,primera
datahub-football-data,laliga-2024-2025-2024-09-15-las-palmas-ath-bilbao,Las Palmas,18,primera
datahub-football-data,laliga-2024-2025-2024-09-15-las-palmas-ath-bilbao,Ath Bilbao,75,segunda
datahub-football-data,laliga-2024-2025-2024-09-15-las-palmas-ath-bilbao,Ath Bilbao,84,segunda
datahub-football-data,laliga-2024-2025-2024-09-15-las-palmas-ath-bilbao,Ath Bilbao,86,segunda
datahub-football-data,laliga-2024-2025-2024-09-16-vallecano-osasuna,Vallecano,29,primera
datahub-football-data,laliga-2024-2025-2024-09-16-vallecano-osasuna,Vallecano,39,primera
datahub-football-data,laliga-2024-2025-2024-09-16-vallecano-osasuna,Vallecano,55,segunda
datahub-football-data,laliga-2024-2025-2024-09-16-vallecano-osasuna,Osasuna,62,segunda
datahub-football-data,laliga-2024-2025-2024-09-17-mallorca-sociedad,Mallorca,28,primera
datahub-football-data,laliga-2024-2025-2024-09-18-betis-getafe,Betis,54,segunda
datahub-football-data,laliga-2024-2025-2024-09-18-betis-getafe,Betis,66,segunda
datahub-football-data,laliga-2024-2025-2024-09-18-betis-getafe,Getafe,72,segunda
datahub-football-data,laliga-2024-2025-2024-09-19-leganes-ath-bilbao,Ath Bilbao,10,primera
datahub-football-data,laliga-2024-2025-2024-09-19-leganes-ath-bilbao,Ath Bilbao,89,segunda
datahub-football-data,laliga-2024-2025-2024-09-20-alaves-sevilla,Alaves,54,segunda
datahub-football-data,laliga-2024-2025-2024-09-20-alaves-sevilla,Alaves,66,segunda
datahub-football-data,laliga-2024-2025-2024-09-20-alaves-sevilla,Sevilla,72,segunda
datahub-football-data,laliga-2024-2025-2024-09-21-osasuna-las-palmas,Osasuna,64,segunda
datahub-football-data,laliga-2024-2025-2024-09-21-osasuna-las-palmas,Osasuna,75,segunda
datahub-football-data,laliga-2024-2025-2024-09-21-osasuna-las-palmas,Las Palmas,84,segunda
datahub-football-data,laliga-2024-2025-2024-09-21-real-madrid-espanol,Real Madrid,10,primera
datahub-football-data,laliga-2024-2025-2024-09-21-real-madrid-espanol,Real Madrid,16,primera
datahub-football-data,laliga-2024-2025-2024-09-21-real-madrid-espanol,Real Madrid,28,primera
datahub-football-data,laliga-2024-2025-2024-09-21-real-madrid-espanol,Real Madrid,38,primera
datahub-football-data,laliga-2024-2025-2024-09-21-real-madrid-espanol,Espanol,89,segunda
datahub-football-data,laliga-2024-2025-2024-09-21-valencia-girona,Valencia,8,primera
datahub-football-data,laliga-2024-2025-2024-09-21-valencia-girona,Valencia,87,segunda
datahub-football-data,laliga-2024-2025-2024-09-22-ath-bilbao-celta,Ath Bilbao,62,segunda
datahub-football-data,laliga-2024-2025-2024-09-22-ath-bilbao-celta,Ath Bilbao,73,segunda
datahub-football-data,laliga-2024-2025-2024-09-22-ath-bilbao-celta,Ath Bilbao,82,segunda
datahub-football-data,laliga-2024-2025-2024-09-22-ath-bilbao-celta,Celta,89,segunda
datahub-football-data,laliga-2024-2025-2024-09-22-getafe-leganes,Getafe,10,primera
datahub-football-data,laliga-2024-2025-2024-09-22-getafe-leganes,Leganes,16,primera
datahub-football-data,laliga-2024-2025-2024-09-22-vallecano-ath-madrid,Vallecano,39,primera
datahub-football-data,laliga-2024-2025-2024-09-22-vallecano-ath-madrid,Ath Madrid,55,segunda
datahub-football-data,laliga-2024-2025-2024-09-22-villarreal-barcelona,Villarreal,27,primera
datahub-football-data,laliga-2024-2025-2024-09-22-villarreal-barcelona,Barcelona,37,primera
datahub-football-data,laliga-2024-2025-2024-09-22-villarreal-barcelona,Barcelona,53,segunda
datahub-football-data,laliga-2024-2025-2024-09-22-villarreal-barcelona,Barcelona,65,segunda
datahub-football-data,laliga-2024-2025-2024-09-22-villarreal-barcelona,Barcelona,76,segunda
datahub-football-data,laliga-2024-2025-2024-09-22-villarreal-barcelona,Barcelona,80,segunda
datahub-football-data,laliga-2024-2025-2024-09-23-betis-mallorca,Betis,7,primera
datahub-football-data,laliga-2024-2025-2024-09-23-betis-mallorca,Mallorca,18,primera
datahub-football-data,laliga-2024-2025-2024-09-23-betis-mallorca,Mallorca,30,primera
datahub-football-data,laliga-2024-2025-2024-09-24-real-madrid-alaves,Real Madrid,9,primera
datahub-football-data,laliga-2024-2025-2024-09-24-real-madrid-alaves,Real Madrid,20,primera
datahub-football-data,laliga-2024-2025-2024-09-24-real-madrid-alaves,Real Madrid,27,primera
datahub-football-data,laliga-2024-2025-2024-09-24-real-madrid-alaves,Alaves,37,primera
datahub-football-data,laliga-2024-2025-2024-09-24-real-madrid-alaves,Alaves,53,segunda
datahub-football-data,laliga-2024-2025-2024-09-24-sevilla-valladolid,Sevilla,9,primera
datahub-football-data,laliga-2024-2025-2024-09-24-sevilla-valladolid,Sevilla,20,primera
datahub-football-data,laliga-2024-2025-2024-09-24-sevilla-valladolid,Valladolid,27,primera
datahub-football-data,laliga-2024-2025-2024-09-25-barcelona-getafe,Barcelona,18,primera
datahub-football-data,laliga-2024-2025-2024-09-26-celta-ath-madrid,Ath Madrid,39,primera
datahub-football-data,laliga-2024-2025-2024-09-26-espanol-villarreal,Espanol,6,primera
datahub-football-data,laliga-2024-2025-2024-09-26-espanol-villarreal,Villarreal,83,segunda
datahub-football-data,laliga-2024-2025-2024-09-26-espanol-villarreal,Villarreal,90,segunda
datahub-football-data,laliga-2024-2025-2024-09-26-las-palmas-betis,Las Palmas,9,primera
datahub-football-data,laliga-2024-2025-2024-09-26-las-palmas-betis,Betis,20,primera
datahub-football-data,laliga-2024-2025-2024-09-27-valladolid-mallorca,Valladolid,53,segunda
datahub-football-data,laliga-2024-2025-2024-09-27-valladolid-mallorca,Mallorca,65,segunda
datahub-football-data,laliga-2024-2025-2024-09-27-valladolid-mallorca,Mallorca,76,segunda
datahub-football-data,laliga-2024-2025-2024-09-28-getafe-alaves,Getafe,30,primera
datahub-football-data,laliga-2024-2025-2024-09-28-getafe-alaves,Getafe,40,primera
datahub-football-data,laliga-2024-2025-2024-09-28-osasuna-barcelona,Osasuna,40,primera
datahub-football-data,laliga-2024-2025-2024-09-28-osasuna-barcelona,Osasuna,51,segunda
datahub-football-data,laliga-2024-2025-2024-09-28-osasuna-barcelona,Osasuna,63,segunda
datahub-football-data,laliga-2024-2025-2024-09-28-osasuna-barcelona,Osasuna,74,segunda
datahub-football-data,laliga-2024-2025-2024-09-28-osasuna-barcelona,Barcelona,83,segunda
datahub-football-data,laliga-2024-2025-2024-09-28-osasuna-barcelona,Barcelona,90,segunda
datahub-football-data,laliga-2024-2025-2024-09-28-sociedad-valencia,Sociedad,19,primera
datahub-football-data,laliga-2024-2025-2024-09-28-sociedad-valencia,Sociedad,31,primera
datahub-football-data,laliga-2024-2025-2024-09-28-sociedad-valencia,Sociedad,36,primera
datahub-football-data,laliga-2024-2025-2024-09-28-vallecano-leganes,Vallecano,65,segunda
datahub-football-data,laliga-2024-2025-2024-09-28-vallecano-leganes,Leganes,76,segunda
datahub-football-data,laliga-2024-2025-2024-09-29-ath-bilbao-sevilla,Ath Bilbao,64,segunda
datahub-football-data,laliga-2024-2025-2024-09-29-ath-bilbao-sevilla,Sevilla,75,segunda
datahub-football-data,laliga-2024-2025-2024-09-29-ath-madrid-real-madrid,Ath Madrid,28,primera
datahub-football-data,laliga-2024-2025-2024-09-29-ath-madrid-real-madrid,Real Madrid,38,primera
datahub-football-data,laliga-2024-2025-2024-09-29-betis-espanol,Betis,18,primera
datahub-football-data,laliga-2024-2025-2024-09-29-celta-girona,Celta,20,primera
datahub-football-data,laliga-2024-2025-2024-09-29-celta-girona,Girona,27,primera
datahub-football-data,laliga-2024-2025-2024-09-30-villarreal-las-palmas,Villarreal,7,primera
datahub-football-data,laliga-2024-2025-2024-09-30-villarreal-las-palmas,Villarreal,18,primera
datahub-football-data,laliga-2024-2025-2024-09-30-villarreal-las-palmas,Villarreal,30,primera
datahub-football-data,laliga-2024-2025-2024-09-30-villarreal-las-palmas,Las Palmas,86,segunda
datahub-football-data,laliga-2024-2025-2024-10-05-espanol-mallorca,Espanol,6,primera
datahub-football-data,laliga-2024-2025-2024-10-05-espanol-mallorca,Espanol,17,primera
datahub-football-data,laliga-2024-2025-2024-10-05-espanol-mallorca,Mallorca,90,segunda
datahub-football-data,laliga-2024-2025-2024-10-05-getafe-osasuna,Getafe,80,segunda
datahub-football-data,laliga-2024-2025-2024-10-05-getafe-osasuna,Osasuna,87,segunda
datahub-football-data,laliga-2024-2025-2024-10-05-las-palmas-celta,Celta,51,segunda
datahub-football-data,laliga-2024-2025-2024-10-05-real-madrid-villarreal,Real Madrid,16,primera
datahub-football-data,laliga-2024-2025-2024-10-05-real-madrid-villarreal,Real Madrid,28,primera
datahub-football-data,laliga-2024-2025-2024-10-05-valladolid-vallecano,Valladolid,51,segunda
datahub-football-data,laliga-2024-2025-2024-10-05-valladolid-vallecano,Vallecano,63,segunda
datahub-football-data,laliga-2024-2025-2024-10-05-valladolid-vallecano,Vallecano,74,segunda
datahub-football-data,laliga-2024-2025-2024-10-06-alaves-barcelona,Barcelona,28,primera
datahub-football-data,laliga-2024-2025-2024-10-06-alaves-barcelona,Barcelona,38,primera
datahub-football-data,laliga-2024-2025-2024-10-06-alaves-barcelona,Barcelona,54,segunda
datahub-football-data,laliga-2024-2025-2024-10-06-girona-ath-bilbao,Girona,8,primera
datahub-football-data,laliga-2024-2025-2024-10-06-girona-ath-bilbao,Girona,80,segunda
datahub-football-data,laliga-2024-2025-2024-10-06-girona-ath-bilbao,Ath Bilbao,87,segunda
datahub-football-data,laliga-2024-2025-2024-10-06-sevilla-betis,Sevilla,31,primera
datahub-football-data,laliga-2024-2025-2024-10-06-sociedad-ath-madrid,Sociedad,28,primera
datahub-football-data,laliga-2024-2025-2024-10-06-sociedad-ath-madrid,Ath Madrid,38,primera
datahub-football-data,laliga-2024-2025-2024-10-18-alaves-valladolid,Alaves,8,primera
datahub-football-data,laliga-2024-2025-2024-10-18-alaves-valladolid,Alaves,19,primera
datahub-football-data,laliga-2024-2025-2024-10-18-alaves-valladolid,Valladolid,31,primera
datahub-football-data,laliga-2024-2025-2024-10-18-alaves-valladolid,Valladolid,36,primera
datahub-football-data,laliga-2024-2025-2024-10-18-alaves-valladolid,Valladolid,52,segunda
datahub-football-data,laliga-2024-2025-2024-10-19-ath-bilbao-espanol,Ath Bilbao,7,primera
datahub-football-data,laliga-2024-2025-2024-10-19-ath-bilbao-espanol,Ath Bilbao,18,primera
datahub-football-data,laliga-2024-2025-2024-10-19-ath-bilbao-espanol,Ath Bilbao,75,segunda
datahub-football-data,laliga-2024-2025-2024-10-19-ath-bilbao-espanol,Ath Bilbao,84,segunda
datahub-football-data,laliga-2024-2025-2024-10-19-ath-bilbao-espanol,Espanol,86,segunda
datahub-football-data,laliga-2024-2025-2024-10-19-celta-real-madrid,Celta,52,segunda
datahub-football-data,laliga-2024-2025-2024-10-19-celta-real-madrid,Real Madrid,64,segunda
datahub-football-data,laliga-2024-2025-2024-10-19-celta-real-madrid,Real Madrid,75,segunda
datahub-football-data,laliga-2024-2025-2024-10-19-girona-sociedad,Sociedad,51,segunda
datahub-football-data,laliga-2024-2025-2024-10-19-osasuna-betis,Osasuna,7,primera
datahub-football-data,laliga-2024-2025-2024-10-19-osasuna-betis,Betis,18,primera
datahub-football-data,laliga-2024-2025-2024-10-19-osasuna-betis,Betis,86,segunda
datahub-football-data,laliga-2024-2025-2024-10-20-ath-madrid-leganes,Ath Madrid,27,primera
datahub-football-data,laliga-2024-2025-2024-10-20-ath-madrid-leganes,Ath Madrid,37,primera
datahub-football-data,laliga-2024-2025-2024-10-20-ath-madrid-leganes,Ath Madrid,53,segunda
datahub-football-data,laliga-2024-2025-2024-10-20-ath-madrid-leganes,Leganes,65,segunda
datahub-football-data,laliga-2024-2025-2024-10-20-barcelona-sevilla,Barcelona,20,primera
datahub-football-data,laliga-2024-2025-2024-10-20-barcelona-sevilla,Barcelona,27,primera
datahub-football-data,laliga-2024-2025-2024-10-20-barcelona-sevilla,Barcelona,37,primera
datahub-football-data,laliga-2024-2025-2024-10-20-barcelona-sevilla,Barcelona,53,segunda
datahub-football-data,laliga-2024-2025-2024-10-20-barcelona-sevilla,Barcelona,65,segunda
datahub-football-data,laliga-2024-2025-2024-10-20-barcelona-sevilla,Sevilla,76,segunda
datahub-football-data,laliga-2024-2025-2024-10-20-mallorca-vallecano,Mallorca,89,segunda
datahub-football-data,laliga-2024-2025-2024-10-20-villarreal-getafe,Villarreal,39,primera
datahub-football-data,laliga-2024-2025-2024-10-20-villarreal-getafe,Getafe,55,segunda
datahub-football-data,laliga-2024-2025-2024-10-21-valencia-las-palmas,Valencia,6,primera
datahub-football-data,laliga-2024-2025-2024-10-21-valencia-las-palmas,Valencia,17,primera
datahub-football-data,laliga-2024-2025-2024-10-21-valencia-las-palmas,Las Palmas,29,primera
datahub-football-data,laliga-2024-2025-2024-10-21-valencia-las-palmas,Las Palmas,39,primera
datahub-football-data,laliga-2024-2025-2024-10-21-valencia-las-palmas,Las Palmas,55,segunda
datahub-football-data,laliga-2024-2025-2024-10-25-espanol-sevilla,Sevilla,31,primera
datahub-football-data,laliga-2024-2025-2024-10-25-espanol-sevilla,Sevilla,36,primera
datahub-football-data,laliga-2024-2025-2024-10-26-las-palmas-girona,Las Palmas,90,segunda
datahub-football-data,laliga-2024-2025-2024-10-26-real-madrid-barcelona,Barcelona,7,primera
datahub-football-data,laliga-2024-2025-2024-10-26-real-madrid-barcelona,Barcelona,18,primera
datahub-football-data,laliga-2024-2025-2024-10-26-real-madrid-barcelona,Barcelona,30,primera
datahub-football-data,laliga-2024-2025-2024-10-26-real-madrid-barcelona,Barcelona,40,primera
datahub-football-data,laliga-2024-2025-2024-10-26-valladolid-villarreal,Valladolid,9,primera
datahub-football-data,laliga-2024-2025-2024-10-26-valladolid-villarreal,Villarreal,20,primera
datahub-football-data,laliga-2024-2025-2024-10-26-valladolid-villarreal,Villarreal,88,segunda
datahub-football-data,laliga-2024-2025-2024-10-26-vallecano-alaves,Vallecano,28,primera
datahub-football-data,laliga-2024-2025-2024-10-27-betis-ath-madrid,Betis,37,primera
datahub-football-data,laliga-2024-2025-2024-10-27-getafe-valencia,Getafe,20,primera
datahub-football-data,laliga-2024-2025-2024-10-27-getafe-valencia,Valencia,27,primera
datahub-football-data,laliga-2024-2025-2024-10-27-leganes-celta,Leganes,75,segunda
datahub-football-data,laliga-2024-2025-2024-10-27-leganes-celta,Leganes,84,segunda
datahub-football-data,laliga-2024-2025-2024-10-27-leganes-celta,Leganes,86,segunda
datahub-football-data,laliga-2024-2025-2024-10-27-sociedad-osasuna,Osasuna,20,primera
datahub-football-data,laliga-2024-2025-2024-10-27-sociedad-osasuna,Osasuna,27,primera
datahub-football-data,laliga-2024-2025-2024-11-01-alaves-mallorca,Alaves,65,segunda
datahub-football-data,laliga-2024-2025-2024-11-02-girona-leganes,Girona,7,primera
datahub-football-data,laliga-2024-2025-2024-11-02-girona-leganes,Girona,18,primera
datahub-football-data,laliga-2024-2025-2024-11-02-girona-leganes,Girona,30,primera
datahub-football-data,laliga-2024-2025-2024-11-02-girona-leganes,Girona,40,primera
datahub-football-data,laliga-2024-2025-2024-11-02-girona-leganes,Leganes,51,segunda
datahub-football-data,laliga-2024-2025-2024-11-02-girona-leganes,Leganes,63,segunda
datahub-football-data,laliga-2024-2025-2024-11-02-girona-leganes,Leganes,74,segunda
datahub-football-data,laliga-2024-2025-2024-11-02-osasuna-valladolid,Osasuna,10,primera
datahub-football-data,laliga-2024-2025-2024-11-03-ath-bilbao-betis,Ath Bilbao,81,segunda
datahub-football-data,laliga-2024-2025-2024-11-03-ath-bilbao-betis,Betis,88,segunda
datahub-football-data,laliga-2024-2025-2024-11-03-ath-madrid-las-palmas,Ath Madrid,7,primera
datahub-football-data,laliga-2024-2025-2024-11-03-ath-madrid-las-palmas,Ath Madrid,86,segunda
datahub-football-data,laliga-2024-2025-2024-11-03-barcelona-espanol,Barcelona,7,primera
datahub-football-data,laliga-2024-2025-2024-11-03-barcelona-espanol,Barcelona,18,primera
datahub-football-data,laliga-2024-2025-2024-11-03-barcelona-espanol,Barcelona,84,segunda
datahub-football-data,laliga-2024-2025-2024-11-03-barcelona-espanol,Espanol,86,segunda
datahub-football-data,laliga-2024-2025-2024-11-03-sevilla-sociedad,Sociedad,31,primera
datahub-football-data,laliga-2024-2025-2024-11-03-sevilla-sociedad,Sociedad,36,primera
datahub-football-data,laliga-2024-2025-2024-11-04-celta-getafe,Celta,86,segunda
datahub-football-data,laliga-2024-2025-2024-11-08-vallecano-las-palmas,Vallecano,51,segunda
datahub-football-data,laliga-2024-2025-2024-11-08-vallecano-las-palmas,Las Palmas,63,segunda
datahub-football-data,laliga-2024-2025-2024-11-08-vallecano-las-palmas,Las Palmas,74,segunda
datahub-football-data,laliga-2024-2025-2024-11-08-vallecano-las-palmas,Las Palmas,83,segunda
datahub-football-data,laliga-2024-2025-2024-11-09-leganes-sevilla,Leganes,27,primera
datahub-football-data,laliga-2024-2025-2024-11-09-real-madrid-osasuna,Real Madrid,20,primera
datahub-football-data,laliga-2024-2025-2024-11-09-real-madrid-osasuna,Real Madrid,27,primera
datahub-football-data,laliga-2024-2025-2024-11-09-real-madrid-osasuna,Real Madrid,37,primera
datahub-football-data,laliga-2024-2025-2024-11-09-real-madrid-osasuna,Real Madrid,53,segunda
datahub-football-data,laliga-2024-2025-2024-11-09-villarreal-alaves,Villarreal,38,primera
datahub-football-data,laliga-2024-2025-2024-11-09-villarreal-alaves,Villarreal,54,segunda
datahub-football-data,laliga-2024-2025-2024-11-09-villarreal-alaves,Villarreal,66,segunda
datahub-football-data,laliga-2024-2025-2024-11-10-betis-celta,Betis,7,primera
datahub-football-data,laliga-2024-2025-2024-11-10-betis-celta,Betis,18,primera
datahub-football-data,laliga-2024-2025-2024-11-10-betis-celta,Celta,30,primera
datahub-football-data,laliga-2024-2025-2024-11-10-betis-celta,Celta,40,primera
datahub-football-data,laliga-2024-2025-2024-11-10-getafe-girona,Girona,63,segunda
datahub-football-data,laliga-2024-2025-2024-11-10-mallorca-ath-madrid,Ath Madrid,64,segunda
datahub-football-data,laliga-2024-2025-2024-11-10-sociedad-barcelona,Sociedad,10,primera
datahub-football-data,laliga-2024-2025-2024-11-10-valladolid-ath-bilbao,Valladolid,39,primera
datahub-football-data,laliga-2024-2025-2024-11-10-valladolid-ath-bilbao,Ath Bilbao,55,segunda
datahub-football-data,laliga-2024-2025-2024-11-22-getafe-valladolid,Getafe,16,primera
datahub-football-data,laliga-2024-2025-2024-11-22-getafe-valladolid,Getafe,28,primera
datahub-football-data,laliga-2024-2025-2024-11-23-ath-madrid-alaves,Ath Madrid,10,primera
datahub-football-data,laliga-2024-2025-2024-11-23-ath-madrid-alaves,Ath Madrid,16,primera
datahub-football-data,laliga-2024-2025-2024-11-23-ath-madrid-alaves,Alaves,89,segunda
datahub-football-data,laliga-2024-2025-2024-11-23-celta-barcelona,Celta,38,primera
datahub-football-data,laliga-2024-2025-2024-11-23-celta-barcelona,Celta,54,segunda
datahub-football-data,laliga-2024-2025-2024-11-23-celta-barcelona,Barcelona,66,segunda
datahub-football-data,laliga-2024-2025-2024-11-23-celta-barcelona,Barcelona,72,segunda
datahub-football-data,laliga-2024-2025-2024-11-23-girona-espanol,Girona,8,primera
datahub-football-data,laliga-2024-2025-2024-11-23-girona-espanol,Girona,65,segunda
datahub-football-data,laliga-2024-2025-2024-11-23-girona-espanol,Girona,76,segunda
datahub-football-data,laliga-2024-2025-2024-11-23-girona-espanol,Girona,80,segunda
datahub-football-data,laliga-2024-2025-2024-11-23-girona-espanol,Espanol,87,segunda
datahub-football-data,laliga-2024-2025-2024-11-23-las-palmas-mallorca,Las Palmas,29,primera
datahub-football-data,laliga-2024-2025-2024-11-23-las-palmas-mallorca,Las Palmas,39,primera
datahub-football-data,laliga-2024-2025-2024-11-23-las-palmas-mallorca,Mallorca,55,segunda
datahub-football-data,laliga-2024-2025-2024-11-23-las-palmas-mallorca,Mallorca,62,segunda
datahub-football-data,laliga-2024-2025-2024-11-23-las-palmas-mallorca,Mallorca,73,segunda
datahub-football-data,laliga-2024-2025-2024-11-23-valencia-betis,Valencia,36,primera
datahub-football-data,laliga-2024-2025-2024-11-23-valencia-betis,Valencia,52,segunda
datahub-football-data,laliga-2024-2025-2024-11-23-valencia-betis,Valencia,64,segunda
datahub-football-data,laliga-2024-2025-2024-11-23-valencia-betis,Valencia,75,segunda
datahub-football-data,laliga-2024-2025-2024-11-23-valencia-betis,Betis,84,segunda
datahub-football-data,laliga-2024-2025-2024-11-23-valencia-betis,Betis,86,segunda
datahub-football-data,laliga-2024-2025-2024-11-24-ath-bilbao-sociedad,Ath Bilbao,86,segunda
datahub-football-data,laliga-2024-2025-2024-11-24-leganes-real-madrid,Real Madrid,27,primera
datahub-football-data,laliga-2024-2025-2024-11-24-leganes-real-madrid,Real Madrid,37,primera
datahub-football-data,laliga-2024-2025-2024-11-24-leganes-real-madrid,Real Madrid,53,segunda
datahub-football-data,laliga-2024-2025-2024-11-24-osasuna-villarreal,Osasuna,27,primera
datahub-football-data,laliga-2024-2025-2024-11-24-osasuna-villarreal,Osasuna,37,primera
datahub-football-data,laliga-2024-2025-2024-11-24-osasuna-villarreal,Villarreal,53,segunda
datahub-football-data,laliga-2024-2025-2024-11-24-osasuna-villarreal,Villarreal,65,segunda
datahub-football-data,laliga-2024-2025-2024-11-24-sevilla-vallecano,Sevilla,55,segunda
datahub-football-data,laliga-2024-2025-2024-11-29-mallorca-valencia,Mallorca,62,segunda
datahub-football-data,laliga-2024-2025-2024-11-29-mallorca-valencia,Mallorca,73,segunda
datahub-football-data,laliga-2024-2025-2024-11-29-mallorca-valencia,Valencia,82,segunda
datahub-football-data,laliga-2024-2025-2024-11-30-alaves-leganes,Alaves,30,primera
datahub-football-data,laliga-2024-2025-2024-11-30-alaves-leganes,Leganes,40,primera
datahub-football-data,laliga-2024-2025-2024-11-30-barcelona-las-palmas,Barcelona,39,primera
datahub-football-data,laliga-2024-2025-2024-11-30-barcelona-las-palmas,Las Palmas,55,segunda
datahub-football-data,laliga-2024-2025-2024-11-30-barcelona-las-palmas,Las Palmas,62,segunda
datahub-football-data,laliga-2024-2025-2024-11-30-espanol-celta,Espanol,10,primera
datahub-football-data,laliga-2024-2025-2024-11-30-espanol-celta,Espanol,73,segunda
datahub-football-data,laliga-2024-2025-2024-11-30-espanol-celta,Espanol,82,segunda
datahub-football-data,laliga-2024-2025-2024-11-30-espanol-celta,Celta,89,segunda
datahub-football-data,laliga-2024-2025-2024-11-30-valladolid-ath-madrid,Ath Madrid,19,primera
datahub-football-data,laliga-2024-2025-2024-11-30-valladolid-ath-madrid,Ath Madrid,31,primera
datahub-football-data,laliga-2024-2025-2024-11-30-valladolid-ath-madrid,Ath Madrid,36,primera
datahub-football-data,laliga-2024-2025-2024-11-30-valladolid-ath-madrid,Ath Madrid,52,segunda
datahub-football-data,laliga-2024-2025-2024-11-30-valladolid-ath-madrid,Ath Madrid,64,segunda
datahub-football-data,laliga-2024-2025-2024-12-01-real-madrid-getafe,Real Madrid,72,segunda
datahub-football-data,laliga-2024-2025-2024-12-01-real-madrid-getafe,Real Madrid,81,segunda
datahub-football-data,laliga-2024-2025-2024-12-01-sociedad-betis,Sociedad,73,segunda
datahub-football-data,laliga-2024-2025-2024-12-01-sociedad-betis,Sociedad,82,segunda
datahub-football-data,laliga-2024-2025-2024-12-01-vallecano-ath-bilbao,Vallecano,75,segunda
datahub-football-data,laliga-2024-2025-2024-12-01-vallecano-ath-bilbao,Ath Bilbao,84,segunda
datahub-football-data,laliga-2024-2025-2024-12-01-vallecano-ath-bilbao,Ath Bilbao,86,segunda
datahub-football-data,laliga-2024-2025-2024-12-01-villarreal-girona,Villarreal,6,primera
datahub-football-data,laliga-2024-2025-2024-12-01-villarreal-girona,Villarreal,74,segunda
datahub-football-data,laliga-2024-2025-2024-12-01-villarreal-girona,Girona,83,segunda
datahub-football-data,laliga-2024-2025-2024-12-01-villarreal-girona,Girona,90,segunda
datahub-football-data,laliga-2024-2025-2024-12-02-sevilla-osasuna,Sevilla,30,primera
datahub-football-data,laliga-2024-2025-2024-12-02-sevilla-osasuna,Osasuna,40,primera
datahub-football-data,laliga-2024-2025-2024-12-03-mallorca-barcelona,Mallorca,37,primera
datahub-football-data,laliga-2024-2025-2024-12-03-mallorca-barcelona,Barcelona,53,segunda
datahub-football-data,laliga-2024-2025-2024-12-03-mallorca-barcelona,Barcelona,65,segunda
datahub-football-data,laliga-2024-2025-2024-12-03-mallorca-barcelona,Barcelona,76,segunda
datahub-football-data,laliga-2024-2025-2024-12-03-mallorca-barcelona,Barcelona,80,segunda
datahub-football-data,laliga-2024-2025-2024-12-03-mallorca-barcelona,Barcelona,87,segunda
datahub-football-data,laliga-2024-2025-2024-12-04-ath-bilbao-real-madrid,Ath Bilbao,19,primera
datahub-football-data,laliga-2024-2025-2024-12-04-ath-bilbao-real-madrid,Ath Bilbao,31,primera
datahub-football-data,laliga-2024-2025-2024-12-04-ath-bilbao-real-madrid,Real Madrid,36,primera
datahub-football-data,laliga-2024-2025-2024-12-06-celta-mallorca,Celta,83,segunda
datahub-football-data,laliga-2024-2025-2024-12-06-celta-mallorca,Celta,90,segunda
datahub-football-data,laliga-2024-2025-2024-12-07-betis-barcelona,Betis,52,segunda
datahub-football-data,laliga-2024-2025-2024-12-07-betis-barcelona,Betis,64,segunda
datahub-football-data,laliga-2024-2025-2024-12-07-betis-barcelona,Barcelona,75,segunda
datahub-football-data,laliga-2024-2025-2024-12-07-betis-barcelona,Barcelona,84,segunda
datahub-football-data,laliga-2024-2025-2024-12-07-girona-real-madrid,Real Madrid,39,primera
datahub-football-data,laliga-2024-2025-2024-12-07-girona-real-madrid,Real Madrid,55,segunda
datahub-football-data,laliga-2024-2025-2024-12-07-girona-real-madrid,Real Madrid,62,segunda
datahub-football-data,laliga-2024-2025-2024-12-07-las-palmas-valladolid,Las Palmas,30,primera
datahub-football-data,laliga-2024-2025-2024-12-07-las-palmas-valladolid,Las Palmas,40,primera
datahub-football-data,laliga-2024-2025-2024-12-07-las-palmas-valladolid,Valladolid,51,segunda
datahub-football-data,laliga-2024-2025-2024-12-07-valencia-vallecano,Vallecano,30,primera
datahub-football-data,laliga-2024-2025-2024-12-08-ath-bilbao-villarreal,Ath Bilbao,18,primera
datahub-football-data,laliga-2024-2025-2024-12-08-ath-bilbao-villarreal,Ath Bilbao,30,primera
datahub-football-data,laliga-2024-2025-2024-12-08-ath-madrid-sevilla,Ath Madrid,7,primera
datahub-football-data,laliga-2024-2025-2024-12-08-ath-madrid-sevilla,Ath Madrid,18,primera
datahub-football-data,laliga-2024-2025-2024-12-08-ath-madrid-sevilla,Ath Madrid,30,primera
datahub-football-data,laliga-2024-2025-2024-12-08-ath-madrid-sevilla,Ath Madrid,40,primera
datahub-football-data,laliga-2024-2025-2024-12-08-ath-madrid-sevilla,Sevilla,51,segunda
datahub-football-data,laliga-2024-2025-2024-12-08-ath-madrid-sevilla,Sevilla,63,segunda
datahub-football-data,laliga-2024-2025-2024-12-08-ath-madrid-sevilla,Sevilla,86,segunda
datahub-football-data,laliga-2024-2025-2024-12-08-leganes-sociedad,Sociedad,16,primera
datahub-football-data,laliga-2024-2025-2024-12-08-leganes-sociedad,Sociedad,28,primera
datahub-football-data,laliga-2024-2025-2024-12-08-leganes-sociedad,Sociedad,38,primera
datahub-football-data,laliga-2024-2025-2024-12-08-osasuna-alaves,Osasuna,37,primera
datahub-football-data,laliga-2024-2025-2024-12-08-osasuna-alaves,Osasuna,53,segunda
datahub-football-data,laliga-2024-2025-2024-12-08-osasuna-alaves,Alaves,65,segunda
datahub-football-data,laliga-2024-2025-2024-12-08-osasuna-alaves,Alaves,76,segunda
datahub-football-data,laliga-2024-2025-2024-12-09-getafe-espanol,Getafe,72,segunda
datahub-football-data,laliga-2024-2025-2024-12-13-valladolid-valencia,Valladolid,90,segunda
datahub-football-data,laliga-2024-2025-2024-12-14-mallorca-girona,Mallorca,9,primera
datahub-football-data,laliga-2024-2025-2024-12-14-mallorca-girona,Mallorca,81,segunda
datahub-football-data,laliga-2024-2025-2024-12-14-mallorca-girona,Girona,88,segunda
datahub-football-data,laliga-2024-2025-2024-12-14-sevilla-celta,Sevilla,75,segunda
datahub-football-data,laliga-2024-2025-2024-12-14-vallecano-real-madrid,Vallecano,6,primera
datahub-football-data,laliga-2024-2025-2024-12-14-vallecano-real-madrid,Vallecano,51,segunda
datahub-football-data,laliga-2024-2025-2024-12-14-vallecano-real-madrid,Vallecano,63,segunda
datahub-football-data,laliga-2024-2025-2024-12-14-vallecano-real-madrid,Real Madrid,74,segunda
datahub-football-data,laliga-2024-2025-2024-12-14-vallecano-real-madrid,Real Madrid,83,segunda
datahub-football-data,laliga-2024-2025-2024-12-14-vallecano-real-madrid,Real Madrid,90,segunda
datahub-football-data,laliga-2024-2025-2024-12-15-alaves-ath-bilbao,Alaves,17,primera
datahub-football-data,laliga-2024-2025-2024-12-15-alaves-ath-bilbao,Ath Bilbao,29,primera
datahub-football-data,laliga-2024-2025-2024-12-15-ath-madrid-getafe,Ath Madrid,19,primera
datahub-football-data,laliga-2024-2025-2024-12-15-barcelona-leganes,Leganes,66,segunda
datahub-football-data,laliga-2024-2025-2024-12-15-villarreal-betis,Villarreal,7,primera
datahub-football-data,laliga-2024-2025-2024-12-15-villarreal-betis,Betis,18,primera
datahub-football-data,laliga-2024-2025-2024-12-15-villarreal-betis,Betis,30,primera
datahub-football-data,laliga-2024-2025-2024-12-18-espanol-valencia,Espanol,51,segunda
datahub-football-data,laliga-2024-2025-2024-12-18-espanol-valencia,Valencia,63,segunda
datahub-football-data,laliga-2024-2025-2024-12-18-villarreal-vallecano,Villarreal,62,segunda
datahub-football-data,laliga-2024-2025-2024-12-18-villarreal-vallecano,Vallecano,73,segunda
datahub-football-data,laliga-2024-2025-2024-12-20-girona-valladolid,Girona,27,primera
datahub-football-data,laliga-2024-2025-2024-12-20-girona-valladolid,Girona,37,primera
datahub-football-data,laliga-2024-2025-2024-12-20-girona-valladolid,Girona,53,segunda
datahub-football-data,laliga-2024-2025-2024-12-21-barcelona-ath-madrid,Barcelona,52,segunda
datahub-football-data,laliga-2024-2025-2024-12-21-barcelona-ath-madrid,Ath Madrid,64,segunda
datahub-football-data,laliga-2024-2025-2024-12-21-barcelona-ath-madrid,Ath Madrid,75,segunda
datahub-football-data,laliga-2024-2025-2024-12-21-celta-sociedad,Celta,28,primera
datahub-football-data,laliga-2024-2025-2024-12-21-celta-sociedad,Celta,38,primera
datahub-football-data,laliga-2024-2025-2024-12-21-getafe-mallorca,Mallorca,72,segunda
datahub-football-data,laliga-2024-2025-2024-12-21-osasuna-ath-bilbao,Osasuna,7,primera
datahub-football-data,laliga-2024-2025-2024-12-21-osasuna-ath-bilbao,Ath Bilbao,18,primera
datahub-football-data,laliga-2024-2025-2024-12-21-osasuna-ath-bilbao,Ath Bilbao,86,segunda
datahub-football-data,laliga-2024-2025-2024-12-22-betis-vallecano,Betis,9,primera
datahub-football-data,laliga-2024-2025-2024-12-22-betis-vallecano,Vallecano,88,segunda
datahub-football-data,laliga-2024-2025-2024-12-22-las-palmas-espanol,Las Palmas,64,segunda
datahub-football-data,laliga-2024-2025-2024-12-22-leganes-villarreal,Leganes,9,primera
datahub-football-data,laliga-2024-2025-2024-12-22-leganes-villarreal,Leganes,38,primera
datahub-football-data,laliga-2024-2025-2024-12-22-leganes-villarreal,Villarreal,54,segunda
datahub-football-data,laliga-2024-2025-2024-12-22-leganes-villarreal,Villarreal,66,segunda
datahub-football-data,laliga-2024-2025-2024-12-22-leganes-villarreal,Villarreal,72,segunda
datahub-football-data,laliga-2024-2025-2024-12-22-leganes-villarreal,Villarreal,81,segunda
datahub-football-data,laliga-2024-2025-2024-12-22-leganes-villarreal,Villarreal,88,segunda
datahub-football-data,laliga-2024-2025-2024-12-22-real-madrid-sevilla,Real Madrid,28,primera
datahub-football-data,laliga-2024-2025-2024-12-22-real-madrid-sevilla,Real Madrid,38,primera
datahub-football-data,laliga-2024-2025-2024-12-22-real-madrid-sevilla,Real Madrid,54,segunda
datahub-football-data,laliga-2024-2025-2024-12-22-real-madrid-sevilla,Real Madrid,66,segunda
datahub-football-data,laliga-2024-2025-2024-12-22-real-madrid-sevilla,Sevilla,72,segunda
datahub-football-data,laliga-2024-2025-2024-12-22-real-madrid-sevilla,Sevilla,81,segunda
datahub-football-data,laliga-2024-2025-2024-12-22-valencia-alaves,Valencia,9,primera
datahub-football-data,laliga-2024-2025-2024-12-22-valencia-alaves,Valencia,72,segunda
datahub-football-data,laliga-2024-2025-2024-12-22-valencia-alaves,Alaves,81,segunda
datahub-football-data,laliga-2024-2025-2024-12-22-valencia-alaves,Alaves,88,segunda
datahub-football-data,laliga-2024-2025-2025-01-03-valencia-real-madrid,Valencia,8,primera
datahub-football-data,laliga-2024-2025-2025-01-03-valencia-real-madrid,Real Madrid,80,segunda
datahub-football-data,laliga-2024-2025-2025-01-03-valencia-real-madrid,Real Madrid,87,segunda
datahub-football-data,laliga-2024-2025-2025-01-10-vallecano-celta,Vallecano,36,primera
datahub-football-data,laliga-2024-2025-2025-01-10-vallecano-celta,Vallecano,52,segunda
datahub-football-data,laliga-2024-2025-2025-01-10-vallecano-celta,Celta,64,segunda
datahub-football-data,laliga-2024-2025-2025-01-11-alaves-girona,Girona,51,segunda
datahub-football-data,laliga-2024-2025-2025-01-11-espanol-leganes,Espanol,8,primera
datahub-football-data,laliga-2024-2025-2025-01-11-espanol-leganes,Leganes,87,segunda
datahub-football-data,laliga-2024-2025-2025-01-11-sevilla-valencia,Sevilla,19,primera
datahub-football-data,laliga-2024-2025-2025-01-11-sevilla-valencia,Valencia,31,primera
datahub-football-data,laliga-2024-2025-2025-01-11-valladolid-betis,Valladolid,20,primera
datahub-football-data,laliga-2024-2025-2025-01-12-ath-madrid-osasuna,Ath Madrid,86,segunda
datahub-football-data,laliga-2024-2025-2025-01-12-las-palmas-getafe,Las Palmas,38,primera
datahub-football-data,laliga-2024-2025-2025-01-12-las-palmas-getafe,Getafe,54,segunda
datahub-football-data,laliga-2024-2025-2025-01-12-las-palmas-getafe,Getafe,66,segunda
datahub-football-data,laliga-2024-2025-2025-01-13-sociedad-villarreal,Sociedad,80,segunda
datahub-football-data,laliga-2024-2025-2025-01-17-espanol-valladolid,Espanol,6,primera
datahub-football-data,laliga-2024-2025-2025-01-17-espanol-valladolid,Espanol,17,primera
datahub-football-data,laliga-2024-2025-2025-01-17-espanol-valladolid,Valladolid,90,segunda
datahub-football-data,laliga-2024-2025-2025-01-18-betis-alaves,Betis,65,segunda
datahub-football-data,laliga-2024-2025-2025-01-18-betis-alaves,Alaves,76,segunda
datahub-football-data,laliga-2024-2025-2025-01-18-betis-alaves,Alaves,80,segunda
datahub-football-data,laliga-2024-2025-2025-01-18-betis-alaves,Alaves,87,segunda
datahub-football-data,laliga-2024-2025-2025-01-18-getafe-barcelona,Getafe,75,segunda
datahub-football-data,laliga-2024-2025-2025-01-18-getafe-barcelona,Barcelona,84,segunda
datahub-football-data,laliga-2024-2025-2025-01-18-girona-sevilla,Girona,73,segunda
datahub-football-data,laliga-2024-2025-2025-01-18-girona-sevilla,Sevilla,82,segunda
datahub-football-data,laliga-2024-2025-2025-01-18-girona-sevilla,Sevilla,89,segunda
datahub-football-data,laliga-2024-2025-2025-01-18-leganes-ath-madrid,Leganes,86,segunda
datahub-football-data,laliga-2024-2025-2025-01-19-celta-ath-bilbao,Celta,66,segunda
datahub-football-data,laliga-2024-2025-2025-01-19-celta-ath-bilbao,Ath Bilbao,72,segunda
datahub-football-data,laliga-2024-2025-2025-01-19-celta-ath-bilbao,Ath Bilbao,81,segunda
datahub-football-data,laliga-2024-2025-2025-01-19-osasuna-vallecano,Osasuna,63,segunda
datahub-football-data,laliga-2024-2025-2025-01-19-osasuna-vallecano,Vallecano,74,segunda
datahub-football-data,laliga-2024-2025-2025-01-19-real-madrid-las-palmas,Real Madrid,6,primera
datahub-football-data,laliga-2024-2025-2025-01-19-real-madrid-las-palmas,Real Madrid,17,primera
datahub-football-data,laliga-2024-2025-2025-01-19-real-madrid-las-palmas,Real Madrid,29,primera
datahub-football-data,laliga-2024-2025-2025-01-19-real-madrid-las-palmas,Real Madrid,39,primera
datahub-football-data,laliga-2024-2025-2025-01-19-real-madrid-las-palmas,Las Palmas,90,segunda
datahub-football-data,laliga-2024-2025-2025-01-19-valencia-sociedad,Valencia,89,segunda
datahub-football-data,laliga-2024-2025-2025-01-20-villarreal-mallorca,Villarreal,10,primera
datahub-football-data,laliga-2024-2025-2025-01-20-villarreal-mallorca,Villarreal,16,primera
datahub-football-data,laliga-2024-2025-2025-01-20-villarreal-mallorca,Villarreal,28,primera
datahub-football-data,laliga-2024-2025-2025-01-20-villarreal-mallorca,Villarreal,38,primera
datahub-football-data,laliga-2024-2025-2025-01-24-las-palmas-osasuna,Las Palmas,53,segunda
datahub-football-data,laliga-2024-2025-2025-01-24-las-palmas-osasuna,Osasuna,65,segunda
datahub-football-data,laliga-2024-2025-2025-01-25-ath-madrid-villarreal,Ath Madrid,6,primera
datahub-football-data,laliga-2024-2025-2025-01-25-ath-madrid-villarreal,Villarreal,17,primera
datahub-football-data,laliga-2024-2025-2025-01-25-mallorca-betis,Betis,9,primera
datahub-football-data,laliga-2024-2025-2025-01-25-sevilla-espanol,Sevilla,6,primera
datahub-football-data,laliga-2024-2025-2025-01-25-sevilla-espanol,Espanol,90,segunda
datahub-football-data,laliga-2024-2025-2025-01-25-valladolid-real-madrid,Real Madrid,74,segunda
datahub-football-data,laliga-2024-2025-2025-01-25-valladolid-real-madrid,Real Madrid,83,segunda
datahub-football-data,laliga-2024-2025-2025-01-25-valladolid-real-madrid,Real Madrid,90,segunda
datahub-football-data,laliga-2024-2025-2025-01-26-barcelona-valencia,Barcelona,9,primera
datahub-football-data,laliga-2024-2025-2025-01-26-barcelona-valencia,Barcelona,20,primera
datahub-football-data,laliga-2024-2025-2025-01-26-barcelona-valencia,Barcelona,38,primera
datahub-football-data,laliga-2024-2025-2025-01-26-barcelona-valencia,Barcelona,54,segunda
datahub-football-data,laliga-2024-2025-2025-01-26-barcelona-valencia,Barcelona,66,segunda
datahub-football-data,laliga-2024-2025-2025-01-26-barcelona-valencia,Barcelona,72,segunda
datahub-football-data,laliga-2024-2025-2025-01-26-barcelona-valencia,Barcelona,81,segunda
datahub-football-data,laliga-2024-2025-2025-01-26-barcelona-valencia,Valencia,88,segunda
datahub-football-data,laliga-2024-2025-2025-01-26-sociedad-getafe,Getafe,63,segunda
datahub-football-data,laliga-2024-2025-2025-01-26-sociedad-getafe,Getafe,74,segunda
datahub-football-data,laliga-2024-2025-2025-01-26-sociedad-getafe,Getafe,83,segunda
datahub-football-data,laliga-2024-2025-2025-01-26-vallecano-girona,Vallecano,7,primera
datahub-football-data,laliga-2024-2025-2025-01-26-vallecano-girona,Vallecano,84,segunda
datahub-football-data,laliga-2024-2025-2025-01-26-vallecano-girona,Girona,86,segunda
datahub-football-data,laliga-2024-2025-2025-01-27-alaves-celta,Alaves,63,segunda
datahub-football-data,laliga-2024-2025-2025-01-27-alaves-celta,Celta,74,segunda
datahub-football-data,laliga-2024-2025-2025-01-31-leganes-vallecano,Vallecano,81,segunda
datahub-football-data,laliga-2024-2025-2025-02-01-ath-madrid-mallorca,Ath Madrid,72,segunda
datahub-football-data,laliga-2024-2025-2025-02-01-ath-madrid-mallorca,Ath Madrid,81,segunda
datahub-football-data,laliga-2024-2025-2025-02-01-espanol-real-madrid,Espanol,82,segunda
datahub-football-data,laliga-2024-2025-2025-02-01-villarreal-valladolid,Villarreal,17,primera
datahub-football-data,laliga-2024-2025-2025-02-01-villarreal-valladolid,Villarreal,29,primera
datahub-football-data,laliga-2024-2025-2025-02-01-villarreal-valladolid,Villarreal,39,primera
datahub-football-data,laliga-2024-2025-2025-02-01-villarreal-valladolid,Villarreal,55,segunda
datahub-football-data,laliga-2024-2025-2025-02-01-villarreal-valladolid,Villarreal,62,segunda
datahub-football-data,laliga-2024-2025-2025-02-01-villarreal-valladolid,Valladolid,73,segunda
datahub-football-data,laliga-2024-2025-2025-02-02-barcelona-alaves,Barcelona,39,primera
datahub-football-data,laliga-2024-2025-2025-02-02-betis-ath-bilbao,Betis,10,primera
datahub-football-data,laliga-2024-2025-2025-02-02-betis-ath-bilbao,Betis,16,primera
datahub-football-data,laliga-2024-2025-2025-02-02-betis-ath-bilbao,Ath Bilbao,28,primera
datahub-football-data,laliga-2024-2025-2025-02-02-betis-ath-bilbao,Ath Bilbao,38,primera
datahub-football-data,laliga-2024-2025-2025-02-02-osasuna-sociedad,Osasuna,8,primera
datahub-football-data,laliga-2024-2025-2025-02-02-osasuna-sociedad,Osasuna,19,primera
datahub-football-data,laliga-2024-2025-2025-02-02-osasuna-sociedad,Sociedad,87,segunda
datahub-football-data,laliga-2024-2025-2025-02-02-valencia-celta,Valencia,18,primera
datahub-football-data,laliga-2024-2025-2025-02-02-valencia-celta,Valencia,30,primera
datahub-football-data,laliga-2024-2025-2025-02-02-valencia-celta,Celta,40,primera
datahub-football-data,laliga-2024-2025-2025-02-03-girona-las-palmas,Girona,63,segunda
datahub-football-data,laliga-2024-2025-2025-02-03-girona-las-palmas,Girona,74,segunda
datahub-football-data,laliga-2024-2025-2025-02-03-girona-las-palmas,Las Palmas,83,segunda
datahub-football-data,laliga-2024-2025-2025-02-07-vallecano-valladolid,Vallecano,87,segunda
datahub-football-data,laliga-2024-2025-2025-02-08-ath-bilbao-girona,Ath Bilbao,17,primera
datahub-football-data,laliga-2024-2025-2025-02-08-ath-bilbao-girona,Ath Bilbao,29,primera
datahub-football-data,laliga-2024-2025-2025-02-08-ath-bilbao-girona,Ath Bilbao,39,primera
datahub-football-data,laliga-2024-2025-2025-02-08-celta-betis,Celta,51,segunda
datahub-football-data,laliga-2024-2025-2025-02-08-celta-betis,Celta,63,segunda
datahub-football-data,laliga-2024-2025-2025-02-08-celta-betis,Celta,74,segunda
datahub-football-data,laliga-2024-2025-2025-02-08-celta-betis,Betis,83,segunda
datahub-football-data,laliga-2024-2025-2025-02-08-celta-betis,Betis,90,segunda
datahub-football-data,laliga-2024-2025-2025-02-08-las-palmas-villarreal,Las Palmas,9,primera
datahub-football-data,laliga-2024-2025-2025-02-08-las-palmas-villarreal,Villarreal,20,primera
datahub-football-data,laliga-2024-2025-2025-02-08-las-palmas-villarreal,Villarreal,88,segunda
datahub-football-data,laliga-2024-2025-2025-02-08-real-madrid-ath-madrid,Real Madrid,55,segunda
datahub-football-data,laliga-2024-2025-2025-02-08-real-madrid-ath-madrid,Ath Madrid,62,segunda
datahub-football-data,laliga-2024-2025-2025-02-09-alaves-getafe,Getafe,54,segunda
datahub-football-data,laliga-2024-2025-2025-02-09-sevilla-barcelona,Sevilla,38,primera
datahub-football-data,laliga-2024-2025-2025-02-09-sevilla-barcelona,Barcelona,54,segunda
datahub-football-data,laliga-2024-2025-2025-02-09-sevilla-barcelona,Barcelona,66,segunda
datahub-football-data,laliga-2024-2025-2025-02-09-sevilla-barcelona,Barcelona,72,segunda
datahub-football-data,laliga-2024-2025-2025-02-09-sevilla-barcelona,Barcelona,81,segunda
datahub-football-data,laliga-2024-2025-2025-02-09-sociedad-espanol,Sociedad,72,segunda
datahub-football-data,laliga-2024-2025-2025-02-09-sociedad-espanol,Sociedad,81,segunda
datahub-football-data,laliga-2024-2025-2025-02-09-sociedad-espanol,Espanol,88,segunda
datahub-football-data,laliga-2024-2025-2025-02-09-valencia-leganes,Valencia,38,primera
datahub-football-data,laliga-2024-2025-2025-02-09-valencia-leganes,Valencia,54,segunda
datahub-football-data,laliga-2024-2025-2025-02-10-mallorca-osasuna,Mallorca,51,segunda
datahub-football-data,laliga-2024-2025-2025-02-10-mallorca-osasuna,Osasuna,63,segunda
datahub-football-data,laliga-2024-2025-2025-02-14-girona-getafe,Girona,64,segunda
datahub-football-data,laliga-2024-2025-2025-02-14-girona-getafe,Getafe,75,segunda
datahub-football-data,laliga-2024-2025-2025-02-14-girona-getafe,Getafe,84,segunda
datahub-football-data,laliga-2024-2025-2025-02-15-ath-madrid-celta,Ath Madrid,83,segunda
datahub-football-data,laliga-2024-2025-2025-02-15-ath-madrid-celta,Celta,90,segunda
datahub-football-data,laliga-2024-2025-2025-02-15-leganes-alaves,Leganes,7,primera
datahub-football-data,laliga-2024-2025-2025-02-15-leganes-alaves,Leganes,18,primera
datahub-football-data,laliga-2024-2025-2025-02-15-leganes-alaves,Leganes,30,primera
datahub-football-data,laliga-2024-2025-2025-02-15-leganes-alaves,Alaves,40,primera
datahub-football-data,laliga-2024-2025-2025-02-15-leganes-alaves,Alaves,51,segunda
datahub-football-data,laliga-2024-2025-2025-02-15-leganes-alaves,Alaves,63,segunda
datahub-football-data,laliga-2024-2025-2025-02-15-osasuna-real-madrid,Osasuna,62,segunda
datahub-football-data,laliga-2024-2025-2025-02-15-osasuna-real-madrid,Real Madrid,73,segunda
datahub-football-data,laliga-2024-2025-2025-02-15-villarreal-valencia,Villarreal,51,segunda
datahub-football-data,laliga-2024-2025-2025-02-15-villarreal-valencia,Valencia,63,segunda
datahub-football-data,laliga-2024-2025-2025-02-16-betis-sociedad,Betis,28,primera
datahub-football-data,laliga-2024-2025-2025-02-16-betis-sociedad,Betis,38,primera
datahub-football-data,laliga-2024-2025-2025-02-16-betis-sociedad,Betis,54,segunda
datahub-football-data,laliga-2024-2025-2025-02-16-espanol-ath-bilbao,Espanol,16,primera
datahub-football-data,laliga-2024-2025-2025-02-16-espanol-ath-bilbao,Ath Bilbao,28,primera
datahub-football-data,laliga-2024-2025-2025-02-16-mallorca-las-palmas,Mallorca,7,primera
datahub-football-data,laliga-2024-2025-2025-02-16-mallorca-las-palmas,Mallorca,18,primera
datahub-football-data,laliga-2024-2025-2025-02-16-mallorca-las-palmas,Mallorca,30,primera
datahub-football-data,laliga-2024-2025-2025-02-16-mallorca-las-palmas,Las Palmas,86,segunda
datahub-football-data,laliga-2024-2025-2025-02-16-valladolid-sevilla,Sevilla,62,segunda
datahub-football-data,laliga-2024-2025-2025-02-16-valladolid-sevilla,Sevilla,73,segunda
datahub-football-data,laliga-2024-2025-2025-02-16-valladolid-sevilla,Sevilla,82,segunda
datahub-football-data,laliga-2024-2025-2025-02-16-valladolid-sevilla,Sevilla,89,segunda
datahub-football-data,laliga-2024-2025-2025-02-17-barcelona-vallecano,Barcelona,7,primera
datahub-football-data,laliga-2024-2025-2025-02-21-celta-osasuna,Celta,39,primera
datahub-football-data,laliga-2024-2025-2025-02-22-alaves-espanol,Espanol,89,segunda
datahub-football-data,laliga-2024-2025-2025-02-22-las-palmas-barcelona,Barcelona,75,segunda
datahub-football-data,laliga-2024-2025-2025-02-22-las-palmas-barcelona,Barcelona,84,segunda
datahub-football-data,laliga-2024-2025-2025-02-22-valencia-ath-madrid,Ath Madrid,28,primera
datahub-football-data,laliga-2024-2025-2025-02-22-valencia-ath-madrid,Ath Madrid,38,primera
datahub-football-data,laliga-2024-2025-2025-02-22-valencia-ath-madrid,Ath Madrid,54,segunda
datahub-football-data,laliga-2024-2025-2025-02-22-vallecano-villarreal,Villarreal,80,segunda
datahub-football-data,laliga-2024-2025-2025-02-23-ath-bilbao-valladolid,Ath Bilbao,7,primera
datahub-football-data,laliga-2024-2025-2025-02-23-ath-bilbao-valladolid,Ath Bilbao,18,primera
datahub-football-data,laliga-2024-2025-2025-02-23-ath-bilbao-valladolid,Ath Bilbao,30,primera
datahub-football-data,laliga-2024-2025-2025-02-23-ath-bilbao-valladolid,Ath Bilbao,40,primera
datahub-football-data,laliga-2024-2025-2025-02-23-ath-bilbao-valladolid,Ath Bilbao,51,segunda
datahub-football-data,laliga-2024-2025-2025-02-23-ath-bilbao-valladolid,Ath Bilbao,63,segunda
datahub-football-data,laliga-2024-2025-2025-02-23-ath-bilbao-valladolid,Ath Bilbao,74,segunda
datahub-football-data,laliga-2024-2025-2025-02-23-ath-bilbao-valladolid,Valladolid,86,segunda
datahub-football-data,laliga-2024-2025-2025-02-23-getafe-betis,Getafe,9,primera
datahub-football-data,laliga-2024-2025-2025-02-23-getafe-betis,Betis,20,primera
datahub-football-data,laliga-2024-2025-2025-02-23-getafe-betis,Betis,88,segunda
datahub-football-data,laliga-2024-2025-2025-02-23-real-madrid-girona,Real Madrid,40,primera
datahub-football-data,laliga-2024-2025-2025-02-23-real-madrid-girona,Real Madrid,51,segunda
datahub-football-data,laliga-2024-2025-2025-02-23-sociedad-leganes,Sociedad,37,primera
datahub-football-data,laliga-2024-2025-2025-02-23-sociedad-leganes,Sociedad,53,segunda
datahub-football-data,laliga-2024-2025-2025-02-23-sociedad-leganes,Sociedad,65,segunda
datahub-football-data,laliga-2024-2025-2025-02-24-sevilla-mallorca,Sevilla,83,segunda
datahub-football-data,laliga-2024-2025-2025-02-24-sevilla-mallorca,Mallorca,90,segunda
datahub-football-data,laliga-2024-2025-2025-02-28-valladolid-las-palmas,Valladolid,18,primera
datahub-football-data,laliga-2024-2025-2025-02-28-valladolid-las-palmas,Las Palmas,30,primera
datahub-football-data,laliga-2024-2025-2025-03-01-ath-madrid-ath-bilbao,Ath Madrid,64,segunda
datahub-football-data,laliga-2024-2025-2025-03-01-betis-real-madrid,Betis,10,primera
datahub-football-data,laliga-2024-2025-2025-03-01-betis-real-madrid,Betis,16,primera
datahub-football-data,laliga-2024-2025-2025-03-01-betis-real-madrid,Real Madrid,28,primera
datahub-football-data,laliga-2024-2025-2025-03-01-girona-celta,Girona,7,primera
datahub-football-data,laliga-2024-2025-2025-03-01-girona-celta,Girona,18,primera
datahub-football-data,laliga-2024-2025-2025-03-01-girona-celta,Celta,84,segunda
datahub-football-data,laliga-2024-2025-2025-03-01-girona-celta,Celta,86,segunda
datahub-football-data,laliga-2024-2025-2025-03-01-vallecano-sevilla,Vallecano,40,primera
datahub-football-data,laliga-2024-2025-2025-03-01-vallecano-sevilla,Sevilla,51,segunda
datahub-football-data,laliga-2024-2025-2025-03-02-barcelona-sociedad,Barcelona,10,primera
datahub-football-data,laliga-2024-2025-2025-03-02-barcelona-sociedad,Barcelona,16,primera
datahub-football-data,laliga-2024-2025-2025-03-02-barcelona-sociedad,Barcelona,28,primera
datahub-football-data,laliga-2024-2025-2025-03-02-barcelona-sociedad,Barcelona,38,primera
datahub-football-data,laliga-2024-2025-2025-03-02-leganes-getafe,Leganes,86,segunda
datahub-football-data,laliga-2024-2025-2025-03-02-mallorca-alaves,Mallorca,37,primera
datahub-football-data,laliga-2024-2025-2025-03-02-mallorca-alaves,Alaves,53,segunda
datahub-football-data,laliga-2024-2025-2025-03-02-osasuna-valencia,Osasuna,7,primera
datahub-football-data,laliga-2024-2025-2025-03-02-osasuna-valencia,Osasuna,18,primera
datahub-football-data,laliga-2024-2025-2025-03-02-osasuna-valencia,Osasuna,64,segunda
datahub-football-data,laliga-2024-2025-2025-03-02-osasuna-valencia,Valencia,75,segunda
datahub-football-data,laliga-2024-2025-2025-03-02-osasuna-valencia,Valencia,84,segunda
datahub-football-data,laliga-2024-2025-2025-03-02-osasuna-valencia,Valencia,86,segunda
datahub-football-data,laliga-2024-2025-2025-03-08-alaves-villarreal,Alaves,40,primera
datahub-football-data,laliga-2024-2025-2025-03-08-celta-leganes,Celta,52,segunda
datahub-football-data,laliga-2024-2025-2025-03-08-celta-leganes,Celta,64,segunda
datahub-football-data,laliga-2024-2025-2025-03-08-celta-leganes,Leganes,75,segunda
datahub-football-data,laliga-2024-2025-2025-03-08-valencia-valladolid,Valencia,64,segunda
datahub-football-data,laliga-2024-2025-2025-03-08-valencia-valladolid,Valencia,75,segunda
datahub-football-data,laliga-2024-2025-2025-03-08-valencia-valladolid,Valladolid,84,segunda
datahub-football-data,laliga-2024-2025-2025-03-09-ath-bilbao-mallorca,Ath Bilbao,51,segunda
datahub-football-data,laliga-2024-2025-2025-03-09-ath-bilbao-mallorca,Mallorca,63,segunda
datahub-football-data,laliga-2024-2025-2025-03-09-betis-las-palmas,Betis,87,segunda
datahub-football-data,laliga-2024-2025-2025-03-09-getafe-ath-madrid,Getafe,29,primera
datahub-football-data,laliga-2024-2025-2025-03-09-getafe-ath-madrid,Getafe,39,primera
datahub-football-data,laliga-2024-2025-2025-03-09-getafe-ath-madrid,Ath Madrid,55,segunda
datahub-football-data,laliga-2024-2025-2025-03-09-real-madrid-vallecano,Real Madrid,17,primera
datahub-football-data,laliga-2024-2025-2025-03-09-real-madrid-vallecano,Real Madrid,29,primera
datahub-football-data,laliga-2024-2025-2025-03-09-real-madrid-vallecano,Vallecano,39,primera
datahub-football-data,laliga-2024-2025-2025-03-09-sociedad-sevilla,Sevilla,30,primera
datahub-football-data,laliga-2024-2025-2025-03-10-espanol-girona,Espanol,36,primera
datahub-football-data,laliga-2024-2025-2025-03-10-espanol-girona,Girona,52,segunda
datahub-football-data,laliga-2024-2025-2025-03-14-las-palmas-alaves,Las Palmas,39,primera
datahub-football-data,laliga-2024-2025-2025-03-14-las-palmas-alaves,Las Palmas,55,segunda
datahub-football-data,laliga-2024-2025-2025-03-14-las-palmas-alaves,Alaves,62,segunda
datahub-football-data,laliga-2024-2025-2025-03-14-las-palmas-alaves,Alaves,73,segunda
datahub-football-data,laliga-2024-2025-2025-03-15-girona-valencia,Girona,55,segunda
datahub-football-data,laliga-2024-2025-2025-03-15-girona-valencia,Valencia,62,segunda
datahub-football-data,laliga-2024-2025-2025-03-15-mallorca-espanol,Mallorca,73,segunda
datahub-football-data,laliga-2024-2025-2025-03-15-mallorca-espanol,Mallorca,82,segunda
datahub-football-data,laliga-2024-2025-2025-03-15-mallorca-espanol,Espanol,89,segunda
datahub-football-data,laliga-2024-2025-2025-03-15-valladolid-celta,Celta,10,primera
datahub-football-data,laliga-2024-2025-2025-03-15-villarreal-real-madrid,Villarreal,7,primera
datahub-football-data,laliga-2024-2025-2025-03-15-villarreal-real-madrid,Real Madrid,84,segunda
datahub-football-data,laliga-2024-2025-2025-03-15-villarreal-real-madrid,Real Madrid,86,segunda
datahub-football-data,laliga-2024-2025-2025-03-16-ath-madrid-barcelona,Ath Madrid,8,primera
datahub-football-data,laliga-2024-2025-2025-03-16-ath-madrid-barcelona,Ath Madrid,19,primera
datahub-football-data,laliga-2024-2025-2025-03-16-ath-madrid-barcelona,Barcelona,31,primera
datahub-football-data,laliga-2024-2025-2025-03-16-ath-madrid-barcelona,Barcelona,36,primera
datahub-football-data,laliga-2024-2025-2025-03-16-ath-madrid-barcelona,Barcelona,52,segunda
datahub-football-data,laliga-2024-2025-2025-03-16-ath-madrid-barcelona,Barcelona,87,segunda
datahub-football-data,laliga-2024-2025-2025-03-16-leganes-betis,Leganes,10,primera
datahub-football-data,laliga-2024-2025-2025-03-16-leganes-betis,Leganes,16,primera
datahub-football-data,laliga-2024-2025-2025-03-16-leganes-betis,Betis,28,primera
datahub-football-data,laliga-2024-2025-2025-03-16-leganes-betis,Betis,38,primera
datahub-football-data,laliga-2024-2025-2025-03-16-leganes-betis,Betis,89,segunda
datahub-football-data,laliga-2024-2025-2025-03-16-osasuna-getafe,Osasuna,66,segunda
datahub-football-data,laliga-2024-2025-2025-03-16-osasuna-getafe,Getafe,72,segunda
datahub-football-data,laliga-2024-2025-2025-03-16-osasuna-getafe,Getafe,81,segunda
datahub-football-data,laliga-2024-2025-2025-03-16-sevilla-ath-bilbao,Ath Bilbao,52,segunda
datahub-football-data,laliga-2024-2025-2025-03-16-vallecano-sociedad,Vallecano,9,primera
datahub-football-data,laliga-2024-2025-2025-03-16-vallecano-sociedad,Vallecano,20,primera
datahub-football-data,laliga-2024-2025-2025-03-16-vallecano-sociedad,Sociedad,27,primera
datahub-football-data,laliga-2024-2025-2025-03-16-vallecano-sociedad,Sociedad,37,primera
datahub-football-data,laliga-2024-2025-2025-03-27-barcelona-osasuna,Barcelona,75,segunda
datahub-football-data,laliga-2024-2025-2025-03-27-barcelona-osasuna,Barcelona,84,segunda
datahub-football-data,laliga-2024-2025-2025-03-27-barcelona-osasuna,Barcelona,86,segunda
datahub-football-data,laliga-2024-2025-2025-03-29-alaves-vallecano,Vallecano,31,primera
datahub-football-data,laliga-2024-2025-2025-03-29-alaves-vallecano,Vallecano,36,primera
datahub-football-data,laliga-2024-2025-2025-03-29-espanol-ath-madrid,Espanol,39,primera
datahub-football-data,laliga-2024-2025-2025-03-29-espanol-ath-madrid,Ath Madrid,55,segunda
datahub-football-data,laliga-2024-2025-2025-03-29-real-madrid-leganes,Real Madrid,8,primera
datahub-football-data,laliga-2024-2025-2025-03-29-real-madrid-leganes,Real Madrid,19,primera
datahub-football-data,laliga-2024-2025-2025-03-29-real-madrid-leganes,Real Madrid,76,segunda
datahub-football-data,laliga-2024-2025-2025-03-29-real-madrid-leganes,Leganes,80,segunda
datahub-football-data,laliga-2024-2025-2025-03-29-real-madrid-leganes,Leganes,87,segunda
datahub-football-data,laliga-2024-2025-2025-03-29-sociedad-valladolid,Sociedad,73,segunda
datahub-football-data,laliga-2024-2025-2025-03-29-sociedad-valladolid,Sociedad,82,segunda
datahub-football-data,laliga-2024-2025-2025-03-29-sociedad-valladolid,Valladolid,89,segunda
datahub-football-data,laliga-2024-2025-2025-03-30-barcelona-girona,Barcelona,39,primera
datahub-football-data,laliga-2024-2025-2025-03-30-barcelona-girona,Barcelona,55,segunda
datahub-football-data,laliga-2024-2025-2025-03-30-barcelona-girona,Barcelona,62,segunda
datahub-football-data,laliga-2024-2025-2025-03-30-barcelona-girona,Barcelona,73,segunda
datahub-football-data,laliga-2024-2025-2025-03-30-barcelona-girona,Girona,82,segunda
datahub-football-data,laliga-2024-2025-2025-03-30-betis-sevilla,Betis,9,primera
datahub-football-data,laliga-2024-2025-2025-03-30-betis-sevilla,Betis,20,primera
datahub-football-data,laliga-2024-2025-2025-03-30-betis-sevilla,Sevilla,88,segunda
datahub-football-data,laliga-2024-2025-2025-03-30-getafe-villarreal,Getafe,17,primera
datahub-football-data,laliga-2024-2025-2025-03-30-getafe-villarreal,Villarreal,29,primera
datahub-football-data,laliga-2024-2025-2025-03-30-getafe-villarreal,Villarreal,39,primera
datahub-football-data,laliga-2024-2025-2025-03-30-valencia-mallorca,Valencia,16,primera
datahub-football-data,laliga-2024-2025-2025-03-31-celta-las-palmas,Celta,36,primera
datahub-football-data,laliga-2024-2025-2025-03-31-celta-las-palmas,Las Palmas,52,segunda
datahub-football-data,laliga-2024-2025-2025-04-04-vallecano-espanol,Espanol,7,primera
datahub-football-data,laliga-2024-2025-2025-04-04-vallecano-espanol,Espanol,18,primera
datahub-football-data,laliga-2024-2025-2025-04-04-vallecano-espanol,Espanol,30,primera
datahub-football-data,laliga-2024-2025-2025-04-04-vallecano-espanol,Espanol,40,primera
datahub-football-data,laliga-2024-2025-2025-04-05-barcelona-betis,Barcelona,73,segunda
datahub-football-data,laliga-2024-2025-2025-04-05-barcelona-betis,Betis,82,segunda
datahub-football-data,laliga-2024-2025-2025-04-05-girona-alaves,Alaves,16,primera
datahub-football-data,laliga-2024-2025-2025-04-05-mallorca-celta,Mallorca,6,primera
datahub-football-data,laliga-2024-2025-2025-04-05-mallorca-celta,Celta,17,primera
datahub-football-data,laliga-2024-2025-2025-04-05-mallorca-celta,Celta,29,primera
datahub-football-data,laliga-2024-2025-2025-04-05-real-madrid-valencia,Real Madrid,7,primera
datahub-football-data,laliga-2024-2025-2025-04-05-real-madrid-valencia,Valencia,18,primera
datahub-football-data,laliga-2024-2025-2025-04-05-real-madrid-valencia,Valencia,86,segunda
datahub-football-data,laliga-2024-2025-2025-04-06-las-palmas-sociedad,Las Palmas,6,primera
datahub-football-data,laliga-2024-2025-2025-04-06-las-palmas-sociedad,Sociedad,74,segunda
datahub-football-data,laliga-2024-2025-2025-04-06-las-palmas-sociedad,Sociedad,83,segunda
datahub-football-data,laliga-2024-2025-2025-04-06-las-palmas-sociedad,Sociedad,90,segunda
datahub-football-data,laliga-2024-2025-2025-04-06-sevilla-ath-madrid,Sevilla,9,primera
datahub-football-data,laliga-2024-2025-2025-04-06-sevilla-ath-madrid,Ath Madrid,20,primera
datahub-football-data,laliga-2024-2025-2025-04-06-sevilla-ath-madrid,Ath Madrid,27,primera
datahub-football-data,laliga-2024-2025-2025-04-06-valladolid-getafe,Getafe,62,segunda
datahub-football-data,laliga-2024-2025-2025-04-06-valladolid-getafe,Getafe,73,segunda
datahub-football-data,laliga-2024-2025-2025-04-06-valladolid-getafe,Getafe,82,segunda
datahub-football-data,laliga-2024-2025-2025-04-06-valladolid-getafe,Getafe,89,segunda
datahub-football-data,laliga-2024-2025-2025-04-07-leganes-osasuna,Leganes,38,primera
datahub-football-data,laliga-2024-2025-2025-04-07-leganes-osasuna,Osasuna,54,segunda
datahub-football-data,laliga-2024-2025-2025-04-11-valencia-sevilla,Valencia,66,segunda
datahub-football-data,laliga-2024-2025-2025-04-12-celta-espanol,Espanol,19,primera
datahub-football-data,laliga-2024-2025-2025-04-12-celta-espanol,Espanol,31,primera
datahub-football-data,laliga-2024-2025-2025-04-12-getafe-las-palmas,Getafe,36,primera
datahub-football-data,laliga-2024-2025-2025-04-12-getafe-las-palmas,Las Palmas,52,segunda
datahub-football-data,laliga-2024-2025-2025-04-12-getafe-las-palmas,Las Palmas,64,segunda
datahub-football-data,laliga-2024-2025-2025-04-12-getafe-las-palmas,Las Palmas,75,segunda
datahub-football-data,laliga-2024-2025-2025-04-12-leganes-barcelona,Barcelona,65,segunda
datahub-football-data,laliga-2024-2025-2025-04-12-sociedad-mallorca,Mallorca,19,primera
datahub-football-data,laliga-2024-2025-2025-04-12-sociedad-mallorca,Mallorca,31,primera
datahub-football-data,laliga-2024-2025-2025-04-13-alaves-real-madrid,Real Madrid,19,primera
datahub-football-data,laliga-2024-2025-2025-04-13-ath-bilbao-vallecano,Ath Bilbao,29,primera
datahub-football-data,laliga-2024-2025-2025-04-13-ath-bilbao-vallecano,Ath Bilbao,39,primera
datahub-football-data,laliga-2024-2025-2025-04-13-ath-bilbao-vallecano,Ath Bilbao,55,segunda
datahub-football-data,laliga-2024-2025-2025-04-13-ath-bilbao-vallecano,Vallecano,62,segunda
datahub-football-data,laliga-2024-2025-2025-04-13-betis-villarreal,Betis,65,segunda
datahub-football-data,laliga-2024-2025-2025-04-13-betis-villarreal,Villarreal,76,segunda
datahub-football-data,laliga-2024-2025-2025-04-13-betis-villarreal,Villarreal,80,segunda
datahub-football-data,laliga-2024-2025-2025-04-13-osasuna-girona,Osasuna,9,primera
datahub-football-data,laliga-2024-2025-2025-04-13-osasuna-girona,Osasuna,20,primera
datahub-football-data,laliga-2024-2025-2025-04-13-osasuna-girona,Girona,88,segunda
datahub-football-data,laliga-2024-2025-2025-04-14-ath-madrid-valladolid,Ath Madrid,37,primera
datahub-football-data,laliga-2024-2025-2025-04-14-ath-madrid-valladolid,Ath Madrid,53,segunda
datahub-football-data,laliga-2024-2025-2025-04-14-ath-madrid-valladolid,Ath Madrid,65,segunda
datahub-football-data,laliga-2024-2025-2025-04-14-ath-madrid-valladolid,Ath Madrid,76,segunda
datahub-football-data,laliga-2024-2025-2025-04-14-ath-madrid-valladolid,Valladolid,80,segunda
datahub-football-data,laliga-2024-2025-2025-04-14-ath-madrid-valladolid,Valladolid,87,segunda
datahub-football-data,laliga-2024-2025-2025-04-18-espanol-getafe,Espanol,29,primera
datahub-football-data,laliga-2024-2025-2025-04-19-barcelona-celta,Barcelona,9,primera
datahub-football-data,laliga-2024-2025-2025-04-19-barcelona-celta,Barcelona,20,primera
datahub-football-data,laliga-2024-2025-2025-04-19-barcelona-celta,Barcelona,27,primera
datahub-football-data,laliga-2024-2025-2025-04-19-barcelona-celta,Barcelona,37,primera
datahub-football-data,laliga-2024-2025-2025-04-19-barcelona-celta,Celta,53,segunda
datahub-football-data,laliga-2024-2025-2025-04-19-barcelona-celta,Celta,81,segunda
datahub-football-data,laliga-2024-2025-2025-04-19-barcelona-celta,Celta,88,segunda
datahub-football-data,laliga-2024-2025-2025-04-19-las-palmas-ath-madrid,Las Palmas,75,segunda
datahub-football-data,laliga-2024-2025-2025-04-19-vallecano-valencia,Vallecano,6,primera
datahub-football-data,laliga-2024-2025-2025-04-19-vallecano-valencia,Valencia,17,primera
datahub-football-data,laliga-2024-2025-2025-04-20-real-madrid-ath-bilbao,Real Madrid,31,primera
datahub-football-data,laliga-2024-2025-2025-04-20-sevilla-alaves,Sevilla,38,primera
datahub-football-data,laliga-2024-2025-2025-04-20-sevilla-alaves,Alaves,54,segunda
datahub-football-data,laliga-2024-2025-2025-04-20-valladolid-osasuna,Valladolid,6,primera
datahub-football-data,laliga-2024-2025-2025-04-20-valladolid-osasuna,Valladolid,17,primera
datahub-football-data,laliga-2024-2025-2025-04-20-valladolid-osasuna,Osasuna,29,primera
datahub-football-data,laliga-2024-2025-2025-04-20-valladolid-osasuna,Osasuna,39,primera
datahub-football-data,laliga-2024-2025-2025-04-20-valladolid-osasuna,Osasuna,55,segunda
datahub-football-data,laliga-2024-2025-2025-04-20-villarreal-sociedad,Villarreal,30,primera
datahub-football-data,laliga-2024-2025-2025-04-20-villarreal-sociedad,Villarreal,40,primera
datahub-football-data,laliga-2024-2025-2025-04-20-villarreal-sociedad,Sociedad,51,segunda
datahub-football-data,laliga-2024-2025-2025-04-20-villarreal-sociedad,Sociedad,63,segunda
datahub-football-data,laliga-2024-2025-2025-04-21-girona-betis,Girona,52,segunda
datahub-football-data,laliga-2024-2025-2025-04-21-girona-betis,Betis,64,segunda
datahub-football-data,laliga-2024-2025-2025-04-21-girona-betis,Betis,75,segunda
datahub-football-data,laliga-2024-2025-2025-04-21-girona-betis,Betis,84,segunda
datahub-football-data,laliga-2024-2025-2025-04-22-barcelona-mallorca,Barcelona,65,segunda
datahub-football-data,laliga-2024-2025-2025-04-22-valencia-espanol,Valencia,7,primera
datahub-football-data,laliga-2024-2025-2025-04-22-valencia-espanol,Espanol,18,primera
datahub-football-data,laliga-2024-2025-2025-04-23-alaves-sociedad,Alaves,16,primera
datahub-football-data,laliga-2024-2025-2025-04-23-ath-bilbao-las-palmas,Ath Bilbao,6,primera
datahub-football-data,laliga-2024-2025-2025-04-23-celta-villarreal,Celta,40,primera
datahub-football-data,laliga-2024-2025-2025-04-23-celta-villarreal,Celta,51,segunda
datahub-football-data,laliga-2024-2025-2025-04-23-celta-villarreal,Celta,63,segunda
datahub-football-data,laliga-2024-2025-2025-04-23-getafe-real-madrid,Real Madrid,62,segunda
datahub-football-data,laliga-2024-2025-2025-04-24-ath-madrid-vallecano,Ath Madrid,9,primera
datahub-football-data,laliga-2024-2025-2025-04-24-ath-madrid-vallecano,Ath Madrid,81,segunda
datahub-football-data,laliga-2024-2025-2025-04-24-ath-madrid-vallecano,Ath Madrid,88,segunda
datahub-football-data,laliga-2024-2025-2025-04-24-betis-valladolid,Betis,18,primera
datahub-football-data,laliga-2024-2025-2025-04-24-betis-valladolid,Betis,30,primera
datahub-football-data,laliga-2024-2025-2025-04-24-betis-valladolid,Betis,40,primera
datahub-football-data,laliga-2024-2025-2025-04-24-betis-valladolid,Betis,51,segunda
datahub-football-data,laliga-2024-2025-2025-04-24-betis-valladolid,Betis,63,segunda
datahub-football-data,laliga-2024-2025-2025-04-24-betis-valladolid,Valladolid,74,segunda
datahub-football-data,laliga-2024-2025-2025-04-24-leganes-girona,Leganes,65,segunda
datahub-football-data,laliga-2024-2025-2025-04-24-leganes-girona,Girona,76,segunda
datahub-football-data,laliga-2024-2025-2025-04-24-osasuna-sevilla,Osasuna,29,primera
datahub-football-data,laliga-2024-2025-2025-04-27-villarreal-espanol,Villarreal,80,segunda
datahub-football-data,laliga-2024-2025-2025-05-02-vallecano-getafe,Vallecano,66,segunda
datahub-football-data,laliga-2024-2025-2025-05-03-las-palmas-valencia,Las Palmas,9,primera
datahub-football-data,laliga-2024-2025-2025-05-03-las-palmas-valencia,Las Palmas,66,segunda
datahub-football-data,laliga-2024-2025-2025-05-03-las-palmas-valencia,Valencia,72,segunda
datahub-football-data,laliga-2024-2025-2025-05-03-las-palmas-valencia,Valencia,81,segunda
datahub-football-data,laliga-2024-2025-2025-05-03-las-palmas-valencia,Valencia,88,segunda
datahub-football-data,laliga-2024-2025-2025-05-03-valladolid-barcelona,Valladolid,73,segunda
datahub-football-data,laliga-2024-2025-2025-05-03-valladolid-barcelona,Barcelona,82,segunda
datahub-football-data,laliga-2024-2025-2025-05-03-valladolid-barcelona,Barcelona,89,segunda
datahub-football-data,laliga-2024-2025-2025-05-03-villarreal-osasuna,Villarreal,8,primera
datahub-football-data,laliga-2024-2025-2025-05-03-villarreal-osasuna,Villarreal,19,primera
datahub-football-data,laliga-2024-2025-2025-05-03-villarreal-osasuna,Villarreal,65,segunda
datahub-football-data,laliga-2024-2025-2025-05-03-villarreal-osasuna,Villarreal,76,segunda
datahub-football-data,laliga-2024-2025-2025-05-03-villarreal-osasuna,Osasuna,80,segunda
datahub-football-data,laliga-2024-2025-2025-05-03-villarreal-osasuna,Osasuna,87,segunda
datahub-football-data,laliga-2024-2025-2025-05-04-espanol-betis,Espanol,38,primera
datahub-football-data,laliga-2024-2025-2025-05-04-espanol-betis,Betis,54,segunda
datahub-football-data,laliga-2024-2025-2025-05-04-espanol-betis,Betis,66,segunda
datahub-football-data,laliga-2024-2025-2025-05-04-real-madrid-celta,Real Madrid,7,primera
datahub-football-data,laliga-2024-2025-2025-05-04-real-madrid-celta,Real Madrid,18,primera
datahub-football-data,laliga-2024-2025-2025-05-04-real-madrid-celta,Real Madrid,75,segunda
datahub-football-data,laliga-2024-2025-2025-05-04-real-madrid-celta,Celta,84,segunda
datahub-football-data,laliga-2024-2025-2025-05-04-real-madrid-celta,Celta,86,segunda
datahub-football-data,laliga-2024-2025-2025-05-04-sevilla-leganes,Sevilla,29,primera
datahub-football-data,laliga-2024-2025-2025-05-04-sevilla-leganes,Sevilla,39,primera
datahub-football-data,laliga-2024-2025-2025-05-04-sevilla-leganes,Leganes,55,segunda
datahub-football-data,laliga-2024-2025-2025-05-04-sevilla-leganes,Leganes,62,segunda
datahub-football-data,laliga-2024-2025-2025-05-05-girona-mallorca,Girona,55,segunda
datahub-football-data,laliga-2024-2025-2025-05-09-las-palmas-vallecano,Vallecano,66,segunda
datahub-football-data,laliga-2024-2025-2025-05-10-ath-madrid-sociedad,Ath Madrid,10,primera
datahub-football-data,laliga-2024-2025-2025-05-10-ath-madrid-sociedad,Ath Madrid,73,segunda
datahub-football-data,laliga-2024-2025-2025-05-10-ath-madrid-sociedad,Ath Madrid,82,segunda
datahub-football-data,laliga-2024-2025-2025-05-10-ath-madrid-sociedad,Ath Madrid,89,segunda
datahub-football-data,laliga-2024-2025-2025-05-10-celta-sevilla,Celta,8,primera
datahub-football-data,laliga-2024-2025-2025-05-10-celta-sevilla,Celta,19,primera
datahub-football-data,laliga-2024-2025-2025-05-10-celta-sevilla,Celta,31,primera
datahub-football-data,laliga-2024-2025-2025-05-10-celta-sevilla,Sevilla,36,primera
datahub-football-data,laliga-2024-2025-2025-05-10-celta-sevilla,Sevilla,52,segunda
datahub-football-data,laliga-2024-2025-2025-05-10-girona-villarreal,Villarreal,38,primera
datahub-football-data,laliga-2024-2025-2025-05-10-mallorca-valladolid,Mallorca,16,primera
datahub-football-data,laliga-2024-2025-2025-05-10-mallorca-valladolid,Mallorca,28,primera
datahub-football-data,laliga-2024-2025-2025-05-10-mallorca-valladolid,Valladolid,38,primera
datahub-football-data,laliga-2024-2025-2025-05-10-valencia-getafe,Valencia,52,segunda
datahub-football-data,laliga-2024-2025-2025-05-10-valencia-getafe,Valencia,64,segunda
datahub-football-data,laliga-2024-2025-2025-05-10-valencia-getafe,Valencia,75,segunda
datahub-football-data,laliga-2024-2025-2025-05-11-ath-bilbao-alaves,Ath Bilbao,8,primera
datahub-football-data,laliga-2024-2025-2025-05-11-barcelona-real-madrid,Barcelona,9,primera
datahub-football-data,laliga-2024-2025-2025-05-11-barcelona-real-madrid,Barcelona,38,primera
datahub-football-data,laliga-2024-2025-2025-05-11-barcelona-real-madrid,Barcelona,54,segunda
datahub-football-data,laliga-2024-2025-2025-05-11-barcelona-real-madrid,Barcelona,66,segunda
datahub-football-data,laliga-2024-2025-2025-05-11-barcelona-real-madrid,Real Madrid,72,segunda
datahub-football-data,laliga-2024-2025-2025-05-11-barcelona-real-madrid,Real Madrid,81,segunda
datahub-football-data,laliga-2024-2025-2025-05-11-barcelona-real-madrid,Real Madrid,88,segunda
datahub-football-data,laliga-2024-2025-2025-05-11-betis-osasuna,Betis,72,segunda
datahub-football-data,laliga-2024-2025-2025-05-11-betis-osasuna,Osasuna,81,segunda
datahub-football-data,laliga-2024-2025-2025-05-11-leganes-espanol,Leganes,55,segunda
datahub-football-data,laliga-2024-2025-2025-05-11-leganes-espanol,Leganes,62,segunda
datahub-football-data,laliga-2024-2025-2025-05-11-leganes-espanol,Leganes,73,segunda
datahub-football-data,laliga-2024-2025-2025-05-11-leganes-espanol,Espanol,82,segunda
datahub-football-data,laliga-2024-2025-2025-05-11-leganes-espanol,Espanol,89,segunda
datahub-football-data,laliga-2024-2025-2025-05-13-sevilla-las-palmas,Sevilla,18,primera
datahub-football-data,laliga-2024-2025-2025-05-13-sociedad-celta,Celta,17,primera
datahub-football-data,laliga-2024-2025-2025-05-13-valladolid-girona,Girona,53,segunda
datahub-football-data,laliga-2024-2025-2025-05-14-alaves-valencia,Alaves,74,segunda
datahub-football-data,laliga-2024-2025-2025-05-14-real-madrid-mallorca,Real Madrid,36,primera
datahub-football-data,laliga-2024-2025-2025-05-14-real-madrid-mallorca,Real Madrid,52,segunda
datahub-football-data,laliga-2024-2025-2025-05-14-real-madrid-mallorca,Mallorca,64,segunda
datahub-football-data,laliga-2024-2025-2025-05-14-villarreal-leganes,Villarreal,36,primera
datahub-football-data,laliga-2024-2025-2025-05-14-villarreal-leganes,Villarreal,52,segunda
datahub-football-data,laliga-2024-2025-2025-05-14-villarreal-leganes,Villarreal,64,segunda
datahub-football-data,laliga-2024-2025-2025-05-15-espanol-barcelona,Barcelona,8,primera
datahub-football-data,laliga-2024-2025-2025-05-15-espanol-barcelona,Barcelona,19,primera
datahub-football-data,laliga-2024-2025-2025-05-15-getafe-ath-bilbao,Ath Bilbao,7,primera
datahub-football-data,laliga-2024-2025-2025-05-15-getafe-ath-bilbao,Ath Bilbao,86,segunda
datahub-football-data,laliga-2024-2025-2025-05-15-osasuna-ath-madrid,Osasuna,75,segunda
datahub-football-data,laliga-2024-2025-2025-05-15-osasuna-ath-madrid,Osasuna,84,segunda
datahub-football-data,laliga-2024-2025-2025-05-15-vallecano-betis,Vallecano,27,primera
datahub-football-data,laliga-2024-2025-2025-05-15-vallecano-betis,Vallecano,37,primera
datahub-football-data,laliga-2024-2025-2025-05-15-vallecano-betis,Betis,53,segunda
datahub-football-data,laliga-2024-2025-2025-05-15-vallecano-betis,Betis,65,segunda
datahub-football-data,laliga-2024-2025-2025-05-18-ath-madrid-betis,Ath Madrid,10,primera
datahub-football-data,laliga-2024-2025-2025-05-18-ath-madrid-betis,Ath Madrid,62,segunda
datahub-football-data,laliga-2024-2025-2025-05-18-ath-madrid-betis,Ath Madrid,73,segunda
datahub-football-data,laliga-2024-2025-2025-05-18-ath-madrid-betis,Ath Madrid,82,segunda
datahub-football-data,laliga-2024-2025-2025-05-18-ath-madrid-betis,Betis,89,segunda
datahub-football-data,laliga-2024-2025-2025-05-18-barcelona-villarreal,Barcelona,6,primera
datahub-football-data,laliga-2024-2025-2025-05-18-barcelona-villarreal,Barcelona,17,primera
datahub-football-data,laliga-2024-2025-2025-05-18-barcelona-villarreal,Villarreal,29,primera
datahub-football-data,laliga-2024-2025-2025-05-18-barcelona-villarreal,Villarreal,39,primera
datahub-football-data,laliga-2024-2025-2025-05-18-barcelona-villarreal,Villarreal,55,segunda
datahub-football-data,laliga-2024-2025-2025-05-18-celta-vallecano,Celta,19,primera
datahub-football-data,laliga-2024-2025-2025-05-18-celta-vallecano,Vallecano,31,primera
datahub-football-data,laliga-2024-2025-2025-05-18-celta-vallecano,Vallecano,36,primera
datahub-football-data,laliga-2024-2025-2025-05-18-las-palmas-leganes,Leganes,20,primera
datahub-football-data,laliga-2024-2025-2025-05-18-mallorca-getafe,Mallorca,27,primera
datahub-football-data,laliga-2024-2025-2025-05-18-mallorca-getafe,Getafe,37,primera
datahub-football-data,laliga-2024-2025-2025-05-18-mallorca-getafe,Getafe,53,segunda
datahub-football-data,laliga-2024-2025-2025-05-18-osasuna-espanol,Osasuna,10,primera
datahub-football-data,laliga-2024-2025-2025-05-18-osasuna-espanol,Osasuna,16,primera
datahub-football-data,laliga-2024-2025-2025-05-18-sevilla-real-madrid,Real Madrid,66,segunda
datahub-football-data,laliga-2024-2025-2025-05-18-sevilla-real-madrid,Real Madrid,72,segunda
datahub-football-data,laliga-2024-2025-2025-05-18-sociedad-girona,Sociedad,27,primera
datahub-football-data,laliga-2024-2025-2025-05-18-sociedad-girona,Sociedad,37,primera
datahub-football-data,laliga-2024-2025-2025-05-18-sociedad-girona,Sociedad,53,segunda
datahub-football-data,laliga-2024-2025-2025-05-18-sociedad-girona,Girona,65,segunda
datahub-football-data,laliga-2024-2025-2025-05-18-sociedad-girona,Girona,76,segunda
datahub-football-data,laliga-2024-2025-2025-05-18-valencia-ath-bilbao,Ath Bilbao,9,primera
datahub-football-data,laliga-2024-2025-2025-05-18-valladolid-alaves,Alaves,40,primera
datahub-football-data,laliga-2024-2025-2025-05-23-betis-valencia,Betis,64,segunda
datahub-football-data,laliga-2024-2025-2025-05-23-betis-valencia,Valencia,75,segunda
datahub-football-data,laliga-2024-2025-2025-05-24-alaves-osasuna,Alaves,81,segunda
datahub-football-data,laliga-2024-2025-2025-05-24-alaves-osasuna,Osasuna,88,segunda
datahub-football-data,laliga-2024-2025-2025-05-24-espanol-las-palmas,Espanol,81,segunda
datahub-football-data,laliga-2024-2025-2025-05-24-espanol-las-palmas,Espanol,88,segunda
datahub-football-data,laliga-2024-2025-2025-05-24-getafe-celta,Getafe,65,segunda
datahub-football-data,laliga-2024-2025-2025-05-24-getafe-celta,Celta,76,segunda
datahub-football-data,laliga-2024-2025-2025-05-24-getafe-celta,Celta,80,segunda
datahub-football-data,laliga-2024-2025-2025-05-24-leganes-valladolid,Leganes,30,primera
datahub-football-data,laliga-2024-2025-2025-05-24-leganes-valladolid,Leganes,40,primera
datahub-football-data,laliga-2024-2025-2025-05-24-leganes-valladolid,Leganes,51,segunda
datahub-football-data,laliga-2024-2025-2025-05-24-real-madrid-sociedad,Real Madrid,8,primera
datahub-football-data,laliga-2024-2025-2025-05-24-real-madrid-sociedad,Real Madrid,87,segunda
datahub-football-data,laliga-2024-2025-2025-05-25-ath-bilbao-barcelona,Barcelona,18,primera
datahub-football-data,laliga-2024-2025-2025-05-25-ath-bilbao-barcelona,Barcelona,30,primera
datahub-football-data,laliga-2024-2025-2025-05-25-ath-bilbao-barcelona,Barcelona,40,primera
datahub-football-data,laliga-2024-2025-2025-05-25-girona-ath-madrid,Ath Madrid,7,primera
datahub-football-data,laliga-2024-2025-2025-05-25-girona-ath-madrid,Ath Madrid,75,segunda
datahub-football-data,laliga-2024-2025-2025-05-25-girona-ath-madrid,Ath Madrid,84,segunda
datahub-football-data,laliga-2024-2025-2025-05-25-girona-ath-madrid,Ath Madrid,86,segunda
datahub-football-data,laliga-2024-2025-2025-05-25-villarreal-sevilla,Villarreal,39,primera
datahub-football-data,laliga-2024-2025-2025-05-25-villarreal-sevilla,Villarreal,55,segunda
datahub-football-data,laliga-2024-2025-2025-05-25-villarreal-sevilla,Villarreal,62,segunda
datahub-football-data,laliga-2024-2025-2025-05-25-villarreal-sevilla,Villarreal,73,segunda
datahub-football-data,laliga-2024-2025-2025-05-25-villarreal-sevilla,Sevilla,82,segunda
datahub-football-data,laliga-2024-2025-2025-05-25-villarreal-sevilla,Sevilla,89,segunda
datahub-football-data,laliga-2025-2026-2025-08-15-girona-vallecano,Girona,37,primera
datahub-football-data,laliga-2025-2026-2025-08-15-girona-vallecano,Vallecano,53,segunda
datahub-football-data,laliga-2025-2026-2025-08-15-girona-vallecano,Vallecano,65,segunda
datahub-football-data,laliga-2025-2026-2025-08-15-girona-vallecano,Vallecano,76,segunda
datahub-football-data,laliga-2025-2026-2025-08-15-villarreal-oviedo,Villarreal,8,primera
datahub-football-data,laliga-2025-2026-2025-08-15-villarreal-oviedo,Villarreal,87,segunda
datahub-football-data,laliga-2025-2026-2025-08-16-alaves-levante,Alaves,16,primera
datahub-football-data,laliga-2025-2026-2025-08-16-alaves-levante,Alaves,28,primera
datahub-football-data,laliga-2025-2026-2025-08-16-alaves-levante,Levante,38,primera
datahub-football-data,laliga-2025-2026-2025-08-16-mallorca-barcelona,Barcelona,6,primera
datahub-football-data,laliga-2025-2026-2025-08-16-mallorca-barcelona,Barcelona,83,segunda
datahub-football-data,laliga-2025-2026-2025-08-16-mallorca-barcelona,Barcelona,90,segunda
datahub-football-data,laliga-2025-2026-2025-08-16-valencia-sociedad,Valencia,66,segunda
datahub-football-data,laliga-2025-2026-2025-08-16-valencia-sociedad,Sociedad,72,segunda
datahub-football-data,laliga-2025-2026-2025-08-17-ath-bilbao-sevilla,Ath Bilbao,7,primera
datahub-football-data,laliga-2025-2026-2025-08-17-ath-bilbao-sevilla,Ath Bilbao,18,primera
datahub-football-data,laliga-2025-2026-2025-08-17-ath-bilbao-sevilla,Ath Bilbao,30,primera
datahub-football-data,laliga-2025-2026-2025-08-17-ath-bilbao-sevilla,Sevilla,40,primera
datahub-football-data,laliga-2025-2026-2025-08-17-ath-bilbao-sevilla,Sevilla,86,segunda
datahub-football-data,laliga-2025-2026-2025-08-17-celta-getafe,Getafe,19,primera
datahub-football-data,laliga-2025-2026-2025-08-17-celta-getafe,Getafe,31,primera
datahub-football-data,laliga-2025-2026-2025-08-17-espanol-ath-madrid,Espanol,31,primera
datahub-football-data,laliga-2025-2026-2025-08-17-espanol-ath-madrid,Espanol,36,primera
datahub-football-data,laliga-2025-2026-2025-08-17-espanol-ath-madrid,Ath Madrid,52,segunda
datahub-football-data,laliga-2025-2026-2025-08-18-elche-betis,Elche,63,segunda
datahub-football-data,laliga-2025-2026-2025-08-18-elche-betis,Betis,74,segunda
datahub-football-data,laliga-2025-2026-2025-08-19-real-madrid-osasuna,Real Madrid,54,segunda
datahub-football-data,laliga-2025-2026-2025-08-22-betis-alaves,Betis,87,segunda
datahub-football-data,laliga-2025-2026-2025-08-23-ath-madrid-elche,Ath Madrid,10,primera
datahub-football-data,laliga-2025-2026-2025-08-23-ath-madrid-elche,Elche,89,segunda
datahub-football-data,laliga-2025-2026-2025-08-23-levante-barcelona,Levante,55,segunda
datahub-football-data,laliga-2025-2026-2025-08-23-levante-barcelona,Levante,62,segunda
datahub-football-data,laliga-2025-2026-2025-08-23-levante-barcelona,Barcelona,73,segunda
datahub-football-data,laliga-2025-2026-2025-08-23-levante-barcelona,Barcelona,82,segunda
datahub-football-data,laliga-2025-2026-2025-08-23-levante-barcelona,Barcelona,89,segunda
datahub-football-data,laliga-2025-2026-2025-08-23-mallorca-celta,Mallorca,6,primera
datahub-football-data,laliga-2025-2026-2025-08-23-mallorca-celta,Celta,90,segunda
datahub-football-data,laliga-2025-2026-2025-08-24-osasuna-valencia,Osasuna,81,segunda
datahub-football-data,laliga-2025-2026-2025-08-24-oviedo-real-madrid,Real Madrid,16,primera
datahub-football-data,laliga-2025-2026-2025-08-24-oviedo-real-madrid,Real Madrid,28,primera
datahub-football-data,laliga-2025-2026-2025-08-24-oviedo-real-madrid,Real Madrid,38,primera
datahub-football-data,laliga-2025-2026-2025-08-24-sociedad-espanol,Sociedad,6,primera
datahub-football-data,laliga-2025-2026-2025-08-24-sociedad-espanol,Sociedad,17,primera
datahub-football-data,laliga-2025-2026-2025-08-24-sociedad-espanol,Espanol,29,primera
datahub-football-data,laliga-2025-2026-2025-08-24-sociedad-espanol,Espanol,39,primera
datahub-football-data,laliga-2025-2026-2025-08-24-villarreal-girona,Villarreal,51,segunda
datahub-football-data,laliga-2025-2026-2025-08-24-villarreal-girona,Villarreal,63,segunda
datahub-football-data,laliga-2025-2026-2025-08-24-villarreal-girona,Villarreal,74,segunda
datahub-football-data,laliga-2025-2026-2025-08-24-villarreal-girona,Villarreal,83,segunda
datahub-football-data,laliga-2025-2026-2025-08-24-villarreal-girona,Villarreal,90,segunda
datahub-football-data,laliga-2025-2026-2025-08-25-ath-bilbao-vallecano,Ath Bilbao,40,primera
datahub-football-data,laliga-2025-2026-2025-08-25-sevilla-getafe,Sevilla,7,primera
datahub-football-data,laliga-2025-2026-2025-08-25-sevilla-getafe,Getafe,84,segunda
datahub-football-data,laliga-2025-2026-2025-08-25-sevilla-getafe,Getafe,86,segunda
datahub-football-data,laliga-2025-2026-2025-08-27-celta-betis,Celta,51,segunda
datahub-football-data,laliga-2025-2026-2025-08-27-celta-betis,Betis,63,segunda
datahub-football-data,laliga-2025-2026-2025-08-29-elche-levante,Elche,28,primera
datahub-football-data,laliga-2025-2026-2025-08-29-elche-levante,Elche,38,primera
datahub-football-data,laliga-2025-2026-2025-08-29-valencia-getafe,Valencia,72,segunda
datahub-football-data,laliga-2025-2026-2025-08-29-valencia-getafe,Valencia,81,segunda
datahub-football-data,laliga-2025-2026-2025-08-29-valencia-getafe,Valencia,88,segunda
datahub-football-data,laliga-2025-2026-2025-08-30-alaves-ath-madrid,Alaves,6,primera
datahub-football-data,laliga-2025-2026-2025-08-30-alaves-ath-madrid,Ath Madrid,17,primera
datahub-football-data,laliga-2025-2026-2025-08-30-girona-sevilla,Sevilla,82,segunda
datahub-football-data,laliga-2025-2026-2025-08-30-girona-sevilla,Sevilla,89,segunda
datahub-football-data,laliga-2025-2026-2025-08-30-oviedo-sociedad,Oviedo,52,segunda
datahub-football-data,laliga-2025-2026-2025-08-30-real-madrid-mallorca,Real Madrid,31,primera
datahub-football-data,laliga-2025-2026-2025-08-30-real-madrid-mallorca,Real Madrid,36,primera
datahub-football-data,laliga-2025-2026-2025-08-30-real-madrid-mallorca,Mallorca,52,segunda
datahub-football-data,laliga-2025-2026-2025-08-31-betis-ath-bilbao,Betis,40,primera
datahub-football-data,laliga-2025-2026-2025-08-31-betis-ath-bilbao,Ath Bilbao,51,segunda
datahub-football-data,laliga-2025-2026-2025-08-31-betis-ath-bilbao,Ath Bilbao,63,segunda
datahub-football-data,laliga-2025-2026-2025-08-31-celta-villarreal,Celta,83,segunda
datahub-football-data,laliga-2025-2026-2025-08-31-celta-villarreal,Villarreal,90,segunda
datahub-football-data,laliga-2025-2026-2025-08-31-espanol-osasuna,Espanol,89,segunda
datahub-football-data,laliga-2025-2026-2025-08-31-vallecano-barcelona,Vallecano,8,primera
datahub-football-data,laliga-2025-2026-2025-08-31-vallecano-barcelona,Barcelona,19,primera
datahub-football-data,laliga-2025-2026-2025-09-12-sevilla-elche,Sevilla,36,primera
datahub-football-data,laliga-2025-2026-2025-09-12-sevilla-elche,Sevilla,52,segunda
datahub-football-data,laliga-2025-2026-2025-09-12-sevilla-elche,Elche,64,segunda
datahub-football-data,laliga-2025-2026-2025-09-12-sevilla-elche,Elche,75,segunda
datahub-football-data,laliga-2025-2026-2025-09-13-ath-bilbao-alaves,Alaves,28,primera
datahub-football-data,laliga-2025-2026-2025-09-13-ath-madrid-villarreal,Ath Madrid,30,primera
datahub-football-data,laliga-2025-2026-2025-09-13-ath-madrid-villarreal,Ath Madrid,40,primera
datahub-football-data,laliga-2025-2026-2025-09-13-getafe-oviedo,Getafe,20,primera
datahub-football-data,laliga-2025-2026-2025-09-13-getafe-oviedo,Getafe,27,primera
datahub-football-data,laliga-2025-2026-2025-09-13-sociedad-real-madrid,Sociedad,63,segunda
datahub-football-data,laliga-2025-2026-2025-09-13-sociedad-real-madrid,Real Madrid,74,segunda
datahub-football-data,laliga-2025-2026-2025-09-13-sociedad-real-madrid,Real Madrid,83,segunda
datahub-football-data,laliga-2025-2026-2025-09-14-barcelona-valencia,Barcelona,6,primera
datahub-football-data,laliga-2025-2026-2025-09-14-barcelona-valencia,Barcelona,51,segunda
datahub-football-data,laliga-2025-2026-2025-09-14-barcelona-valencia,Barcelona,63,segunda
datahub-football-data,laliga-2025-2026-2025-09-14-barcelona-valencia,Barcelona,74,segunda
datahub-football-data,laliga-2025-2026-2025-09-14-barcelona-valencia,Barcelona,83,segunda
datahub-football-data,laliga-2025-2026-2025-09-14-barcelona-valencia,Barcelona,90,segunda
datahub-football-data,laliga-2025-2026-2025-09-14-celta-girona,Celta,63,segunda
datahub-football-data,laliga-2025-2026-2025-09-14-celta-girona,Girona,74,segunda
datahub-football-data,laliga-2025-2026-2025-09-14-levante-betis,Levante,9,primera
datahub-football-data,laliga-2025-2026-2025-09-14-levante-betis,Levante,20,primera
datahub-football-data,laliga-2025-2026-2025-09-14-levante-betis,Betis,81,segunda
datahub-football-data,laliga-2025-2026-2025-09-14-levante-betis,Betis,88,segunda
datahub-football-data,laliga-2025-2026-2025-09-14-osasuna-vallecano,Osasuna,75,segunda
datahub-football-data,laliga-2025-2026-2025-09-14-osasuna-vallecano,Osasuna,84,segunda
datahub-football-data,laliga-2025-2026-2025-09-15-espanol-mallorca,Espanol,53,segunda
datahub-football-data,laliga-2025-2026-2025-09-15-espanol-mallorca,Espanol,65,segunda
datahub-football-data,laliga-2025-2026-2025-09-15-espanol-mallorca,Espanol,76,segunda
datahub-football-data,laliga-2025-2026-2025-09-15-espanol-mallorca,Mallorca,80,segunda
datahub-football-data,laliga-2025-2026-2025-09-15-espanol-mallorca,Mallorca,87,segunda
datahub-football-data,laliga-2025-2026-2025-09-19-betis-sociedad,Betis,55,segunda
datahub-football-data,laliga-2025-2026-2025-09-19-betis-sociedad,Betis,62,segunda
datahub-football-data,laliga-2025-2026-2025-09-19-betis-sociedad,Betis,73,segunda
datahub-football-data,laliga-2025-2026-2025-09-19-betis-sociedad,Sociedad,82,segunda
datahub-football-data,laliga-2025-2026-2025-09-20-alaves-sevilla,Alaves,16,primera
datahub-football-data,laliga-2025-2026-2025-09-20-alaves-sevilla,Sevilla,28,primera
datahub-football-data,laliga-2025-2026-2025-09-20-alaves-sevilla,Sevilla,38,primera
datahub-football-data,laliga-2025-2026-2025-09-20-girona-levante,Levante,51,segunda
datahub-football-data,laliga-2025-2026-2025-09-20-girona-levante,Levante,63,segunda
datahub-football-data,laliga-2025-2026-2025-09-20-girona-levante,Levante,74,segunda
datahub-football-data,laliga-2025-2026-2025-09-20-girona-levante,Levante,83,segunda
datahub-football-data,laliga-2025-2026-2025-09-20-real-madrid-espanol,Real Madrid,28,primera
datahub-football-data,laliga-2025-2026-2025-09-20-real-madrid-espanol,Real Madrid,38,primera
datahub-football-data,laliga-2025-2026-2025-09-20-valencia-ath-bilbao,Valencia,82,segunda
datahub-football-data,laliga-2025-2026-2025-09-20-valencia-ath-bilbao,Valencia,89,segunda
datahub-football-data,laliga-2025-2026-2025-09-20-villarreal-osasuna,Villarreal,10,primera
datahub-football-data,laliga-2025-2026-2025-09-20-villarreal-osasuna,Villarreal,82,segunda
datahub-football-data,laliga-2025-2026-2025-09-20-villarreal-osasuna,Osasuna,89,segunda
datahub-football-data,laliga-2025-2026-2025-09-21-barcelona-getafe,Barcelona,8,primera
datahub-football-data,laliga-2025-2026-2025-09-21-barcelona-getafe,Barcelona,19,primera
datahub-football-data,laliga-2025-2026-2025-09-21-barcelona-getafe,Barcelona,87,segunda
datahub-football-data,laliga-2025-2026-2025-09-21-elche-oviedo,Elche,63,segunda
datahub-football-data,laliga-2025-2026-2025-09-21-mallorca-ath-madrid,Mallorca,84,segunda
datahub-football-data,laliga-2025-2026-2025-09-21-mallorca-ath-madrid,Ath Madrid,86,segunda
datahub-football-data,laliga-2025-2026-2025-09-21-vallecano-celta,Vallecano,52,segunda
datahub-football-data,laliga-2025-2026-2025-09-21-vallecano-celta,Celta,64,segunda
datahub-football-data,laliga-2025-2026-2025-09-23-ath-bilbao-girona,Ath Bilbao,76,segunda
datahub-football-data,laliga-2025-2026-2025-09-23-ath-bilbao-girona,Girona,80,segunda
datahub-football-data,laliga-2025-2026-2025-09-23-espanol-valencia,Espanol,8,primera
datahub-football-data,laliga-2025-2026-2025-09-23-espanol-valencia,Espanol,19,primera
datahub-football-data,laliga-2025-2026-2025-09-23-espanol-valencia,Valencia,31,primera
datahub-football-data,laliga-2025-2026-2025-09-23-espanol-valencia,Valencia,87,segunda
datahub-football-data,laliga-2025-2026-2025-09-23-levante-real-madrid,Levante,10,primera
datahub-football-data,laliga-2025-2026-2025-09-23-levante-real-madrid,Real Madrid,62,segunda
datahub-football-data,laliga-2025-2026-2025-09-23-levante-real-madrid,Real Madrid,73,segunda
datahub-football-data,laliga-2025-2026-2025-09-23-levante-real-madrid,Real Madrid,82,segunda
datahub-football-data,laliga-2025-2026-2025-09-23-levante-real-madrid,Real Madrid,89,segunda
datahub-football-data,laliga-2025-2026-2025-09-23-sevilla-villarreal,Sevilla,17,primera
datahub-football-data,laliga-2025-2026-2025-09-23-sevilla-villarreal,Villarreal,29,primera
datahub-football-data,laliga-2025-2026-2025-09-23-sevilla-villarreal,Villarreal,39,primera
datahub-football-data,laliga-2025-2026-2025-09-24-ath-madrid-vallecano,Ath Madrid,9,primera
datahub-football-data,laliga-2025-2026-2025-09-24-ath-madrid-vallecano,Ath Madrid,20,primera
datahub-football-data,laliga-2025-2026-2025-09-24-ath-madrid-vallecano,Ath Madrid,27,primera
datahub-football-data,laliga-2025-2026-2025-09-24-ath-madrid-vallecano,Vallecano,81,segunda
datahub-football-data,laliga-2025-2026-2025-09-24-ath-madrid-vallecano,Vallecano,88,segunda
datahub-football-data,laliga-2025-2026-2025-09-24-getafe-alaves,Getafe,19,primera
datahub-football-data,laliga-2025-2026-2025-09-24-getafe-alaves,Alaves,31,primera
datahub-football-data,laliga-2025-2026-2025-09-24-sociedad-mallorca,Sociedad,86,segunda
datahub-football-data,laliga-2025-2026-2025-09-25-osasuna-elche,Osasuna,6,primera
datahub-football-data,laliga-2025-2026-2025-09-25-osasuna-elche,Elche,17,primera
datahub-football-data,laliga-2025-2026-2025-09-25-oviedo-barcelona,Oviedo,36,primera
datahub-football-data,laliga-2025-2026-2025-09-25-oviedo-barcelona,Barcelona,52,segunda
datahub-football-data,laliga-2025-2026-2025-09-25-oviedo-barcelona,Barcelona,64,segunda
datahub-football-data,laliga-2025-2026-2025-09-25-oviedo-barcelona,Barcelona,75,segunda
datahub-football-data,laliga-2025-2026-2025-09-27-ath-madrid-real-madrid,Ath Madrid,6,primera
datahub-football-data,laliga-2025-2026-2025-09-27-ath-madrid-real-madrid,Ath Madrid,17,primera
datahub-football-data,laliga-2025-2026-2025-09-27-ath-madrid-real-madrid,Ath Madrid,29,primera
datahub-football-data,laliga-2025-2026-2025-09-27-ath-madrid-real-madrid,Ath Madrid,39,primera
datahub-football-data,laliga-2025-2026-2025-09-27-ath-madrid-real-madrid,Ath Madrid,55,segunda
datahub-football-data,laliga-2025-2026-2025-09-27-ath-madrid-real-madrid,Real Madrid,62,segunda
datahub-football-data,laliga-2025-2026-2025-09-27-ath-madrid-real-madrid,Real Madrid,73,segunda
datahub-football-data,laliga-2025-2026-2025-09-27-getafe-levante,Getafe,39,primera
datahub-football-data,laliga-2025-2026-2025-09-27-getafe-levante,Levante,55,segunda
datahub-football-data,laliga-2025-2026-2025-09-27-mallorca-alaves,Mallorca,20,primera
datahub-football-data,laliga-2025-2026-2025-09-27-villarreal-ath-bilbao,Villarreal,90,segunda
datahub-football-data,laliga-2025-2026-2025-09-28-barcelona-sociedad,Barcelona,29,primera
datahub-football-data,laliga-2025-2026-2025-09-28-barcelona-sociedad,Barcelona,39,primera
datahub-football-data,laliga-2025-2026-2025-09-28-barcelona-sociedad,Sociedad,55,segunda
datahub-football-data,laliga-2025-2026-2025-09-28-betis-osasuna,Betis,82,segunda
datahub-football-data,laliga-2025-2026-2025-09-28-betis-osasuna,Betis,89,segunda
datahub-football-data,laliga-2025-2026-2025-09-28-elche-celta,Elche,51,segunda
datahub-football-data,laliga-2025-2026-2025-09-28-elche-celta,Elche,63,segunda
datahub-football-data,laliga-2025-2026-2025-09-28-elche-celta,Celta,74,segunda
datahub-football-data,laliga-2025-2026-2025-09-28-vallecano-sevilla,Sevilla,53,segunda
datahub-football-data,laliga-2025-2026-2025-09-30-valencia-oviedo,Valencia,64,segunda
datahub-football-data,laliga-2025-2026-2025-09-30-valencia-oviedo,Oviedo,75,segunda
datahub-football-data,laliga-2025-2026-2025-09-30-valencia-oviedo,Oviedo,84,segunda
datahub-football-data,laliga-2025-2026-2025-10-03-osasuna-getafe,Osasuna,10,primera
datahub-football-data,laliga-2025-2026-2025-10-03-osasuna-getafe,Osasuna,16,primera
datahub-football-data,laliga-2025-2026-2025-10-03-osasuna-getafe,Getafe,28,primera
datahub-football-data,laliga-2025-2026-2025-10-04-ath-bilbao-mallorca,Ath Bilbao,10,primera
datahub-football-data,laliga-2025-2026-2025-10-04-ath-bilbao-mallorca,Ath Bilbao,82,segunda
datahub-football-data,laliga-2025-2026-2025-10-04-ath-bilbao-mallorca,Mallorca,89,segunda
datahub-football-data,laliga-2025-2026-2025-10-04-girona-valencia,Girona,53,segunda
datahub-football-data,laliga-2025-2026-2025-10-04-girona-valencia,Girona,65,segunda
datahub-football-data,laliga-2025-2026-2025-10-04-girona-valencia,Valencia,76,segunda
datahub-football-data,laliga-2025-2026-2025-10-04-oviedo-levante,Levante,9,primera
datahub-football-data,laliga-2025-2026-2025-10-04-oviedo-levante,Levante,88,segunda
datahub-football-data,laliga-2025-2026-2025-10-04-real-madrid-villarreal,Real Madrid,30,primera
datahub-football-data,laliga-2025-2026-2025-10-04-real-madrid-villarreal,Real Madrid,40,primera
datahub-football-data,laliga-2025-2026-2025-10-04-real-madrid-villarreal,Real Madrid,51,segunda
datahub-football-data,laliga-2025-2026-2025-10-04-real-madrid-villarreal,Villarreal,63,segunda
datahub-football-data,laliga-2025-2026-2025-10-05-alaves-elche,Alaves,66,segunda
datahub-football-data,laliga-2025-2026-2025-10-05-alaves-elche,Alaves,72,segunda
datahub-football-data,laliga-2025-2026-2025-10-05-alaves-elche,Alaves,81,segunda
datahub-football-data,laliga-2025-2026-2025-10-05-alaves-elche,Elche,88,segunda
datahub-football-data,laliga-2025-2026-2025-10-05-celta-ath-madrid,Celta,17,primera
datahub-football-data,laliga-2025-2026-2025-10-05-celta-ath-madrid,Ath Madrid,29,primera
datahub-football-data,laliga-2025-2026-2025-10-05-espanol-betis,Espanol,54,segunda
datahub-football-data,laliga-2025-2026-2025-10-05-espanol-betis,Betis,66,segunda
datahub-football-data,laliga-2025-2026-2025-10-05-espanol-betis,Betis,72,segunda
datahub-football-data,laliga-2025-2026-2025-10-05-sevilla-barcelona,Sevilla,8,primera
datahub-football-data,laliga-2025-2026-2025-10-05-sevilla-barcelona,Sevilla,19,primera
datahub-football-data,laliga-2025-2026-2025-10-05-sevilla-barcelona,Sevilla,76,segunda
datahub-football-data,laliga-2025-2026-2025-10-05-sevilla-barcelona,Sevilla,80,segunda
datahub-football-data,laliga-2025-2026-2025-10-05-sevilla-barcelona,Barcelona,87,segunda
datahub-football-data,laliga-2025-2026-2025-10-05-sociedad-vallecano,Vallecano,39,primera
datahub-football-data,laliga-2025-2026-2025-10-17-oviedo-espanol,Espanol,63,segunda
datahub-football-data,laliga-2025-2026-2025-10-17-oviedo-espanol,Espanol,74,segunda
datahub-football-data,laliga-2025-2026-2025-10-18-ath-madrid-osasuna,Ath Madrid,7,primera
datahub-football-data,laliga-2025-2026-2025-10-18-barcelona-girona,Barcelona,7,primera
datahub-football-data,laliga-2025-2026-2025-10-18-barcelona-girona,Barcelona,84,segunda
datahub-football-data,laliga-2025-2026-2025-10-18-barcelona-girona,Girona,86,segunda
datahub-football-data,laliga-2025-2026-2025-10-18-sevilla-mallorca,Sevilla,20,primera
datahub-football-data,laliga-2025-2026-2025-10-18-sevilla-mallorca,Mallorca,27,primera
datahub-football-data,laliga-2025-2026-2025-10-18-sevilla-mallorca,Mallorca,37,primera
datahub-football-data,laliga-2025-2026-2025-10-18-sevilla-mallorca,Mallorca,53,segunda
datahub-football-data,laliga-2025-2026-2025-10-18-villarreal-betis,Villarreal,7,primera
datahub-football-data,laliga-2025-2026-2025-10-18-villarreal-betis,Villarreal,18,primera
datahub-football-data,laliga-2025-2026-2025-10-18-villarreal-betis,Betis,30,primera
datahub-football-data,laliga-2025-2026-2025-10-18-villarreal-betis,Betis,86,segunda
datahub-football-data,laliga-2025-2026-2025-10-19-celta-sociedad,Celta,27,primera
datahub-football-data,laliga-2025-2026-2025-10-19-celta-sociedad,Sociedad,37,primera
datahub-football-data,laliga-2025-2026-2025-10-19-getafe-real-madrid,Real Madrid,53,segunda
datahub-football-data,laliga-2025-2026-2025-10-19-levante-vallecano,Vallecano,54,segunda
datahub-football-data,laliga-2025-2026-2025-10-19-levante-vallecano,Vallecano,66,segunda
datahub-football-data,laliga-2025-2026-2025-10-19-levante-vallecano,Vallecano,72,segunda
datahub-football-data,laliga-2025-2026-2025-10-24-sociedad-sevilla,Sociedad,39,primera
datahub-football-data,laliga-2025-2026-2025-10-24-sociedad-sevilla,Sociedad,55,segunda
datahub-football-data,laliga-2025-2026-2025-10-24-sociedad-sevilla,Sevilla,62,segunda
datahub-football-data,laliga-2025-2026-2025-10-25-ath-bilbao-getafe,Getafe,53,segunda
datahub-football-data,laliga-2025-2026-2025-10-25-espanol-elche,Espanol,38,primera
datahub-football-data,laliga-2025-2026-2025-10-25-girona-oviedo,Girona,6,primera
datahub-football-data,laliga-2025-2026-2025-10-25-girona-oviedo,Girona,17,primera
datahub-football-data,laliga-2025-2026-2025-10-25-girona-oviedo,Girona,29,primera
datahub-football-data,laliga-2025-2026-2025-10-25-girona-oviedo,Oviedo,39,primera
datahub-football-data,laliga-2025-2026-2025-10-25-girona-oviedo,Oviedo,83,segunda
datahub-football-data,laliga-2025-2026-2025-10-25-girona-oviedo,Oviedo,90,segunda
datahub-football-data,laliga-2025-2026-2025-10-25-valencia-villarreal,Villarreal,53,segunda
datahub-football-data,laliga-2025-2026-2025-10-25-valencia-villarreal,Villarreal,65,segunda
datahub-football-data,laliga-2025-2026-2025-10-26-mallorca-levante,Mallorca,81,segunda
datahub-football-data,laliga-2025-2026-2025-10-26-mallorca-levante,Levante,88,segunda
datahub-football-data,laliga-2025-2026-2025-10-26-osasuna-celta,Osasuna,38,primera
datahub-football-data,laliga-2025-2026-2025-10-26-osasuna-celta,Osasuna,54,segunda
datahub-football-data,laliga-2025-2026-2025-10-26-osasuna-celta,Celta,66,segunda
datahub-football-data,laliga-2025-2026-2025-10-26-osasuna-celta,Celta,72,segunda
datahub-football-data,laliga-2025-2026-2025-10-26-osasuna-celta,Celta,81,segunda
datahub-football-data,laliga-2025-2026-2025-10-26-real-madrid-barcelona,Real Madrid,53,segunda
datahub-football-data,laliga-2025-2026-2025-10-26-real-madrid-barcelona,Real Madrid,65,segunda
datahub-football-data,laliga-2025-2026-2025-10-26-real-madrid-barcelona,Barcelona,76,segunda
datahub-football-data,laliga-2025-2026-2025-10-26-vallecano-alaves,Vallecano,17,primera
datahub-football-data,laliga-2025-2026-2025-10-27-betis-ath-madrid,Ath Madrid,7,primera
datahub-football-data,laliga-2025-2026-2025-10-27-betis-ath-madrid,Ath Madrid,18,primera
datahub-football-data,laliga-2025-2026-2025-10-31-getafe-girona,Getafe,73,segunda
datahub-football-data,laliga-2025-2026-2025-10-31-getafe-girona,Getafe,82,segunda
datahub-football-data,laliga-2025-2026-2025-10-31-getafe-girona,Girona,89,segunda
datahub-football-data,laliga-2025-2026-2025-11-01-ath-madrid-sevilla,Ath Madrid,27,primera
datahub-football-data,laliga-2025-2026-2025-11-01-ath-madrid-sevilla,Ath Madrid,37,primera
datahub-football-data,laliga-2025-2026-2025-11-01-ath-madrid-sevilla,Ath Madrid,53,segunda
datahub-football-data,laliga-2025-2026-2025-11-01-real-madrid-valencia,Real Madrid,54,segunda
datahub-football-data,laliga-2025-2026-2025-11-01-real-madrid-valencia,Real Madrid,66,segunda
datahub-football-data,laliga-2025-2026-2025-11-01-real-madrid-valencia,Real Madrid,72,segunda
datahub-football-data,laliga-2025-2026-2025-11-01-real-madrid-valencia,Real Madrid,81,segunda
datahub-football-data,laliga-2025-2026-2025-11-01-sociedad-ath-bilbao,Sociedad,6,primera
datahub-football-data,laliga-2025-2026-2025-11-01-sociedad-ath-bilbao,Sociedad,17,primera
datahub-football-data,laliga-2025-2026-2025-11-01-sociedad-ath-bilbao,Sociedad,29,primera
datahub-football-data,laliga-2025-2026-2025-11-01-sociedad-ath-bilbao,Ath Bilbao,39,primera
datahub-football-data,laliga-2025-2026-2025-11-01-sociedad-ath-bilbao,Ath Bilbao,55,segunda
datahub-football-data,laliga-2025-2026-2025-11-01-villarreal-vallecano,Villarreal,7,primera
datahub-football-data,laliga-2025-2026-2025-11-01-villarreal-vallecano,Villarreal,18,primera
datahub-football-data,laliga-2025-2026-2025-11-01-villarreal-vallecano,Villarreal,84,segunda
datahub-football-data,laliga-2025-2026-2025-11-01-villarreal-vallecano,Villarreal,86,segunda
datahub-football-data,laliga-2025-2026-2025-11-02-alaves-espanol,Alaves,16,primera
datahub-football-data,laliga-2025-2026-2025-11-02-alaves-espanol,Alaves,28,primera
datahub-football-data,laliga-2025-2026-2025-11-02-alaves-espanol,Espanol,38,primera
datahub-football-data,laliga-2025-2026-2025-11-02-barcelona-elche,Barcelona,6,primera
datahub-football-data,laliga-2025-2026-2025-11-02-barcelona-elche,Barcelona,17,primera
datahub-football-data,laliga-2025-2026-2025-11-02-barcelona-elche,Barcelona,83,segunda
datahub-football-data,laliga-2025-2026-2025-11-02-barcelona-elche,Elche,90,segunda
datahub-football-data,laliga-2025-2026-2025-11-02-betis-mallorca,Betis,30,primera
datahub-football-data,laliga-2025-2026-2025-11-02-betis-mallorca,Betis,40,primera
datahub-football-data,laliga-2025-2026-2025-11-02-betis-mallorca,Betis,51,segunda
datahub-football-data,laliga-2025-2026-2025-11-02-levante-celta,Levante,10,primera
datahub-football-data,laliga-2025-2026-2025-11-02-levante-celta,Celta,16,primera
datahub-football-data,laliga-2025-2026-2025-11-02-levante-celta,Celta,89,segunda
datahub-football-data,laliga-2025-2026-2025-11-07-elche-sociedad,Elche,27,primera
datahub-football-data,laliga-2025-2026-2025-11-07-elche-sociedad,Sociedad,37,primera
datahub-football-data,laliga-2025-2026-2025-11-08-ath-madrid-levante,Ath Madrid,62,segunda
datahub-football-data,laliga-2025-2026-2025-11-08-ath-madrid-levante,Ath Madrid,73,segunda
datahub-football-data,laliga-2025-2026-2025-11-08-ath-madrid-levante,Ath Madrid,82,segunda
datahub-football-data,laliga-2025-2026-2025-11-08-ath-madrid-levante,Levante,89,segunda
datahub-football-data,laliga-2025-2026-2025-11-08-espanol-villarreal,Villarreal,64,segunda
datahub-football-data,laliga-2025-2026-2025-11-08-espanol-villarreal,Villarreal,75,segunda
datahub-football-data,laliga-2025-2026-2025-11-08-girona-alaves,Girona,39,primera
datahub-football-data,laliga-2025-2026-2025-11-08-sevilla-osasuna,Sevilla,30,primera
datahub-football-data,laliga-2025-2026-2025-11-09-ath-bilbao-oviedo,Ath Bilbao,89,segunda
datahub-football-data,laliga-2025-2026-2025-11-09-celta-barcelona,Celta,8,primera
datahub-football-data,laliga-2025-2026-2025-11-09-celta-barcelona,Celta,19,primera
datahub-football-data,laliga-2025-2026-2025-11-09-celta-barcelona,Barcelona,31,primera
datahub-football-data,laliga-2025-2026-2025-11-09-celta-barcelona,Barcelona,36,primera
datahub-football-data,laliga-2025-2026-2025-11-09-celta-barcelona,Barcelona,52,segunda
datahub-football-data,laliga-2025-2026-2025-11-09-celta-barcelona,Barcelona,87,segunda
datahub-football-data,laliga-2025-2026-2025-11-09-mallorca-getafe,Mallorca,31,primera
datahub-football-data,laliga-2025-2026-2025-11-09-valencia-betis,Valencia,9,primera
datahub-football-data,laliga-2025-2026-2025-11-09-valencia-betis,Betis,20,primera
datahub-football-data,laliga-2025-2026-2025-11-21-valencia-levante,Valencia,80,segunda
datahub-football-data,laliga-2025-2026-2025-11-22-alaves-celta,Celta,28,primera
datahub-football-data,laliga-2025-2026-2025-11-22-barcelona-ath-bilbao,Barcelona,62,segunda
datahub-football-data,laliga-2025-2026-2025-11-22-barcelona-ath-bilbao,Barcelona,73,segunda
datahub-football-data,laliga-2025-2026-2025-11-22-barcelona-ath-bilbao,Barcelona,82,segunda
datahub-football-data,laliga-2025-2026-2025-11-22-barcelona-ath-bilbao,Barcelona,89,segunda
datahub-football-data,laliga-2025-2026-2025-11-22-osasuna-sociedad,Osasuna,38,primera
datahub-football-data,laliga-2025-2026-2025-11-22-osasuna-sociedad,Sociedad,54,segunda
datahub-football-data,laliga-2025-2026-2025-11-22-osasuna-sociedad,Sociedad,66,segunda
datahub-football-data,laliga-2025-2026-2025-11-22-osasuna-sociedad,Sociedad,72,segunda
datahub-football-data,laliga-2025-2026-2025-11-22-villarreal-mallorca,Villarreal,9,primera
datahub-football-data,laliga-2025-2026-2025-11-22-villarreal-mallorca,Villarreal,20,primera
datahub-football-data,laliga-2025-2026-2025-11-22-villarreal-mallorca,Mallorca,88,segunda
datahub-football-data,laliga-2025-2026-2025-11-23-betis-girona,Betis,66,segunda
datahub-football-data,laliga-2025-2026-2025-11-23-betis-girona,Girona,72,segunda
datahub-football-data,laliga-2025-2026-2025-11-23-elche-real-madrid,Elche,10,primera
datahub-football-data,laliga-2025-2026-2025-11-23-elche-real-madrid,Elche,16,primera
datahub-football-data,laliga-2025-2026-2025-11-23-elche-real-madrid,Real Madrid,28,primera
datahub-football-data,laliga-2025-2026-2025-11-23-elche-real-madrid,Real Madrid,38,primera
datahub-football-data,laliga-2025-2026-2025-11-23-getafe-ath-madrid,Ath Madrid,55,segunda
datahub-football-data,laliga-2025-2026-2025-11-24-espanol-sevilla,Espanol,30,primera
datahub-football-data,laliga-2025-2026-2025-11-24-espanol-sevilla,Espanol,40,primera
datahub-football-data,laliga-2025-2026-2025-11-24-espanol-sevilla,Sevilla,51,segunda
datahub-football-data,laliga-2025-2026-2025-11-28-getafe-elche,Getafe,83,segunda
datahub-football-data,laliga-2025-2026-2025-11-29-ath-madrid-oviedo,Ath Madrid,38,primera
datahub-football-data,laliga-2025-2026-2025-11-29-ath-madrid-oviedo,Ath Madrid,54,segunda
datahub-football-data,laliga-2025-2026-2025-11-29-barcelona-alaves,Barcelona,53,segunda
datahub-football-data,laliga-2025-2026-2025-11-29-barcelona-alaves,Barcelona,65,segunda
datahub-football-data,laliga-2025-2026-2025-11-29-barcelona-alaves,Barcelona,76,segunda
datahub-football-data,laliga-2025-2026-2025-11-29-barcelona-alaves,Alaves,80,segunda
datahub-football-data,laliga-2025-2026-2025-11-29-levante-ath-bilbao,Ath Bilbao,62,segunda
datahub-football-data,laliga-2025-2026-2025-11-29-levante-ath-bilbao,Ath Bilbao,73,segunda
datahub-football-data,laliga-2025-2026-2025-11-29-mallorca-osasuna,Mallorca,8,primera
datahub-football-data,laliga-2025-2026-2025-11-29-mallorca-osasuna,Mallorca,19,primera
datahub-football-data,laliga-2025-2026-2025-11-29-mallorca-osasuna,Osasuna,80,segunda
datahub-football-data,laliga-2025-2026-2025-11-29-mallorca-osasuna,Osasuna,87,segunda
datahub-football-data,laliga-2025-2026-2025-11-30-celta-espanol,Espanol,89,segunda
datahub-football-data,laliga-2025-2026-2025-11-30-girona-real-madrid,Girona,54,segunda
datahub-football-data,laliga-2025-2026-2025-11-30-girona-real-madrid,Real Madrid,66,segunda
datahub-football-data,laliga-2025-2026-2025-11-30-sevilla-betis,Betis,9,primera
datahub-football-data,laliga-2025-2026-2025-11-30-sevilla-betis,Betis,20,primera
datahub-football-data,laliga-2025-2026-2025-11-30-sociedad-villarreal,Sociedad,6,primera
datahub-football-data,laliga-2025-2026-2025-11-30-sociedad-villarreal,Sociedad,63,segunda
datahub-football-data,laliga-2025-2026-2025-11-30-sociedad-villarreal,Villarreal,74,segunda
datahub-football-data,laliga-2025-2026-2025-11-30-sociedad-villarreal,Villarreal,83,segunda
datahub-football-data,laliga-2025-2026-2025-11-30-sociedad-villarreal,Villarreal,90,segunda
datahub-football-data,laliga-2025-2026-2025-12-01-vallecano-valencia,Vallecano,40,primera
datahub-football-data,laliga-2025-2026-2025-12-01-vallecano-valencia,Valencia,51,segunda
datahub-football-data,laliga-2025-2026-2025-12-02-barcelona-ath-madrid,Barcelona,54,segunda
datahub-football-data,laliga-2025-2026-2025-12-02-barcelona-ath-madrid,Barcelona,66,segunda
datahub-football-data,laliga-2025-2026-2025-12-02-barcelona-ath-madrid,Barcelona,72,segunda
datahub-football-data,laliga-2025-2026-2025-12-02-barcelona-ath-madrid,Ath Madrid,81,segunda
datahub-football-data,laliga-2025-2026-2025-12-03-ath-bilbao-real-madrid,Real Madrid,38,primera
datahub-football-data,laliga-2025-2026-2025-12-03-ath-bilbao-real-madrid,Real Madrid,54,segunda
datahub-football-data,laliga-2025-2026-2025-12-03-ath-bilbao-real-madrid,Real Madrid,66,segunda
datahub-football-data,laliga-2025-2026-2025-12-06-alaves-sociedad,Alaves,90,segunda
datahub-football-data,laliga-2025-2026-2025-12-06-ath-bilbao-ath-madrid,Ath Bilbao,89,segunda
datahub-football-data,laliga-2025-2026-2025-12-06-betis-barcelona,Betis,10,primera
datahub-football-data,laliga-2025-2026-2025-12-06-betis-barcelona,Betis,16,primera
datahub-football-data,laliga-2025-2026-2025-12-06-betis-barcelona,Betis,39,primera
datahub-football-data,laliga-2025-2026-2025-12-06-betis-barcelona,Barcelona,55,segunda
datahub-football-data,laliga-2025-2026-2025-12-06-betis-barcelona,Barcelona,62,segunda
datahub-football-data,laliga-2025-2026-2025-12-06-betis-barcelona,Barcelona,73,segunda
datahub-football-data,laliga-2025-2026-2025-12-06-betis-barcelona,Barcelona,82,segunda
datahub-football-data,laliga-2025-2026-2025-12-06-betis-barcelona,Barcelona,89,segunda
datahub-football-data,laliga-2025-2026-2025-12-06-villarreal-getafe,Villarreal,28,primera
datahub-football-data,laliga-2025-2026-2025-12-06-villarreal-getafe,Villarreal,38,primera
datahub-football-data,laliga-2025-2026-2025-12-07-elche-girona,Elche,9,primera
datahub-football-data,laliga-2025-2026-2025-12-07-elche-girona,Elche,20,primera
datahub-football-data,laliga-2025-2026-2025-12-07-elche-girona,Elche,88,segunda
datahub-football-data,laliga-2025-2026-2025-12-07-espanol-vallecano,Espanol,38,primera
datahub-football-data,laliga-2025-2026-2025-12-07-real-madrid-celta,Celta,52,segunda
datahub-football-data,laliga-2025-2026-2025-12-07-real-madrid-celta,Celta,64,segunda
datahub-football-data,laliga-2025-2026-2025-12-07-valencia-sevilla,Valencia,38,primera
datahub-football-data,laliga-2025-2026-2025-12-07-valencia-sevilla,Sevilla,54,segunda
datahub-football-data,laliga-2025-2026-2025-12-08-osasuna-levante,Osasuna,9,primera
datahub-football-data,laliga-2025-2026-2025-12-08-osasuna-levante,Osasuna,88,segunda
datahub-football-data,laliga-2025-2026-2025-12-12-sociedad-girona,Sociedad,29,primera
datahub-football-data,laliga-2025-2026-2025-12-12-sociedad-girona,Girona,39,primera
datahub-football-data,laliga-2025-2026-2025-12-12-sociedad-girona,Girona,55,segunda
datahub-football-data,laliga-2025-2026-2025-12-13-ath-madrid-valencia,Ath Madrid,8,primera
datahub-football-data,laliga-2025-2026-2025-12-13-ath-madrid-valencia,Ath Madrid,19,primera
datahub-football-data,laliga-2025-2026-2025-12-13-ath-madrid-valencia,Valencia,31,primera
datahub-football-data,laliga-2025-2026-2025-12-13-barcelona-osasuna,Barcelona,6,primera
datahub-football-data,laliga-2025-2026-2025-12-13-barcelona-osasuna,Barcelona,90,segunda
datahub-football-data,laliga-2025-2026-2025-12-13-getafe-espanol,Espanol,87,segunda
datahub-football-data,laliga-2025-2026-2025-12-13-mallorca-elche,Mallorca,10,primera
datahub-football-data,laliga-2025-2026-2025-12-13-mallorca-elche,Mallorca,16,primera
datahub-football-data,laliga-2025-2026-2025-12-13-mallorca-elche,Mallorca,28,primera
datahub-football-data,laliga-2025-2026-2025-12-13-mallorca-elche,Elche,38,primera
datahub-football-data,laliga-2025-2026-2025-12-14-alaves-real-madrid,Alaves,8,primera
datahub-football-data,laliga-2025-2026-2025-12-14-alaves-real-madrid,Real Madrid,19,primera
datahub-football-data,laliga-2025-2026-2025-12-14-alaves-real-madrid,Real Madrid,31,primera
datahub-football-data,laliga-2025-2026-2025-12-14-celta-ath-bilbao,Celta,40,primera
datahub-football-data,laliga-2025-2026-2025-12-14-celta-ath-bilbao,Celta,51,segunda
datahub-football-data,laliga-2025-2026-2025-12-14-sevilla-oviedo,Sevilla,7,primera
datahub-football-data,laliga-2025-2026-2025-12-14-sevilla-oviedo,Sevilla,75,segunda
datahub-football-data,laliga-2025-2026-2025-12-14-sevilla-oviedo,Sevilla,84,segunda
datahub-football-data,laliga-2025-2026-2025-12-14-sevilla-oviedo,Sevilla,86,segunda
datahub-football-data,laliga-2025-2026-2025-12-19-valencia-mallorca,Valencia,65,segunda
datahub-football-data,laliga-2025-2026-2025-12-19-valencia-mallorca,Mallorca,76,segunda
datahub-football-data,laliga-2025-2026-2025-12-20-levante-sociedad,Levante,28,primera
datahub-football-data,laliga-2025-2026-2025-12-20-levante-sociedad,Sociedad,38,primera
datahub-football-data,laliga-2025-2026-2025-12-20-osasuna-alaves,Osasuna,66,segunda
datahub-football-data,laliga-2025-2026-2025-12-20-osasuna-alaves,Osasuna,72,segunda
datahub-football-data,laliga-2025-2026-2025-12-20-osasuna-alaves,Osasuna,81,segunda
datahub-football-data,laliga-2025-2026-2025-12-20-real-madrid-sevilla,Real Madrid,28,primera
datahub-football-data,laliga-2025-2026-2025-12-20-real-madrid-sevilla,Real Madrid,38,primera
datahub-football-data,laliga-2025-2026-2025-12-21-betis-getafe,Betis,6,primera
datahub-football-data,laliga-2025-2026-2025-12-21-betis-getafe,Betis,17,primera
datahub-football-data,laliga-2025-2026-2025-12-21-betis-getafe,Betis,29,primera
datahub-football-data,laliga-2025-2026-2025-12-21-betis-getafe,Betis,90,segunda
datahub-football-data,laliga-2025-2026-2025-12-21-elche-vallecano,Elche,16,primera
datahub-football-data,laliga-2025-2026-2025-12-21-elche-vallecano,Elche,28,primera
datahub-football-data,laliga-2025-2026-2025-12-21-elche-vallecano,Elche,38,primera
datahub-football-data,laliga-2025-2026-2025-12-21-elche-vallecano,Elche,54,segunda
datahub-football-data,laliga-2025-2026-2025-12-21-girona-ath-madrid,Ath Madrid,6,primera
datahub-football-data,laliga-2025-2026-2025-12-21-girona-ath-madrid,Ath Madrid,17,primera
datahub-football-data,laliga-2025-2026-2025-12-21-girona-ath-madrid,Ath Madrid,90,segunda
datahub-football-data,laliga-2025-2026-2025-12-21-villarreal-barcelona,Barcelona,76,segunda
datahub-football-data,laliga-2025-2026-2025-12-21-villarreal-barcelona,Barcelona,80,segunda
datahub-football-data,laliga-2025-2026-2025-12-22-ath-bilbao-espanol,Ath Bilbao,6,primera
datahub-football-data,laliga-2025-2026-2025-12-22-ath-bilbao-espanol,Espanol,17,primera
datahub-football-data,laliga-2025-2026-2025-12-22-ath-bilbao-espanol,Espanol,90,segunda
datahub-football-data,laliga-2025-2026-2026-01-02-vallecano-getafe,Vallecano,28,primera
datahub-football-data,laliga-2025-2026-2026-01-02-vallecano-getafe,Getafe,38,primera
datahub-football-data,laliga-2025-2026-2026-01-03-celta-valencia,Celta,9,primera
datahub-football-data,laliga-2025-2026-2026-01-03-celta-valencia,Celta,20,primera
datahub-football-data,laliga-2025-2026-2026-01-03-celta-valencia,Celta,72,segunda
datahub-football-data,laliga-2025-2026-2026-01-03-celta-valencia,Celta,81,segunda
datahub-football-data,laliga-2025-2026-2026-01-03-celta-valencia,Valencia,88,segunda
datahub-football-data,laliga-2025-2026-2026-01-03-elche-villarreal,Elche,19,primera
datahub-football-data,laliga-2025-2026-2026-01-03-elche-villarreal,Villarreal,31,primera
datahub-football-data,laliga-2025-2026-2026-01-03-elche-villarreal,Villarreal,36,primera
datahub-football-data,laliga-2025-2026-2026-01-03-elche-villarreal,Villarreal,52,segunda
datahub-football-data,laliga-2025-2026-2026-01-03-espanol-barcelona,Barcelona,72,segunda
datahub-football-data,laliga-2025-2026-2026-01-03-espanol-barcelona,Barcelona,81,segunda
datahub-football-data,laliga-2025-2026-2026-01-03-osasuna-ath-bilbao,Osasuna,73,segunda
datahub-football-data,laliga-2025-2026-2026-01-03-osasuna-ath-bilbao,Ath Bilbao,82,segunda
datahub-football-data,laliga-2025-2026-2026-01-04-alaves-oviedo,Alaves,52,segunda
datahub-football-data,laliga-2025-2026-2026-01-04-alaves-oviedo,Oviedo,64,segunda
datahub-football-data,laliga-2025-2026-2026-01-04-mallorca-girona,Mallorca,17,primera
datahub-football-data,laliga-2025-2026-2026-01-04-mallorca-girona,Girona,29,primera
datahub-football-data,laliga-2025-2026-2026-01-04-mallorca-girona,Girona,39,primera
datahub-football-data,laliga-2025-2026-2026-01-04-real-madrid-betis,Real Madrid,7,primera
datahub-football-data,laliga-2025-2026-2026-01-04-real-madrid-betis,Real Madrid,18,primera
datahub-football-data,laliga-2025-2026-2026-01-04-real-madrid-betis,Real Madrid,30,primera
datahub-football-data,laliga-2025-2026-2026-01-04-real-madrid-betis,Real Madrid,40,primera
datahub-football-data,laliga-2025-2026-2026-01-04-real-madrid-betis,Real Madrid,51,segunda
datahub-football-data,laliga-2025-2026-2026-01-04-real-madrid-betis,Betis,63,segunda
datahub-football-data,laliga-2025-2026-2026-01-04-sevilla-levante,Levante,63,segunda
datahub-football-data,laliga-2025-2026-2026-01-04-sevilla-levante,Levante,74,segunda
datahub-football-data,laliga-2025-2026-2026-01-04-sevilla-levante,Levante,83,segunda
datahub-football-data,laliga-2025-2026-2026-01-04-sociedad-ath-madrid,Sociedad,82,segunda
datahub-football-data,laliga-2025-2026-2026-01-04-sociedad-ath-madrid,Ath Madrid,89,segunda
datahub-football-data,laliga-2025-2026-2026-01-09-getafe-sociedad,Getafe,51,segunda
datahub-football-data,laliga-2025-2026-2026-01-09-getafe-sociedad,Sociedad,63,segunda
datahub-football-data,laliga-2025-2026-2026-01-09-getafe-sociedad,Sociedad,74,segunda
datahub-football-data,laliga-2025-2026-2026-01-10-girona-osasuna,Girona,72,segunda
datahub-football-data,laliga-2025-2026-2026-01-10-oviedo-betis,Oviedo,54,segunda
datahub-football-data,laliga-2025-2026-2026-01-10-oviedo-betis,Betis,66,segunda
datahub-football-data,laliga-2025-2026-2026-01-10-valencia-elche,Valencia,51,segunda
datahub-football-data,laliga-2025-2026-2026-01-10-valencia-elche,Elche,63,segunda
datahub-football-data,laliga-2025-2026-2026-01-10-villarreal-alaves,Villarreal,9,primera
datahub-football-data,laliga-2025-2026-2026-01-10-villarreal-alaves,Villarreal,20,primera
datahub-football-data,laliga-2025-2026-2026-01-10-villarreal-alaves,Villarreal,27,primera
datahub-football-data,laliga-2025-2026-2026-01-10-villarreal-alaves,Alaves,88,segunda
datahub-football-data,laliga-2025-2026-2026-01-11-levante-espanol,Levante,37,primera
datahub-football-data,laliga-2025-2026-2026-01-11-levante-espanol,Espanol,53,segunda
datahub-football-data,laliga-2025-2026-2026-01-11-vallecano-mallorca,Vallecano,10,primera
datahub-football-data,laliga-2025-2026-2026-01-11-vallecano-mallorca,Vallecano,16,primera
datahub-football-data,laliga-2025-2026-2026-01-11-vallecano-mallorca,Mallorca,89,segunda
datahub-football-data,laliga-2025-2026-2026-01-12-sevilla-celta,Celta,73,segunda
datahub-football-data,laliga-2025-2026-2026-01-16-espanol-girona,Girona,75,segunda
datahub-football-data,laliga-2025-2026-2026-01-16-espanol-girona,Girona,84,segunda
datahub-football-data,laliga-2025-2026-2026-01-17-betis-villarreal,Betis,83,segunda
datahub-football-data,laliga-2025-2026-2026-01-17-betis-villarreal,Betis,90,segunda
datahub-football-data,laliga-2025-2026-2026-01-17-mallorca-ath-bilbao,Mallorca,7,primera
datahub-football-data,laliga-2025-2026-2026-01-17-mallorca-ath-bilbao,Mallorca,18,primera
datahub-football-data,laliga-2025-2026-2026-01-17-mallorca-ath-bilbao,Mallorca,30,primera
datahub-football-data,laliga-2025-2026-2026-01-17-mallorca-ath-bilbao,Ath Bilbao,84,segunda
datahub-football-data,laliga-2025-2026-2026-01-17-mallorca-ath-bilbao,Ath Bilbao,86,segunda
datahub-football-data,laliga-2025-2026-2026-01-17-osasuna-oviedo,Osasuna,20,primera
datahub-football-data,laliga-2025-2026-2026-01-17-osasuna-oviedo,Osasuna,27,primera
datahub-football-data,laliga-2025-2026-2026-01-17-osasuna-oviedo,Osasuna,37,primera
datahub-football-data,laliga-2025-2026-2026-01-17-osasuna-oviedo,Oviedo,53,segunda
datahub-football-data,laliga-2025-2026-2026-01-17-osasuna-oviedo,Oviedo,65,segunda
datahub-football-data,laliga-2025-2026-2026-01-17-real-madrid-levante,Real Madrid,7,primera
datahub-football-data,laliga-2025-2026-2026-01-17-real-madrid-levante,Real Madrid,18,primera
datahub-football-data,laliga-2025-2026-2026-01-18-ath-madrid-alaves,Ath Madrid,74,segunda
datahub-football-data,laliga-2025-2026-2026-01-18-celta-vallecano,Celta,38,primera
datahub-football-data,laliga-2025-2026-2026-01-18-celta-vallecano,Celta,54,segunda
datahub-football-data,laliga-2025-2026-2026-01-18-celta-vallecano,Celta,66,segunda
datahub-football-data,laliga-2025-2026-2026-01-18-getafe-valencia,Valencia,84,segunda
datahub-football-data,laliga-2025-2026-2026-01-18-sociedad-barcelona,Sociedad,39,primera
datahub-football-data,laliga-2025-2026-2026-01-18-sociedad-barcelona,Sociedad,55,segunda
datahub-football-data,laliga-2025-2026-2026-01-18-sociedad-barcelona,Barcelona,62,segunda
datahub-football-data,laliga-2025-2026-2026-01-19-elche-sevilla,Elche,6,primera
datahub-football-data,laliga-2025-2026-2026-01-19-elche-sevilla,Elche,17,primera
datahub-football-data,laliga-2025-2026-2026-01-19-elche-sevilla,Sevilla,29,primera
datahub-football-data,laliga-2025-2026-2026-01-19-elche-sevilla,Sevilla,39,primera
datahub-football-data,laliga-2025-2026-2026-01-23-levante-elche,Levante,54,segunda
datahub-football-data,laliga-2025-2026-2026-01-23-levante-elche,Levante,66,segunda
datahub-football-data,laliga-2025-2026-2026-01-23-levante-elche,Levante,72,segunda
datahub-football-data,laliga-2025-2026-2026-01-23-levante-elche,Elche,81,segunda
datahub-football-data,laliga-2025-2026-2026-01-23-levante-elche,Elche,88,segunda
datahub-football-data,laliga-2025-2026-2026-01-24-sevilla-ath-bilbao,Sevilla,20,primera
datahub-football-data,laliga-2025-2026-2026-01-24-sevilla-ath-bilbao,Sevilla,27,primera
datahub-football-data,laliga-2025-2026-2026-01-24-sevilla-ath-bilbao,Ath Bilbao,37,primera
datahub-football-data,laliga-2025-2026-2026-01-24-valencia-espanol,Valencia,6,primera
datahub-football-data,laliga-2025-2026-2026-01-24-valencia-espanol,Valencia,17,primera
datahub-football-data,laliga-2025-2026-2026-01-24-valencia-espanol,Valencia,29,primera
datahub-football-data,laliga-2025-2026-2026-01-24-valencia-espanol,Espanol,83,segunda
datahub-football-data,laliga-2025-2026-2026-01-24-valencia-espanol,Espanol,90,segunda
datahub-football-data,laliga-2025-2026-2026-01-24-vallecano-osasuna,Vallecano,20,primera
datahub-football-data,laliga-2025-2026-2026-01-24-vallecano-osasuna,Osasuna,27,primera
datahub-football-data,laliga-2025-2026-2026-01-24-vallecano-osasuna,Osasuna,37,primera
datahub-football-data,laliga-2025-2026-2026-01-24-vallecano-osasuna,Osasuna,53,segunda
datahub-football-data,laliga-2025-2026-2026-01-24-villarreal-real-madrid,Real Madrid,19,primera
datahub-football-data,laliga-2025-2026-2026-01-24-villarreal-real-madrid,Real Madrid,31,primera
datahub-football-data,laliga-2025-2026-2026-01-25-alaves-betis,Alaves,66,segunda
datahub-football-data,laliga-2025-2026-2026-01-25-alaves-betis,Alaves,72,segunda
datahub-football-data,laliga-2025-2026-2026-01-25-alaves-betis,Betis,81,segunda
datahub-football-data,laliga-2025-2026-2026-01-25-ath-madrid-mallorca,Ath Madrid,18,primera
datahub-football-data,laliga-2025-2026-2026-01-25-ath-madrid-mallorca,Ath Madrid,30,primera
datahub-football-data,laliga-2025-2026-2026-01-25-ath-madrid-mallorca,Ath Madrid,40,primera
datahub-football-data,laliga-2025-2026-2026-01-25-barcelona-oviedo,Barcelona,10,primera
datahub-football-data,laliga-2025-2026-2026-01-25-barcelona-oviedo,Barcelona,16,primera
datahub-football-data,laliga-2025-2026-2026-01-25-barcelona-oviedo,Barcelona,28,primera
datahub-football-data,laliga-2025-2026-2026-01-25-sociedad-celta,Sociedad,65,segunda
datahub-football-data,laliga-2025-2026-2026-01-25-sociedad-celta,Sociedad,76,segunda
datahub-football-data,laliga-2025-2026-2026-01-25-sociedad-celta,Sociedad,80,segunda
datahub-football-data,laliga-2025-2026-2026-01-25-sociedad-celta,Celta,87,segunda
datahub-football-data,laliga-2025-2026-2026-01-26-girona-getafe,Girona,36,primera
datahub-football-data,laliga-2025-2026-2026-01-26-girona-getafe,Getafe,52,segunda
datahub-football-data,laliga-2025-2026-2026-01-30-espanol-alaves,Espanol,30,primera
datahub-football-data,laliga-2025-2026-2026-01-30-espanol-alaves,Alaves,40,primera
datahub-football-data,laliga-2025-2026-2026-01-30-espanol-alaves,Alaves,51,segunda
datahub-football-data,laliga-2025-2026-2026-01-31-elche-barcelona,Elche,6,primera
datahub-football-data,laliga-2025-2026-2026-01-31-elche-barcelona,Barcelona,17,primera
datahub-football-data,laliga-2025-2026-2026-01-31-elche-barcelona,Barcelona,29,primera
datahub-football-data,laliga-2025-2026-2026-01-31-elche-barcelona,Barcelona,90,segunda
datahub-football-data,laliga-2025-2026-2026-01-31-osasuna-villarreal,Osasuna,8,primera
datahub-football-data,laliga-2025-2026-2026-01-31-osasuna-villarreal,Osasuna,76,segunda
datahub-football-data,laliga-2025-2026-2026-01-31-osasuna-villarreal,Villarreal,80,segunda
datahub-football-data,laliga-2025-2026-2026-01-31-osasuna-villarreal,Villarreal,87,segunda
datahub-football-data,laliga-2025-2026-2026-01-31-oviedo-girona,Oviedo,20,primera
datahub-football-data,laliga-2025-2026-2026-02-01-ath-bilbao-sociedad,Ath Bilbao,81,segunda
datahub-football-data,laliga-2025-2026-2026-02-01-ath-bilbao-sociedad,Sociedad,88,segunda
datahub-football-data,laliga-2025-2026-2026-02-01-betis-valencia,Betis,31,primera
datahub-football-data,laliga-2025-2026-2026-02-01-betis-valencia,Betis,36,primera
datahub-football-data,laliga-2025-2026-2026-02-01-betis-valencia,Valencia,52,segunda
datahub-football-data,laliga-2025-2026-2026-02-01-real-madrid-vallecano,Real Madrid,6,primera
datahub-football-data,laliga-2025-2026-2026-02-01-real-madrid-vallecano,Real Madrid,17,primera
datahub-football-data,laliga-2025-2026-2026-02-01-real-madrid-vallecano,Vallecano,29,primera
datahub-football-data,laliga-2025-2026-2026-02-02-mallorca-sevilla,Mallorca,9,primera
datahub-football-data,laliga-2025-2026-2026-02-02-mallorca-sevilla,Mallorca,20,primera
datahub-football-data,laliga-2025-2026-2026-02-02-mallorca-sevilla,Mallorca,27,primera
datahub-football-data,laliga-2025-2026-2026-02-02-mallorca-sevilla,Mallorca,37,primera
datahub-football-data,laliga-2025-2026-2026-02-02-mallorca-sevilla,Sevilla,88,segunda
datahub-football-data,laliga-2025-2026-2026-02-06-celta-osasuna,Celta,40,primera
datahub-football-data,laliga-2025-2026-2026-02-06-celta-osasuna,Osasuna,51,segunda
datahub-football-data,laliga-2025-2026-2026-02-06-celta-osasuna,Osasuna,63,segunda
datahub-football-data,laliga-2025-2026-2026-02-07-barcelona-mallorca,Barcelona,39,primera
datahub-football-data,laliga-2025-2026-2026-02-07-barcelona-mallorca,Barcelona,55,segunda
datahub-football-data,laliga-2025-2026-2026-02-07-barcelona-mallorca,Barcelona,62,segunda
datahub-football-data,laliga-2025-2026-2026-02-07-sociedad-elche,Sociedad,6,primera
datahub-football-data,laliga-2025-2026-2026-02-07-sociedad-elche,Sociedad,17,primera
datahub-football-data,laliga-2025-2026-2026-02-07-sociedad-elche,Sociedad,29,primera
datahub-football-data,laliga-2025-2026-2026-02-07-sociedad-elche,Elche,90,segunda
datahub-football-data,laliga-2025-2026-2026-02-08-alaves-getafe,Getafe,19,primera
datahub-football-data,laliga-2025-2026-2026-02-08-alaves-getafe,Getafe,31,primera
datahub-football-data,laliga-2025-2026-2026-02-08-ath-bilbao-levante,Ath Bilbao,28,primera
datahub-football-data,laliga-2025-2026-2026-02-08-ath-bilbao-levante,Ath Bilbao,38,primera
datahub-football-data,laliga-2025-2026-2026-02-08-ath-bilbao-levante,Ath Bilbao,54,segunda
datahub-football-data,laliga-2025-2026-2026-02-08-ath-bilbao-levante,Ath Bilbao,66,segunda
datahub-football-data,laliga-2025-2026-2026-02-08-ath-bilbao-levante,Levante,72,segunda
datahub-football-data,laliga-2025-2026-2026-02-08-ath-bilbao-levante,Levante,81,segunda
datahub-football-data,laliga-2025-2026-2026-02-08-ath-madrid-betis,Betis,80,segunda
datahub-football-data,laliga-2025-2026-2026-02-08-sevilla-girona,Sevilla,28,primera
datahub-football-data,laliga-2025-2026-2026-02-08-sevilla-girona,Girona,38,primera
datahub-football-data,laliga-2025-2026-2026-02-08-valencia-real-madrid,Real Madrid,7,primera
datahub-football-data,laliga-2025-2026-2026-02-08-valencia-real-madrid,Real Madrid,86,segunda
datahub-football-data,laliga-2025-2026-2026-02-09-villarreal-espanol,Villarreal,10,primera
datahub-football-data,laliga-2025-2026-2026-02-09-villarreal-espanol,Villarreal,16,primera
datahub-football-data,laliga-2025-2026-2026-02-09-villarreal-espanol,Villarreal,28,primera
datahub-football-data,laliga-2025-2026-2026-02-09-villarreal-espanol,Villarreal,38,primera
datahub-football-data,laliga-2025-2026-2026-02-09-villarreal-espanol,Espanol,89,segunda
datahub-football-data,laliga-2025-2026-2026-02-14-espanol-celta,Espanol,19,primera
datahub-football-data,laliga-2025-2026-2026-02-14-espanol-celta,Espanol,31,primera
datahub-football-data,laliga-2025-2026-2026-02-14-espanol-celta,Celta,36,primera
datahub-football-data,laliga-2025-2026-2026-02-14-espanol-celta,Celta,52,segunda
datahub-football-data,laliga-2025-2026-2026-02-14-getafe-villarreal,Getafe,51,segunda
datahub-football-data,laliga-2025-2026-2026-02-14-getafe-villarreal,Getafe,63,segunda
datahub-football-data,laliga-2025-2026-2026-02-14-getafe-villarreal,Villarreal,74,segunda
datahub-football-data,laliga-2025-2026-2026-02-14-real-madrid-sociedad,Real Madrid,40,primera
datahub-football-data,laliga-2025-2026-2026-02-14-real-madrid-sociedad,Real Madrid,51,segunda
datahub-football-data,laliga-2025-2026-2026-02-14-real-madrid-sociedad,Real Madrid,63,segunda
datahub-football-data,laliga-2025-2026-2026-02-14-real-madrid-sociedad,Real Madrid,74,segunda
datahub-football-data,laliga-2025-2026-2026-02-14-real-madrid-sociedad,Sociedad,83,segunda
datahub-football-data,laliga-2025-2026-2026-02-14-sevilla-alaves,Sevilla,8,primera
datahub-football-data,laliga-2025-2026-2026-02-14-sevilla-alaves,Alaves,19,primera
datahub-football-data,laliga-2025-2026-2026-02-15-levante-valencia,Valencia,30,primera
datahub-football-data,laliga-2025-2026-2026-02-15-levante-valencia,Valencia,40,primera
datahub-football-data,laliga-2025-2026-2026-02-15-mallorca-betis,Mallorca,36,primera
datahub-football-data,laliga-2025-2026-2026-02-15-mallorca-betis,Betis,52,segunda
datahub-football-data,laliga-2025-2026-2026-02-15-mallorca-betis,Betis,64,segunda
datahub-football-data,laliga-2025-2026-2026-02-15-oviedo-ath-bilbao,Oviedo,72,segunda
datahub-football-data,laliga-2025-2026-2026-02-15-oviedo-ath-bilbao,Ath Bilbao,81,segunda
datahub-football-data,laliga-2025-2026-2026-02-15-oviedo-ath-bilbao,Ath Bilbao,88,segunda
datahub-football-data,laliga-2025-2026-2026-02-15-vallecano-ath-madrid,Vallecano,73,segunda
datahub-football-data,laliga-2025-2026-2026-02-15-vallecano-ath-madrid,Vallecano,82,segunda
datahub-football-data,laliga-2025-2026-2026-02-15-vallecano-ath-madrid,Vallecano,89,segunda
datahub-football-data,laliga-2025-2026-2026-02-16-girona-barcelona,Girona,17,primera
datahub-football-data,laliga-2025-2026-2026-02-16-girona-barcelona,Girona,29,primera
datahub-football-data,laliga-2025-2026-2026-02-16-girona-barcelona,Barcelona,39,primera
datahub-football-data,laliga-2025-2026-2026-02-18-levante-villarreal,Villarreal,64,segunda
datahub-football-data,laliga-2025-2026-2026-02-20-ath-bilbao-elche,Ath Bilbao,9,primera
datahub-football-data,laliga-2025-2026-2026-02-20-ath-bilbao-elche,Ath Bilbao,20,primera
datahub-football-data,laliga-2025-2026-2026-02-20-ath-bilbao-elche,Elche,88,segunda
datahub-football-data,laliga-2025-2026-2026-02-21-ath-madrid-espanol,Ath Madrid,18,primera
datahub-football-data,laliga-2025-2026-2026-02-21-ath-madrid-espanol,Ath Madrid,30,primera
datahub-football-data,laliga-2025-2026-2026-02-21-ath-madrid-espanol,Ath Madrid,40,primera
datahub-football-data,laliga-2025-2026-2026-02-21-ath-madrid-espanol,Ath Madrid,51,segunda
datahub-football-data,laliga-2025-2026-2026-02-21-ath-madrid-espanol,Espanol,63,segunda
datahub-football-data,laliga-2025-2026-2026-02-21-ath-madrid-espanol,Espanol,74,segunda
datahub-football-data,laliga-2025-2026-2026-02-21-betis-vallecano,Betis,55,segunda
datahub-football-data,laliga-2025-2026-2026-02-21-betis-vallecano,Vallecano,62,segunda
datahub-football-data,laliga-2025-2026-2026-02-21-osasuna-real-madrid,Osasuna,10,primera
datahub-football-data,laliga-2025-2026-2026-02-21-osasuna-real-madrid,Osasuna,16,primera
datahub-football-data,laliga-2025-2026-2026-02-21-osasuna-real-madrid,Real Madrid,28,primera
datahub-football-data,laliga-2025-2026-2026-02-21-sociedad-oviedo,Sociedad,20,primera
datahub-football-data,laliga-2025-2026-2026-02-21-sociedad-oviedo,Sociedad,27,primera
datahub-football-data,laliga-2025-2026-2026-02-21-sociedad-oviedo,Sociedad,37,primera
datahub-football-data,laliga-2025-2026-2026-02-21-sociedad-oviedo,Oviedo,53,segunda
datahub-football-data,laliga-2025-2026-2026-02-21-sociedad-oviedo,Oviedo,65,segunda
datahub-football-data,laliga-2025-2026-2026-02-21-sociedad-oviedo,Oviedo,76,segunda
datahub-football-data,laliga-2025-2026-2026-02-22-barcelona-levante,Barcelona,6,primera
datahub-football-data,laliga-2025-2026-2026-02-22-barcelona-levante,Barcelona,17,primera
datahub-football-data,laliga-2025-2026-2026-02-22-barcelona-levante,Barcelona,90,segunda
datahub-football-data,laliga-2025-2026-2026-02-22-celta-mallorca,Celta,10,primera
datahub-football-data,laliga-2025-2026-2026-02-22-celta-mallorca,Celta,89,segunda
datahub-football-data,laliga-2025-2026-2026-02-22-getafe-sevilla,Sevilla,17,primera
datahub-football-data,laliga-2025-2026-2026-02-22-villarreal-valencia,Villarreal,40,primera
datahub-football-data,laliga-2025-2026-2026-02-22-villarreal-valencia,Villarreal,51,segunda
datahub-football-data,laliga-2025-2026-2026-02-22-villarreal-valencia,Valencia,63,segunda
datahub-football-data,laliga-2025-2026-2026-02-23-alaves-girona,Alaves,9,primera
datahub-football-data,laliga-2025-2026-2026-02-23-alaves-girona,Alaves,72,segunda
datahub-football-data,laliga-2025-2026-2026-02-23-alaves-girona,Girona,81,segunda
datahub-football-data,laliga-2025-2026-2026-02-23-alaves-girona,Girona,88,segunda
datahub-football-data,laliga-2025-2026-2026-02-27-levante-alaves,Levante,7,primera
datahub-football-data,laliga-2025-2026-2026-02-27-levante-alaves,Levante,86,segunda
datahub-football-data,laliga-2025-2026-2026-02-28-barcelona-villarreal,Barcelona,7,primera
datahub-football-data,laliga-2025-2026-2026-02-28-barcelona-villarreal,Barcelona,18,primera
datahub-football-data,laliga-2025-2026-2026-02-28-barcelona-villarreal,Barcelona,30,primera
datahub-football-data,laliga-2025-2026-2026-02-28-barcelona-villarreal,Barcelona,40,primera
datahub-football-data,laliga-2025-2026-2026-02-28-barcelona-villarreal,Villarreal,86,segunda
datahub-football-data,laliga-2025-2026-2026-02-28-mallorca-sociedad,Sociedad,88,segunda
datahub-football-data,laliga-2025-2026-2026-02-28-oviedo-ath-madrid,Ath Madrid,6,primera
datahub-football-data,laliga-2025-2026-2026-02-28-vallecano-ath-bilbao,Vallecano,82,segunda
datahub-football-data,laliga-2025-2026-2026-02-28-vallecano-ath-bilbao,Ath Bilbao,89,segunda
datahub-football-data,laliga-2025-2026-2026-03-01-betis-sevilla,Betis,18,primera
datahub-football-data,laliga-2025-2026-2026-03-01-betis-sevilla,Betis,30,primera
datahub-football-data,laliga-2025-2026-2026-03-01-betis-sevilla,Sevilla,40,primera
datahub-football-data,laliga-2025-2026-2026-03-01-betis-sevilla,Sevilla,51,segunda
datahub-football-data,laliga-2025-2026-2026-03-01-elche-espanol,Elche,7,primera
datahub-football-data,laliga-2025-2026-2026-03-01-elche-espanol,Elche,18,primera
datahub-football-data,laliga-2025-2026-2026-03-01-elche-espanol,Espanol,84,segunda
datahub-football-data,laliga-2025-2026-2026-03-01-elche-espanol,Espanol,86,segunda
datahub-football-data,laliga-2025-2026-2026-03-01-girona-celta,Girona,16,primera
datahub-football-data,laliga-2025-2026-2026-03-01-girona-celta,Celta,28,primera
datahub-football-data,laliga-2025-2026-2026-03-01-girona-celta,Celta,38,primera
datahub-football-data,laliga-2025-2026-2026-03-01-valencia-osasuna,Valencia,16,primera
datahub-football-data,laliga-2025-2026-2026-03-02-real-madrid-getafe,Getafe,29,primera
datahub-football-data,laliga-2025-2026-2026-03-04-vallecano-oviedo,Vallecano,36,primera
datahub-football-data,laliga-2025-2026-2026-03-04-vallecano-oviedo,Vallecano,52,segunda
datahub-football-data,laliga-2025-2026-2026-03-04-vallecano-oviedo,Vallecano,64,segunda
datahub-football-data,laliga-2025-2026-2026-03-06-celta-real-madrid,Celta,10,primera
datahub-football-data,laliga-2025-2026-2026-03-06-celta-real-madrid,Real Madrid,82,segunda
datahub-football-data,laliga-2025-2026-2026-03-06-celta-real-madrid,Real Madrid,89,segunda
datahub-football-data,laliga-2025-2026-2026-03-07-ath-bilbao-barcelona,Barcelona,63,segunda
datahub-football-data,laliga-2025-2026-2026-03-07-ath-madrid-sociedad,Ath Madrid,51,segunda
datahub-football-data,laliga-2025-2026-2026-03-07-ath-madrid-sociedad,Ath Madrid,63,segunda
datahub-football-data,laliga-2025-2026-2026-03-07-ath-madrid-sociedad,Ath Madrid,74,segunda
datahub-football-data,laliga-2025-2026-2026-03-07-ath-madrid-sociedad,Sociedad,83,segunda
datahub-football-data,laliga-2025-2026-2026-03-07-ath-madrid-sociedad,Sociedad,90,segunda
datahub-football-data,laliga-2025-2026-2026-03-07-levante-girona,Levante,6,primera
datahub-football-data,laliga-2025-2026-2026-03-07-levante-girona,Girona,90,segunda
datahub-football-data,laliga-2025-2026-2026-03-07-osasuna-mallorca,Osasuna,30,primera
datahub-football-data,laliga-2025-2026-2026-03-07-osasuna-mallorca,Osasuna,40,primera
datahub-football-data,laliga-2025-2026-2026-03-07-osasuna-mallorca,Mallorca,51,segunda
datahub-football-data,laliga-2025-2026-2026-03-07-osasuna-mallorca,Mallorca,63,segunda
datahub-football-data,laliga-2025-2026-2026-03-08-getafe-betis,Getafe,6,primera
datahub-football-data,laliga-2025-2026-2026-03-08-getafe-betis,Getafe,90,segunda
datahub-football-data,laliga-2025-2026-2026-03-08-sevilla-vallecano,Sevilla,40,primera
datahub-football-data,laliga-2025-2026-2026-03-08-sevilla-vallecano,Vallecano,51,segunda
datahub-football-data,laliga-2025-2026-2026-03-08-valencia-alaves,Valencia,30,primera
datahub-football-data,laliga-2025-2026-2026-03-08-valencia-alaves,Valencia,40,primera
datahub-football-data,laliga-2025-2026-2026-03-08-valencia-alaves,Valencia,51,segunda
datahub-football-data,laliga-2025-2026-2026-03-08-valencia-alaves,Alaves,63,segunda
datahub-football-data,laliga-2025-2026-2026-03-08-valencia-alaves,Alaves,74,segunda
datahub-football-data,laliga-2025-2026-2026-03-08-villarreal-elche,Villarreal,73,segunda
datahub-football-data,laliga-2025-2026-2026-03-08-villarreal-elche,Villarreal,82,segunda
datahub-football-data,laliga-2025-2026-2026-03-08-villarreal-elche,Elche,89,segunda
datahub-football-data,laliga-2025-2026-2026-03-09-espanol-oviedo,Espanol,6,primera
datahub-football-data,laliga-2025-2026-2026-03-09-espanol-oviedo,Oviedo,90,segunda
datahub-football-data,laliga-2025-2026-2026-03-13-alaves-villarreal,Alaves,9,primera
datahub-football-data,laliga-2025-2026-2026-03-13-alaves-villarreal,Villarreal,20,primera
datahub-football-data,laliga-2025-2026-2026-03-14-ath-madrid-getafe,Ath Madrid,31,primera
datahub-football-data,laliga-2025-2026-2026-03-14-girona-ath-bilbao,Girona,30,primera
datahub-football-data,laliga-2025-2026-2026-03-14-girona-ath-bilbao,Girona,40,primera
datahub-football-data,laliga-2025-2026-2026-03-14-girona-ath-bilbao,Girona,51,segunda
datahub-football-data,laliga-2025-2026-2026-03-14-oviedo-valencia,Oviedo,51,segunda
datahub-football-data,laliga-2025-2026-2026-03-14-real-madrid-elche,Real Madrid,9,primera
datahub-football-data,laliga-2025-2026-2026-03-14-real-madrid-elche,Real Madrid,20,primera
datahub-football-data,laliga-2025-2026-2026-03-14-real-madrid-elche,Real Madrid,27,primera
datahub-football-data,laliga-2025-2026-2026-03-14-real-madrid-elche,Real Madrid,37,primera
datahub-football-data,laliga-2025-2026-2026-03-14-real-madrid-elche,Elche,88,segunda
datahub-football-data,laliga-2025-2026-2026-03-15-barcelona-sevilla,Barcelona,7,primera
datahub-football-data,laliga-2025-2026-2026-03-15-barcelona-sevilla,Barcelona,18,primera
datahub-football-data,laliga-2025-2026-2026-03-15-barcelona-sevilla,Barcelona,52,segunda
datahub-football-data,laliga-2025-2026-2026-03-15-barcelona-sevilla,Barcelona,64,segunda
datahub-football-data,laliga-2025-2026-2026-03-15-barcelona-sevilla,Barcelona,75,segunda
datahub-football-data,laliga-2025-2026-2026-03-15-barcelona-sevilla,Sevilla,84,segunda
datahub-football-data,laliga-2025-2026-2026-03-15-barcelona-sevilla,Sevilla,86,segunda
datahub-football-data,laliga-2025-2026-2026-03-15-betis-celta,Betis,7,primera
datahub-football-data,laliga-2025-2026-2026-03-15-betis-celta,Celta,86,segunda
datahub-football-data,laliga-2025-2026-2026-03-15-mallorca-espanol,Mallorca,73,segunda
datahub-football-data,laliga-2025-2026-2026-03-15-mallorca-espanol,Mallorca,82,segunda
datahub-football-data,laliga-2025-2026-2026-03-15-mallorca-espanol,Espanol,89,segunda
datahub-football-data,laliga-2025-2026-2026-03-15-sociedad-osasuna,Sociedad,7,primera
datahub-football-data,laliga-2025-2026-2026-03-15-sociedad-osasuna,Sociedad,18,primera
datahub-football-data,laliga-2025-2026-2026-03-15-sociedad-osasuna,Sociedad,30,primera
datahub-football-data,laliga-2025-2026-2026-03-15-sociedad-osasuna,Osasuna,86,segunda
datahub-football-data,laliga-2025-2026-2026-03-16-vallecano-levante,Vallecano,10,primera
datahub-football-data,laliga-2025-2026-2026-03-16-vallecano-levante,Levante,89,segunda
datahub-football-data,laliga-2025-2026-2026-03-20-villarreal-sociedad,Villarreal,27,primera
datahub-football-data,laliga-2025-2026-2026-03-20-villarreal-sociedad,Villarreal,37,primera
datahub-football-data,laliga-2025-2026-2026-03-20-villarreal-sociedad,Villarreal,53,segunda
datahub-football-data,laliga-2025-2026-2026-03-20-villarreal-sociedad,Sociedad,65,segunda
datahub-football-data,laliga-2025-2026-2026-03-21-elche-mallorca,Elche,63,segunda
datahub-football-data,laliga-2025-2026-2026-03-21-elche-mallorca,Elche,74,segunda
datahub-football-data,laliga-2025-2026-2026-03-21-elche-mallorca,Mallorca,83,segunda
datahub-football-data,laliga-2025-2026-2026-03-21-espanol-getafe,Espanol,37,primera
datahub-football-data,laliga-2025-2026-2026-03-21-espanol-getafe,Getafe,53,segunda
datahub-football-data,laliga-2025-2026-2026-03-21-espanol-getafe,Getafe,65,segunda
datahub-football-data,laliga-2025-2026-2026-03-21-levante-oviedo,Levante,38,primera
datahub-football-data,laliga-2025-2026-2026-03-21-levante-oviedo,Levante,54,segunda
datahub-football-data,laliga-2025-2026-2026-03-21-levante-oviedo,Levante,66,segunda
datahub-football-data,laliga-2025-2026-2026-03-21-levante-oviedo,Levante,72,segunda
datahub-football-data,laliga-2025-2026-2026-03-21-levante-oviedo,Oviedo,81,segunda
datahub-football-data,laliga-2025-2026-2026-03-21-levante-oviedo,Oviedo,88,segunda
datahub-football-data,laliga-2025-2026-2026-03-21-osasuna-girona,Osasuna,63,segunda
datahub-football-data,laliga-2025-2026-2026-03-21-sevilla-valencia,Valencia,38,primera
datahub-football-data,laliga-2025-2026-2026-03-21-sevilla-valencia,Valencia,54,segunda
datahub-football-data,laliga-2025-2026-2026-03-22-ath-bilbao-betis,Ath Bilbao,30,primera
datahub-football-data,laliga-2025-2026-2026-03-22-ath-bilbao-betis,Ath Bilbao,40,primera
datahub-football-data,laliga-2025-2026-2026-03-22-ath-bilbao-betis,Betis,51,segunda
datahub-football-data,laliga-2025-2026-2026-03-22-barcelona-vallecano,Barcelona,80,segunda
datahub-football-data,laliga-2025-2026-2026-03-22-celta-alaves,Celta,8,primera
datahub-football-data,laliga-2025-2026-2026-03-22-celta-alaves,Celta,19,primera
datahub-football-data,laliga-2025-2026-2026-03-22-celta-alaves,Celta,31,primera
datahub-football-data,laliga-2025-2026-2026-03-22-celta-alaves,Alaves,36,primera
datahub-football-data,laliga-2025-2026-2026-03-22-celta-alaves,Alaves,52,segunda
datahub-football-data,laliga-2025-2026-2026-03-22-celta-alaves,Alaves,80,segunda
datahub-football-data,laliga-2025-2026-2026-03-22-celta-alaves,Alaves,87,segunda
datahub-football-data,laliga-2025-2026-2026-03-22-real-madrid-ath-madrid,Real Madrid,6,primera
datahub-football-data,laliga-2025-2026-2026-03-22-real-madrid-ath-madrid,Real Madrid,63,segunda
datahub-football-data,laliga-2025-2026-2026-03-22-real-madrid-ath-madrid,Real Madrid,74,segunda
datahub-football-data,laliga-2025-2026-2026-03-22-real-madrid-ath-madrid,Ath Madrid,83,segunda
datahub-football-data,laliga-2025-2026-2026-03-22-real-madrid-ath-madrid,Ath Madrid,90,segunda
datahub-football-data,laliga-2025-2026-2026-04-03-vallecano-elche,Vallecano,87,segunda
datahub-football-data,laliga-2025-2026-2026-04-04-ath-madrid-barcelona,Ath Madrid,36,primera
datahub-football-data,laliga-2025-2026-2026-04-04-ath-madrid-barcelona,Barcelona,52,segunda
datahub-football-data,laliga-2025-2026-2026-04-04-ath-madrid-barcelona,Barcelona,64,segunda
datahub-football-data,laliga-2025-2026-2026-04-04-mallorca-real-madrid,Mallorca,40,primera
datahub-football-data,laliga-2025-2026-2026-04-04-mallorca-real-madrid,Mallorca,51,segunda
datahub-football-data,laliga-2025-2026-2026-04-04-mallorca-real-madrid,Real Madrid,63,segunda
datahub-football-data,laliga-2025-2026-2026-04-04-sociedad-levante,Sociedad,51,segunda
datahub-football-data,laliga-2025-2026-2026-04-04-sociedad-levante,Sociedad,63,segunda
datahub-football-data,laliga-2025-2026-2026-04-05-alaves-osasuna,Alaves,9,primera
datahub-football-data,laliga-2025-2026-2026-04-05-alaves-osasuna,Alaves,20,primera
datahub-football-data,laliga-2025-2026-2026-04-05-alaves-osasuna,Osasuna,27,primera
datahub-football-data,laliga-2025-2026-2026-04-05-alaves-osasuna,Osasuna,88,segunda
datahub-football-data,laliga-2025-2026-2026-04-05-getafe-ath-bilbao,Getafe,53,segunda
datahub-football-data,laliga-2025-2026-2026-04-05-getafe-ath-bilbao,Getafe,65,segunda
datahub-football-data,laliga-2025-2026-2026-04-05-oviedo-sevilla,Oviedo,87,segunda
datahub-football-data,laliga-2025-2026-2026-04-05-valencia-celta,Valencia,36,primera
datahub-football-data,laliga-2025-2026-2026-04-05-valencia-celta,Valencia,52,segunda
datahub-football-data,laliga-2025-2026-2026-04-05-valencia-celta,Celta,64,segunda
datahub-football-data,laliga-2025-2026-2026-04-05-valencia-celta,Celta,75,segunda
datahub-football-data,laliga-2025-2026-2026-04-05-valencia-celta,Celta,84,segunda
datahub-football-data,laliga-2025-2026-2026-04-06-girona-villarreal,Girona,74,segunda
datahub-football-data,laliga-2025-2026-2026-04-10-real-madrid-girona,Real Madrid,74,segunda
datahub-football-data,laliga-2025-2026-2026-04-10-real-madrid-girona,Girona,83,segunda
datahub-football-data,laliga-2025-2026-2026-04-11-barcelona-espanol,Barcelona,6,primera
datahub-football-data,laliga-2025-2026-2026-04-11-barcelona-espanol,Barcelona,17,primera
datahub-football-data,laliga-2025-2026-2026-04-11-barcelona-espanol,Barcelona,29,primera
datahub-football-data,laliga-2025-2026-2026-04-11-barcelona-espanol,Barcelona,39,primera
datahub-football-data,laliga-2025-2026-2026-04-11-barcelona-espanol,Espanol,55,segunda
datahub-football-data,laliga-2025-2026-2026-04-11-elche-valencia,Elche,10,primera
datahub-football-data,laliga-2025-2026-2026-04-11-sevilla-ath-madrid,Sevilla,7,primera
datahub-football-data,laliga-2025-2026-2026-04-11-sevilla-ath-madrid,Sevilla,18,primera
datahub-football-data,laliga-2025-2026-2026-04-11-sevilla-ath-madrid,Ath Madrid,86,segunda
datahub-football-data,laliga-2025-2026-2026-04-11-sociedad-alaves,Sociedad,29,primera
datahub-football-data,laliga-2025-2026-2026-04-11-sociedad-alaves,Sociedad,39,primera
datahub-football-data,laliga-2025-2026-2026-04-11-sociedad-alaves,Sociedad,55,segunda
datahub-football-data,laliga-2025-2026-2026-04-11-sociedad-alaves,Alaves,62,segunda
datahub-football-data,laliga-2025-2026-2026-04-11-sociedad-alaves,Alaves,73,segunda
datahub-football-data,laliga-2025-2026-2026-04-11-sociedad-alaves,Alaves,82,segunda
datahub-football-data,laliga-2025-2026-2026-04-12-ath-bilbao-villarreal,Ath Bilbao,63,segunda
datahub-football-data,laliga-2025-2026-2026-04-12-ath-bilbao-villarreal,Villarreal,74,segunda
datahub-football-data,laliga-2025-2026-2026-04-12-ath-bilbao-villarreal,Villarreal,83,segunda
datahub-football-data,laliga-2025-2026-2026-04-12-celta-oviedo,Oviedo,6,primera
datahub-football-data,laliga-2025-2026-2026-04-12-celta-oviedo,Oviedo,17,primera
datahub-football-data,laliga-2025-2026-2026-04-12-celta-oviedo,Oviedo,29,primera
datahub-football-data,laliga-2025-2026-2026-04-12-mallorca-vallecano,Mallorca,7,primera
datahub-football-data,laliga-2025-2026-2026-04-12-mallorca-vallecano,Mallorca,18,primera
datahub-football-data,laliga-2025-2026-2026-04-12-mallorca-vallecano,Mallorca,86,segunda
datahub-football-data,laliga-2025-2026-2026-04-12-osasuna-betis,Osasuna,16,primera
datahub-football-data,laliga-2025-2026-2026-04-12-osasuna-betis,Betis,28,primera
datahub-football-data,laliga-2025-2026-2026-04-13-levante-getafe,Levante,6,primera
datahub-football-data,laliga-2025-2026-2026-04-21-ath-bilbao-osasuna,Ath Bilbao,73,segunda
datahub-football-data,laliga-2025-2026-2026-04-21-girona-betis,Girona,10,primera
datahub-football-data,laliga-2025-2026-2026-04-21-girona-betis,Girona,62,segunda
datahub-football-data,laliga-2025-2026-2026-04-21-girona-betis,Betis,73,segunda
datahub-football-data,laliga-2025-2026-2026-04-21-girona-betis,Betis,82,segunda
datahub-football-data,laliga-2025-2026-2026-04-21-girona-betis,Betis,89,segunda
datahub-football-data,laliga-2025-2026-2026-04-21-mallorca-valencia,Mallorca,64,segunda
datahub-football-data,laliga-2025-2026-2026-04-21-mallorca-valencia,Valencia,75,segunda
datahub-football-data,laliga-2025-2026-2026-04-21-real-madrid-alaves,Real Madrid,27,primera
datahub-football-data,laliga-2025-2026-2026-04-21-real-madrid-alaves,Real Madrid,37,primera
datahub-football-data,laliga-2025-2026-2026-04-21-real-madrid-alaves,Alaves,53,segunda
datahub-football-data,laliga-2025-2026-2026-04-22-barcelona-celta,Barcelona,81,segunda
datahub-football-data,laliga-2025-2026-2026-04-22-elche-ath-madrid,Elche,8,primera
datahub-football-data,laliga-2025-2026-2026-04-22-elche-ath-madrid,Elche,19,primera
datahub-football-data,laliga-2025-2026-2026-04-22-elche-ath-madrid,Elche,76,segunda
datahub-football-data,laliga-2025-2026-2026-04-22-elche-ath-madrid,Ath Madrid,80,segunda
datahub-football-data,laliga-2025-2026-2026-04-22-elche-ath-madrid,Ath Madrid,87,segunda
datahub-football-data,laliga-2025-2026-2026-04-22-sociedad-getafe,Getafe,89,segunda
datahub-football-data,laliga-2025-2026-2026-04-23-levante-sevilla,Levante,51,segunda
datahub-football-data,laliga-2025-2026-2026-04-23-levante-sevilla,Levante,63,segunda
datahub-football-data,laliga-2025-2026-2026-04-23-oviedo-villarreal,Oviedo,8,primera
datahub-football-data,laliga-2025-2026-2026-04-23-oviedo-villarreal,Villarreal,19,primera
datahub-football-data,laliga-2025-2026-2026-04-23-vallecano-espanol,Vallecano,72,segunda
datahub-football-data,laliga-2025-2026-2026-04-24-betis-real-madrid,Betis,8,primera
datahub-football-data,laliga-2025-2026-2026-04-24-betis-real-madrid,Real Madrid,87,segunda
datahub-football-data,laliga-2025-2026-2026-04-25-alaves-mallorca,Alaves,31,primera
datahub-football-data,laliga-2025-2026-2026-04-25-alaves-mallorca,Alaves,36,primera
datahub-football-data,laliga-2025-2026-2026-04-25-alaves-mallorca,Mallorca,52,segunda
datahub-football-data,laliga-2025-2026-2026-04-25-ath-madrid-ath-bilbao,Ath Madrid,52,segunda
datahub-football-data,laliga-2025-2026-2026-04-25-ath-madrid-ath-bilbao,Ath Madrid,64,segunda
datahub-football-data,laliga-2025-2026-2026-04-25-ath-madrid-ath-bilbao,Ath Madrid,75,segunda
datahub-football-data,laliga-2025-2026-2026-04-25-ath-madrid-ath-bilbao,Ath Bilbao,84,segunda
datahub-football-data,laliga-2025-2026-2026-04-25-ath-madrid-ath-bilbao,Ath Bilbao,86,segunda
datahub-football-data,laliga-2025-2026-2026-04-25-getafe-barcelona,Barcelona,81,segunda
datahub-football-data,laliga-2025-2026-2026-04-25-getafe-barcelona,Barcelona,88,segunda
datahub-football-data,laliga-2025-2026-2026-04-25-valencia-girona,Valencia,64,segunda
datahub-football-data,laliga-2025-2026-2026-04-25-valencia-girona,Valencia,75,segunda
datahub-football-data,laliga-2025-2026-2026-04-25-valencia-girona,Girona,84,segunda
datahub-football-data,laliga-2025-2026-2026-04-26-osasuna-sevilla,Osasuna,10,primera
datahub-football-data,laliga-2025-2026-2026-04-26-osasuna-sevilla,Osasuna,16,primera
datahub-football-data,laliga-2025-2026-2026-04-26-osasuna-sevilla,Sevilla,28,primera
datahub-football-data,laliga-2025-2026-2026-04-26-oviedo-elche,Oviedo,66,segunda
datahub-football-data,laliga-2025-2026-2026-04-26-oviedo-elche,Elche,72,segunda
datahub-football-data,laliga-2025-2026-2026-04-26-oviedo-elche,Elche,81,segunda
datahub-football-data,laliga-2025-2026-2026-04-26-vallecano-sociedad,Vallecano,27,primera
datahub-football-data,laliga-2025-2026-2026-04-26-vallecano-sociedad,Vallecano,37,primera
datahub-football-data,laliga-2025-2026-2026-04-26-vallecano-sociedad,Vallecano,53,segunda
datahub-football-data,laliga-2025-2026-2026-04-26-vallecano-sociedad,Sociedad,65,segunda
datahub-football-data,laliga-2025-2026-2026-04-26-vallecano-sociedad,Sociedad,76,segunda
datahub-football-data,laliga-2025-2026-2026-04-26-vallecano-sociedad,Sociedad,80,segunda
datahub-football-data,laliga-2025-2026-2026-04-26-villarreal-celta,Villarreal,7,primera
datahub-football-data,laliga-2025-2026-2026-04-26-villarreal-celta,Villarreal,84,segunda
datahub-football-data,laliga-2025-2026-2026-04-26-villarreal-celta,Celta,86,segunda
datahub-football-data,laliga-2025-2026-2026-05-01-girona-mallorca,Mallorca,52,segunda
datahub-football-data,laliga-2025-2026-2026-05-02-alaves-ath-bilbao,Alaves,9,primera
datahub-football-data,laliga-2025-2026-2026-05-02-alaves-ath-bilbao,Alaves,54,segunda
datahub-football-data,laliga-2025-2026-2026-05-02-alaves-ath-bilbao,Ath Bilbao,66,segunda
datahub-football-data,laliga-2025-2026-2026-05-02-alaves-ath-bilbao,Ath Bilbao,72,segunda
datahub-football-data,laliga-2025-2026-2026-05-02-alaves-ath-bilbao,Ath Bilbao,81,segunda
datahub-football-data,laliga-2025-2026-2026-05-02-alaves-ath-bilbao,Ath Bilbao,88,segunda
datahub-football-data,laliga-2025-2026-2026-05-02-osasuna-barcelona,Osasuna,6,primera
datahub-football-data,laliga-2025-2026-2026-05-02-osasuna-barcelona,Barcelona,17,primera
datahub-football-data,laliga-2025-2026-2026-05-02-osasuna-barcelona,Barcelona,90,segunda
datahub-football-data,laliga-2025-2026-2026-05-02-valencia-ath-madrid,Ath Madrid,8,primera
datahub-football-data,laliga-2025-2026-2026-05-02-valencia-ath-madrid,Ath Madrid,19,primera
datahub-football-data,laliga-2025-2026-2026-05-02-villarreal-levante,Villarreal,16,primera
datahub-football-data,laliga-2025-2026-2026-05-02-villarreal-levante,Villarreal,28,primera
datahub-football-data,laliga-2025-2026-2026-05-02-villarreal-levante,Villarreal,38,primera
datahub-football-data,laliga-2025-2026-2026-05-02-villarreal-levante,Villarreal,54,segunda
datahub-football-data,laliga-2025-2026-2026-05-02-villarreal-levante,Villarreal,66,segunda
datahub-football-data,laliga-2025-2026-2026-05-02-villarreal-levante,Levante,72,segunda
datahub-football-data,laliga-2025-2026-2026-05-03-betis-oviedo,Betis,9,primera
datahub-football-data,laliga-2025-2026-2026-05-03-betis-oviedo,Betis,20,primera
datahub-football-data,laliga-2025-2026-2026-05-03-betis-oviedo,Betis,88,segunda
datahub-football-data,laliga-2025-2026-2026-05-03-celta-elche,Celta,16,primera
datahub-football-data,laliga-2025-2026-2026-05-03-celta-elche,Celta,28,primera
datahub-football-data,laliga-2025-2026-2026-05-03-celta-elche,Celta,38,primera
datahub-football-data,laliga-2025-2026-2026-05-03-celta-elche,Elche,54,segunda
datahub-football-data,laliga-2025-2026-2026-05-03-espanol-real-madrid,Real Madrid,76,segunda
datahub-football-data,laliga-2025-2026-2026-05-03-espanol-real-madrid,Real Madrid,80,segunda
datahub-football-data,laliga-2025-2026-2026-05-03-getafe-vallecano,Vallecano,6,primera
datahub-football-data,laliga-2025-2026-2026-05-03-getafe-vallecano,Vallecano,17,primera
datahub-football-data,laliga-2025-2026-2026-05-04-sevilla-sociedad,Sevilla,51,segunda
datahub-football-data,laliga-2025-2026-2026-05-08-levante-osasuna,Levante,6,primera
datahub-football-data,laliga-2025-2026-2026-05-08-levante-osasuna,Levante,17,primera
datahub-football-data,laliga-2025-2026-2026-05-08-levante-osasuna,Levante,29,primera
datahub-football-data,laliga-2025-2026-2026-05-08-levante-osasuna,Osasuna,39,primera
datahub-football-data,laliga-2025-2026-2026-05-08-levante-osasuna,Osasuna,55,segunda
datahub-football-data,laliga-2025-2026-2026-05-09-ath-madrid-celta,Celta,51,segunda
datahub-football-data,laliga-2025-2026-2026-05-09-elche-alaves,Elche,29,primera
datahub-football-data,laliga-2025-2026-2026-05-09-elche-alaves,Alaves,39,primera
datahub-football-data,laliga-2025-2026-2026-05-09-sevilla-espanol,Sevilla,54,segunda
datahub-football-data,laliga-2025-2026-2026-05-09-sevilla-espanol,Sevilla,66,segunda
datahub-football-data,laliga-2025-2026-2026-05-09-sevilla-espanol,Espanol,72,segunda
datahub-football-data,laliga-2025-2026-2026-05-09-sociedad-betis,Sociedad,19,primera
datahub-football-data,laliga-2025-2026-2026-05-09-sociedad-betis,Sociedad,31,primera
datahub-football-data,laliga-2025-2026-2026-05-09-sociedad-betis,Betis,36,primera
datahub-football-data,laliga-2025-2026-2026-05-09-sociedad-betis,Betis,52,segunda
datahub-football-data,laliga-2025-2026-2026-05-10-ath-bilbao-valencia,Valencia,31,primera
datahub-football-data,laliga-2025-2026-2026-05-10-barcelona-real-madrid,Barcelona,72,segunda
datahub-football-data,laliga-2025-2026-2026-05-10-barcelona-real-madrid,Barcelona,81,segunda
datahub-football-data,laliga-2025-2026-2026-05-10-mallorca-villarreal,Mallorca,28,primera
datahub-football-data,laliga-2025-2026-2026-05-10-mallorca-villarreal,Villarreal,38,primera
datahub-football-data,laliga-2025-2026-2026-05-11-vallecano-girona,Vallecano,17,primera
datahub-football-data,laliga-2025-2026-2026-05-11-vallecano-girona,Girona,29,primera
datahub-football-data,laliga-2025-2026-2026-05-12-betis-elche,Betis,55,segunda
datahub-football-data,laliga-2025-2026-2026-05-12-betis-elche,Betis,62,segunda
datahub-football-data,laliga-2025-2026-2026-05-12-betis-elche,Elche,73,segunda
datahub-football-data,laliga-2025-2026-2026-05-12-celta-levante,Celta,36,primera
datahub-football-data,laliga-2025-2026-2026-05-12-celta-levante,Celta,52,segunda
datahub-football-data,laliga-2025-2026-2026-05-12-celta-levante,Levante,64,segunda
datahub-football-data,laliga-2025-2026-2026-05-12-celta-levante,Levante,75,segunda
datahub-football-data,laliga-2025-2026-2026-05-12-celta-levante,Levante,84,segunda
datahub-football-data,laliga-2025-2026-2026-05-12-osasuna-ath-madrid,Osasuna,38,primera
datahub-football-data,laliga-2025-2026-2026-05-12-osasuna-ath-madrid,Ath Madrid,54,segunda
datahub-football-data,laliga-2025-2026-2026-05-12-osasuna-ath-madrid,Ath Madrid,66,segunda
datahub-football-data,laliga-2025-2026-2026-05-13-alaves-barcelona,Alaves,63,segunda
datahub-football-data,laliga-2025-2026-2026-05-13-espanol-ath-bilbao,Espanol,75,segunda
datahub-football-data,laliga-2025-2026-2026-05-13-espanol-ath-bilbao,Espanol,84,segunda
datahub-football-data,laliga-2025-2026-2026-05-13-getafe-mallorca,Getafe,54,segunda
datahub-football-data,laliga-2025-2026-2026-05-13-getafe-mallorca,Getafe,66,segunda
datahub-football-data,laliga-2025-2026-2026-05-13-getafe-mallorca,Getafe,72,segunda
datahub-football-data,laliga-2025-2026-2026-05-13-getafe-mallorca,Mallorca,81,segunda
datahub-football-data,laliga-2025-2026-2026-05-13-villarreal-sevilla,Villarreal,54,segunda
datahub-football-data,laliga-2025-2026-2026-05-13-villarreal-sevilla,Villarreal,66,segunda
datahub-football-data,laliga-2025-2026-2026-05-13-villarreal-sevilla,Sevilla,72,segunda
datahub-football-data,laliga-2025-2026-2026-05-13-villarreal-sevilla,Sevilla,81,segunda
datahub-football-data,laliga-2025-2026-2026-05-13-villarreal-sevilla,Sevilla,88,segunda
datahub-football-data,laliga-2025-2026-2026-05-14-girona-sociedad,Girona,20,primera
datahub-football-data,laliga-2025-2026-2026-05-14-girona-sociedad,Sociedad,27,primera
datahub-football-data,laliga-2025-2026-2026-05-14-real-madrid-oviedo,Real Madrid,81,segunda
datahub-football-data,laliga-2025-2026-2026-05-14-real-madrid-oviedo,Real Madrid,88,segunda
datahub-football-data,laliga-2025-2026-2026-05-14-valencia-vallecano,Valencia,19,primera
datahub-football-data,laliga-2025-2026-2026-05-14-valencia-vallecano,Vallecano,31,primera
datahub-football-data,laliga-2025-2026-2026-05-17-ath-bilbao-celta,Ath Bilbao,64,segunda
datahub-football-data,laliga-2025-2026-2026-05-17-ath-bilbao-celta,Celta,75,segunda
datahub-football-data,laliga-2025-2026-2026-05-17-ath-madrid-girona,Ath Madrid,29,primera
datahub-football-data,laliga-2025-2026-2026-05-17-barcelona-betis,Barcelona,17,primera
datahub-football-data,laliga-2025-2026-2026-05-17-barcelona-betis,Barcelona,29,primera
datahub-football-data,laliga-2025-2026-2026-05-17-barcelona-betis,Barcelona,39,primera
datahub-football-data,laliga-2025-2026-2026-05-17-barcelona-betis,Betis,55,segunda
datahub-football-data,laliga-2025-2026-2026-05-17-elche-getafe,Elche,63,segunda
datahub-football-data,laliga-2025-2026-2026-05-17-levante-mallorca,Levante,7,primera
datahub-football-data,laliga-2025-2026-2026-05-17-levante-mallorca,Levante,86,segunda
datahub-football-data,laliga-2025-2026-2026-05-17-osasuna-espanol,Osasuna,6,primera
datahub-football-data,laliga-2025-2026-2026-05-17-osasuna-espanol,Espanol,17,primera
datahub-football-data,laliga-2025-2026-2026-05-17-osasuna-espanol,Espanol,29,primera
datahub-football-data,laliga-2025-2026-2026-05-17-oviedo-alaves,Alaves,87,segunda
datahub-football-data,laliga-2025-2026-2026-05-17-sevilla-real-madrid,Real Madrid,81,segunda
datahub-football-data,laliga-2025-2026-2026-05-17-sociedad-valencia,Sociedad,9,primera
datahub-football-data,laliga-2025-2026-2026-05-17-sociedad-valencia,Sociedad,20,primera
datahub-football-data,laliga-2025-2026-2026-05-17-sociedad-valencia,Sociedad,54,segunda
datahub-football-data,laliga-2025-2026-2026-05-17-sociedad-valencia,Valencia,66,segunda
datahub-football-data,laliga-2025-2026-2026-05-17-sociedad-valencia,Valencia,72,segunda
datahub-football-data,laliga-2025-2026-2026-05-17-sociedad-valencia,Valencia,81,segunda
datahub-football-data,laliga-2025-2026-2026-05-17-sociedad-valencia,Valencia,88,segunda
datahub-football-data,laliga-2025-2026-2026-05-17-vallecano-villarreal,Vallecano,62,segunda
datahub-football-data,laliga-2025-2026-2026-05-17-vallecano-villarreal,Vallecano,73,segunda
datahub-football-data,laliga-2025-2026-2026-05-23-alaves-vallecano,Alaves,30,primera
datahub-football-data,laliga-2025-2026-2026-05-23-alaves-vallecano,Vallecano,40,primera
datahub-football-data,laliga-2025-2026-2026-05-23-alaves-vallecano,Vallecano,51,segunda
datahub-football-data,laliga-2025-2026-2026-05-23-betis-levante,Betis,38,primera
datahub-football-data,laliga-2025-2026-2026-05-23-betis-levante,Betis,54,segunda
datahub-football-data,laliga-2025-2026-2026-05-23-betis-levante,Levante,66,segunda
datahub-football-data,laliga-2025-2026-2026-05-23-celta-sevilla,Celta,37,primera
datahub-football-data,laliga-2025-2026-2026-05-23-espanol-sociedad,Espanol,9,primera
datahub-football-data,laliga-2025-2026-2026-05-23-espanol-sociedad,Sociedad,20,primera
datahub-football-data,laliga-2025-2026-2026-05-23-getafe-osasuna,Getafe,87,segunda
datahub-football-data,laliga-2025-2026-2026-05-23-girona-elche,Girona,82,segunda
datahub-football-data,laliga-2025-2026-2026-05-23-girona-elche,Elche,89,segunda
datahub-football-data,laliga-2025-2026-2026-05-23-mallorca-oviedo,Mallorca,6,primera
datahub-football-data,laliga-2025-2026-2026-05-23-mallorca-oviedo,Mallorca,83,segunda
datahub-football-data,laliga-2025-2026-2026-05-23-mallorca-oviedo,Mallorca,90,segunda
datahub-football-data,laliga-2025-2026-2026-05-23-real-madrid-ath-bilbao,Real Madrid,8,primera
datahub-football-data,laliga-2025-2026-2026-05-23-real-madrid-ath-bilbao,Real Madrid,53,segunda
datahub-football-data,laliga-2025-2026-2026-05-23-real-madrid-ath-bilbao,Real Madrid,65,segunda
datahub-football-data,laliga-2025-2026-2026-05-23-real-madrid-ath-bilbao,Real Madrid,76,segunda
datahub-football-data,laliga-2025-2026-2026-05-23-real-madrid-ath-bilbao,Ath Bilbao,80,segunda
datahub-football-data,laliga-2025-2026-2026-05-23-real-madrid-ath-bilbao,Ath Bilbao,87,segunda
datahub-football-data,laliga-2025-2026-2026-05-23-valencia-barcelona,Valencia,52,segunda
datahub-football-data,laliga-2025-2026-2026-05-23-valencia-barcelona,Valencia,64,segunda
datahub-football-data,laliga-2025-2026-2026-05-23-valencia-barcelona,Valencia,75,segunda
datahub-football-data,laliga-2025-2026-2026-05-23-valencia-barcelona,Barcelona,84,segunda
datahub-football-data,laliga-2025-2026-2026-05-24-villarreal-ath-madrid,Villarreal,8,primera
datahub-football-data,laliga-2025-2026-2026-05-24-villarreal-ath-madrid,Villarreal,19,primera
datahub-football-data,laliga-2025-2026-2026-05-24-villarreal-ath-madrid,Villarreal,31,primera
datahub-football-data,laliga-2025-2026-2026-05-24-villarreal-ath-madrid,Villarreal,36,primera
datahub-football-data,laliga-2025-2026-2026-05-24-villarreal-ath-madrid,Villarreal,52,segunda
datahub-football-data,laliga-2025-2026-2026-05-24-villarreal-ath-madrid,Ath Madrid,87,segunda
